[0.000000] (-) TimerEvent: {}
[0.001232] (ros2_orbslam3) JobQueued: {'identifier': 'ros2_orbslam3', 'dependencies': OrderedDict()}
[0.001343] (ros2_orbslam3) JobStarted: {'identifier': 'ros2_orbslam3'}
[0.016715] (ros2_orbslam3) JobProgress: {'identifier': 'ros2_orbslam3', 'progress': 'cmake'}
[0.017747] (ros2_orbslam3) JobProgress: {'identifier': 'ros2_orbslam3', 'progress': 'build'}
[0.019119] (ros2_orbslam3) Command: {'cmd': ['/usr/bin/cmake', '--build', '/home/henrique/ws_visao/kinect-orbslam-ws/build/ros2_orbslam3', '--', '-j8', '-l8'], 'cwd': '/home/henrique/ws_visao/kinect-orbslam-ws/build/ros2_orbslam3', 'env': OrderedDict([('LESSOPEN', '| /usr/bin/lesspipe %s'), ('LANGUAGE', 'en_US:en'), ('USER', 'henrique'), ('LC_TIME', 'pt_BR.UTF-8'), ('XDG_SESSION_TYPE', 'wayland'), ('SHLVL', '1'), ('LD_LIBRARY_PATH', '/home/henrique/ws_drone/keyboard-control-ros-sim/install/px4_ros_com/lib:/home/henrique/ws_drone/keyboard-control-ros-sim/install/px4_msgs/lib:/opt/ros/humble/opt/rviz_ogre_vendor/lib:/opt/ros/humble/lib/x86_64-linux-gnu:/opt/ros/humble/lib'), ('HOME', '/home/henrique'), ('OLDPWD', '/home/henrique/ws_visao'), ('DESKTOP_SESSION', 'ubuntu'), ('ROS_PYTHON_VERSION', '3'), ('GNOME_SHELL_SESSION_MODE', 'ubuntu'), ('GTK_MODULES', 'gail:atk-bridge'), ('LC_MONETARY', 'pt_BR.UTF-8'), ('LC_CTYPE', 'pt_BR.UTF-8'), ('SYSTEMD_EXEC_PID', '1789'), ('DBUS_SESSION_BUS_ADDRESS', 'unix:path=/run/user/1000/bus'), ('COLORTERM', 'truecolor'), ('PICO_TOOLCHAIN_PATH', '...'), ('IM_CONFIG_PHASE', '1'), ('WAYLAND_DISPLAY', 'wayland-0'), ('COLCON_PREFIX_PATH', '/home/henrique/ws_drone/keyboard-control-ros-sim/install'), ('ROS_DISTRO', 'humble'), ('LOGNAME', 'henrique'), ('_', '/usr/bin/colcon'), ('ROS_VERSION', '2'), ('XDG_SESSION_CLASS', 'user'), ('USERNAME', 'henrique'), ('TERM', 'xterm-256color'), ('GNOME_DESKTOP_SESSION_ID', 'this-is-deprecated'), ('ROS_LOCALHOST_ONLY', '0'), ('PATH', '/opt/ros/humble/bin:/opt/gcc-arm-none-eabi-9-2020-q2-update/bin:/home/henrique/.local/bin:/usr/local/sbin:/usr/local/bin:/usr/sbin:/usr/bin:/sbin:/bin:/usr/games:/usr/local/games:/snap/bin:/snap/bin'), ('SESSION_MANAGER', 'local/trojam:@/tmp/.ICE-unix/1541,unix/trojam:/tmp/.ICE-unix/1541'), ('PAPERSIZE', 'a4'), ('XDG_MENU_PREFIX', 'gnome-'), ('LC_ADDRESS', 'pt_BR.UTF-8'), ('GNOME_TERMINAL_SCREEN', '/org/gnome/Terminal/screen/f2c24b51_233d_45ed_b4cf_aac20bcde89b'), ('GNOME_SETUP_DISPLAY', ':1'), ('XDG_RUNTIME_DIR', '/run/user/1000'), ('DISPLAY', ':0'), ('LANG', 'en_US.UTF-8'), ('XDG_CURRENT_DESKTOP', 'ubuntu:GNOME'), ('LC_TELEPHONE', 'pt_BR.UTF-8'), ('XMODIFIERS', '@im=ibus'), ('XDG_SESSION_DESKTOP', 'ubuntu'), ('XAUTHORITY', '/run/user/1000/.mutter-Xwaylandauth.56QDA3'), ('LS_COLORS', 'rs=0:di=01;34:ln=01;36:mh=00:pi=40;33:so=01;35:do=01;35:bd=40;33;01:cd=40;33;01:or=40;31;01:mi=00:su=37;41:sg=30;43:ca=30;41:tw=30;42:ow=34;42:st=37;44:ex=01;32:*.tar=01;31:*.tgz=01;31:*.arc=01;31:*.arj=01;31:*.taz=01;31:*.lha=01;31:*.lz4=01;31:*.lzh=01;31:*.lzma=01;31:*.tlz=01;31:*.txz=01;31:*.tzo=01;31:*.t7z=01;31:*.zip=01;31:*.z=01;31:*.dz=01;31:*.gz=01;31:*.lrz=01;31:*.lz=01;31:*.lzo=01;31:*.xz=01;31:*.zst=01;31:*.tzst=01;31:*.bz2=01;31:*.bz=01;31:*.tbz=01;31:*.tbz2=01;31:*.tz=01;31:*.deb=01;31:*.rpm=01;31:*.jar=01;31:*.war=01;31:*.ear=01;31:*.sar=01;31:*.rar=01;31:*.alz=01;31:*.ace=01;31:*.zoo=01;31:*.cpio=01;31:*.7z=01;31:*.rz=01;31:*.cab=01;31:*.wim=01;31:*.swm=01;31:*.dwm=01;31:*.esd=01;31:*.jpg=01;35:*.jpeg=01;35:*.mjpg=01;35:*.mjpeg=01;35:*.gif=01;35:*.bmp=01;35:*.pbm=01;35:*.pgm=01;35:*.ppm=01;35:*.tga=01;35:*.xbm=01;35:*.xpm=01;35:*.tif=01;35:*.tiff=01;35:*.png=01;35:*.svg=01;35:*.svgz=01;35:*.mng=01;35:*.pcx=01;35:*.mov=01;35:*.mpg=01;35:*.mpeg=01;35:*.m2v=01;35:*.mkv=01;35:*.webm=01;35:*.webp=01;35:*.ogm=01;35:*.mp4=01;35:*.m4v=01;35:*.mp4v=01;35:*.vob=01;35:*.qt=01;35:*.nuv=01;35:*.wmv=01;35:*.asf=01;35:*.rm=01;35:*.rmvb=01;35:*.flc=01;35:*.avi=01;35:*.fli=01;35:*.flv=01;35:*.gl=01;35:*.dl=01;35:*.xcf=01;35:*.xwd=01;35:*.yuv=01;35:*.cgm=01;35:*.emf=01;35:*.ogv=01;35:*.ogx=01;35:*.aac=00;36:*.au=00;36:*.flac=00;36:*.m4a=00;36:*.mid=00;36:*.midi=00;36:*.mka=00;36:*.mp3=00;36:*.mpc=00;36:*.ogg=00;36:*.ra=00;36:*.wav=00;36:*.oga=00;36:*.opus=00;36:*.spx=00;36:*.xspf=00;36:'), ('GNOME_TERMINAL_SERVICE', ':1.170'), ('SSH_AGENT_LAUNCHER', 'gnome-keyring'), ('SSH_AUTH_SOCK', '/run/user/1000/keyring/ssh'), ('AMENT_PREFIX_PATH', '/home/henrique/ws_drone/keyboard-control-ros-sim/install/px4_ros_com:/home/henrique/ws_drone/keyboard-control-ros-sim/install/px4_control:/home/henrique/ws_drone/keyboard-control-ros-sim/install/px4_msgs:/opt/ros/humble'), ('SHELL', '/bin/bash'), ('LC_NAME', 'pt_BR.UTF-8'), ('QT_ACCESSIBILITY', '1'), ('GDMSESSION', 'ubuntu'), ('LESSCLOSE', '/usr/bin/lesspipe %s %s'), ('LC_MEASUREMENT', 'pt_BR.UTF-8'), ('LC_IDENTIFICATION', 'pt_BR.UTF-8'), ('QT_IM_MODULE', 'ibus'), ('PWD', '/home/henrique/ws_visao/kinect-orbslam-ws/build/ros2_orbslam3'), ('LC_ALL', 'en_US.UTF-8'), ('XDG_CONFIG_DIRS', '/etc/xdg/xdg-ubuntu:/etc/xdg'), ('PICO_SDK_PATH', '/home/henrique/pico-sdk'), ('XDG_DATA_DIRS', '/usr/share/ubuntu:/usr/local/share/:/usr/share/:/var/lib/snapd/desktop'), ('PYTHONPATH', '/home/henrique/ws_drone/keyboard-control-ros-sim/install/px4_ros_com/local/lib/python3.10/dist-packages:/home/henrique/ws_drone/keyboard-control-ros-sim/install/px4_control/lib/python3.10/site-packages:/home/henrique/ws_drone/keyboard-control-ros-sim/install/px4_msgs/local/lib/python3.10/dist-packages:/opt/ros/humble/lib/python3.10/site-packages:/opt/ros/humble/local/lib/python3.10/dist-packages'), ('LC_NUMERIC', 'pt_BR.UTF-8'), ('LC_PAPER', 'pt_BR.UTF-8'), ('COLCON', '1'), ('VTE_VERSION', '6800'), ('CMAKE_PREFIX_PATH', '/home/henrique/ws_drone/keyboard-control-ros-sim/install/px4_ros_com:/home/henrique/ws_drone/keyboard-control-ros-sim/install/px4_msgs:/home/henrique/ws_drone/keyboard-control-ros-sim/install/px4_control:/opt/ros/humble')]), 'shell': False}
[0.099606] (-) TimerEvent: {}
[0.111376] (ros2_orbslam3) StdoutLine: {'line': b'\x1b[35m\x1b[1mConsolidate compiler generated dependencies of target mono\x1b[0m\n'}
[0.126478] (ros2_orbslam3) StdoutLine: {'line': b'[ 16%] \x1b[32mBuilding CXX object CMakeFiles/rgbd.dir/src/rgbd/rgbd-slam-node.cpp.o\x1b[0m\n'}
[0.132045] (ros2_orbslam3) StdoutLine: {'line': b'[ 33%] \x1b[32mBuilding CXX object CMakeFiles/rgbd.dir/src/rgbd/rgbd.cpp.o\x1b[0m\n'}
[0.175917] (ros2_orbslam3) StdoutLine: {'line': b'[ 83%] Built target mono\n'}
[0.199752] (-) TimerEvent: {}
[0.300179] (-) TimerEvent: {}
[0.400577] (-) TimerEvent: {}
[0.500974] (-) TimerEvent: {}
[0.601387] (-) TimerEvent: {}
[0.701783] (-) TimerEvent: {}
[0.802186] (-) TimerEvent: {}
[0.902594] (-) TimerEvent: {}
[1.003026] (-) TimerEvent: {}
[1.103508] (-) TimerEvent: {}
[1.204024] (-) TimerEvent: {}
[1.304534] (-) TimerEvent: {}
[1.405083] (-) TimerEvent: {}
[1.505595] (-) TimerEvent: {}
[1.606136] (-) TimerEvent: {}
[1.706630] (-) TimerEvent: {}
[1.807127] (-) TimerEvent: {}
[1.907759] (-) TimerEvent: {}
[2.008341] (-) TimerEvent: {}
[2.108952] (-) TimerEvent: {}
[2.209512] (-) TimerEvent: {}
[2.310070] (-) TimerEvent: {}
[2.410642] (-) TimerEvent: {}
[2.511229] (-) TimerEvent: {}
[2.611856] (-) TimerEvent: {}
[2.712460] (-) TimerEvent: {}
[2.813088] (-) TimerEvent: {}
[2.913677] (-) TimerEvent: {}
[3.014226] (-) TimerEvent: {}
[3.114804] (-) TimerEvent: {}
[3.215398] (-) TimerEvent: {}
[3.315960] (-) TimerEvent: {}
[3.416506] (-) TimerEvent: {}
[3.517029] (-) TimerEvent: {}
[3.617577] (-) TimerEvent: {}
[3.718126] (-) TimerEvent: {}
[3.818636] (-) TimerEvent: {}
[3.919175] (-) TimerEvent: {}
[4.019672] (-) TimerEvent: {}
[4.120141] (-) TimerEvent: {}
[4.220622] (-) TimerEvent: {}
[4.321144] (-) TimerEvent: {}
[4.421769] (-) TimerEvent: {}
[4.522280] (-) TimerEvent: {}
[4.622802] (-) TimerEvent: {}
[4.723355] (-) TimerEvent: {}
[4.823823] (-) TimerEvent: {}
[4.924419] (-) TimerEvent: {}
[5.024964] (-) TimerEvent: {}
[5.125520] (-) TimerEvent: {}
[5.226062] (-) TimerEvent: {}
[5.327415] (-) TimerEvent: {}
[5.428412] (-) TimerEvent: {}
[5.531069] (-) TimerEvent: {}
[5.632231] (-) TimerEvent: {}
[5.732750] (-) TimerEvent: {}
[5.833287] (-) TimerEvent: {}
[5.933826] (-) TimerEvent: {}
[6.034387] (-) TimerEvent: {}
[6.134965] (-) TimerEvent: {}
[6.235554] (-) TimerEvent: {}
[6.336256] (-) TimerEvent: {}
[6.436800] (-) TimerEvent: {}
[6.537390] (-) TimerEvent: {}
[6.638003] (-) TimerEvent: {}
[6.738536] (-) TimerEvent: {}
[6.838975] (-) TimerEvent: {}
[6.939563] (-) TimerEvent: {}
[7.039995] (-) TimerEvent: {}
[7.140429] (-) TimerEvent: {}
[7.240832] (-) TimerEvent: {}
[7.341288] (-) TimerEvent: {}
[7.441696] (-) TimerEvent: {}
[7.542112] (-) TimerEvent: {}
[7.642508] (-) TimerEvent: {}
[7.742918] (-) TimerEvent: {}
[7.843321] (-) TimerEvent: {}
[7.943729] (-) TimerEvent: {}
[8.044313] (-) TimerEvent: {}
[8.144835] (-) TimerEvent: {}
[8.245380] (-) TimerEvent: {}
[8.345907] (-) TimerEvent: {}
[8.446588] (-) TimerEvent: {}
[8.547164] (-) TimerEvent: {}
[8.647712] (-) TimerEvent: {}
[8.748261] (-) TimerEvent: {}
[8.848794] (-) TimerEvent: {}
[8.949352] (-) TimerEvent: {}
[9.049909] (-) TimerEvent: {}
[9.150522] (-) TimerEvent: {}
[9.251072] (-) TimerEvent: {}
[9.351569] (-) TimerEvent: {}
[9.452149] (-) TimerEvent: {}
[9.552669] (-) TimerEvent: {}
[9.653217] (-) TimerEvent: {}
[9.753773] (-) TimerEvent: {}
[9.854313] (-) TimerEvent: {}
[9.954770] (-) TimerEvent: {}
[10.055298] (-) TimerEvent: {}
[10.155848] (-) TimerEvent: {}
[10.256402] (-) TimerEvent: {}
[10.356901] (-) TimerEvent: {}
[10.457453] (-) TimerEvent: {}
[10.557998] (-) TimerEvent: {}
[10.560932] (ros2_orbslam3) StderrLine: {'line': b'In file included from \x1b[01m\x1b[K/home/henrique/ORB_SLAM3_Modular/include/Frame.h:30\x1b[m\x1b[K,\n'}
[10.562143] (ros2_orbslam3) StderrLine: {'line': b'                 from \x1b[01m\x1b[K/home/henrique/ORB_SLAM3_Modular/include/KeyFrame.h:28\x1b[m\x1b[K,\n'}
[10.562297] (ros2_orbslam3) StderrLine: {'line': b'                 from \x1b[01m\x1b[K/home/henrique/ORB_SLAM3_Modular/include/MapPoint.h:23\x1b[m\x1b[K,\n'}
[10.562411] (ros2_orbslam3) StderrLine: {'line': b'                 from \x1b[01m\x1b[K/home/henrique/ORB_SLAM3_Modular/include/FrameDrawer.h:24\x1b[m\x1b[K,\n'}
[10.562523] (ros2_orbslam3) StderrLine: {'line': b'                 from \x1b[01m\x1b[K/home/henrique/ORB_SLAM3_Modular/include/Viewer.h:23\x1b[m\x1b[K,\n'}
[10.562631] (ros2_orbslam3) StderrLine: {'line': b'                 from \x1b[01m\x1b[K/home/henrique/ORB_SLAM3_Modular/include/Tracking.h:26\x1b[m\x1b[K,\n'}
[10.562737] (ros2_orbslam3) StderrLine: {'line': b'                 from \x1b[01m\x1b[K/home/henrique/ORB_SLAM3_Modular/include/System.h:31\x1b[m\x1b[K,\n'}
[10.562843] (ros2_orbslam3) StderrLine: {'line': b'                 from \x1b[01m\x1b[K/home/henrique/ws_visao/kinect-orbslam-ws/src/ros2_orbslam3/src/rgbd/rgbd.cpp:16\x1b[m\x1b[K:\n'}
[10.562952] (ros2_orbslam3) StderrLine: {'line': b'\x1b[01m\x1b[K/home/henrique/ORB_SLAM3_Modular/include/ImuTypes.h:\x1b[m\x1b[K In member function \xe2\x80\x98\x1b[01m\x1b[Kvoid ORB_SLAM3::IMU::Preintegrated::printMeasurements() const\x1b[m\x1b[K\xe2\x80\x99:\n'}
[10.563061] (ros2_orbslam3) StderrLine: {'line': b'\x1b[01m\x1b[K/home/henrique/ORB_SLAM3_Modular/include/ImuTypes.h:204:23:\x1b[m\x1b[K \x1b[01;35m\x1b[Kwarning: \x1b[m\x1b[Kcomparison of integer expressions of different signedness: \xe2\x80\x98\x1b[01m\x1b[Kint\x1b[m\x1b[K\xe2\x80\x99 and \xe2\x80\x98\x1b[01m\x1b[Kstd::vector<ORB_SLAM3::IMU::Preintegrated::integrable>::size_type\x1b[m\x1b[K\xe2\x80\x99 {aka \xe2\x80\x98\x1b[01m\x1b[Klong unsigned int\x1b[m\x1b[K\xe2\x80\x99} [\x1b[01;35m\x1b[K\x1b]8;;https://gcc.gnu.org/onlinedocs/gcc/Warning-Options.html#index-Wsign-compare\x07-Wsign-compare\x1b]8;;\x07\x1b[m\x1b[K]\n'}
[10.563196] (ros2_orbslam3) StderrLine: {'line': b'  204 |         for(int i=0; \x1b[01;35m\x1b[Ki<mvMeasurements.size()\x1b[m\x1b[K; i++){\n'}
[10.563311] (ros2_orbslam3) StderrLine: {'line': b'      |                      \x1b[01;35m\x1b[K~^~~~~~~~~~~~~~~~~~~~~~\x1b[m\x1b[K\n'}
[10.658229] (-) TimerEvent: {}
[10.739618] (ros2_orbslam3) StderrLine: {'line': b'In file included from \x1b[01m\x1b[K/home/henrique/ORB_SLAM3_Modular/Thirdparty/g2o/g2o/types/types_six_dof_expmap.h:37\x1b[m\x1b[K,\n'}
[10.739910] (ros2_orbslam3) StderrLine: {'line': b'                 from \x1b[01m\x1b[K/home/henrique/ORB_SLAM3_Modular/include/Converter.h:26\x1b[m\x1b[K,\n'}
[10.740065] (ros2_orbslam3) StderrLine: {'line': b'                 from \x1b[01m\x1b[K/home/henrique/ORB_SLAM3_Modular/include/Frame.h:33\x1b[m\x1b[K,\n'}
[10.740197] (ros2_orbslam3) StderrLine: {'line': b'                 from \x1b[01m\x1b[K/home/henrique/ORB_SLAM3_Modular/include/KeyFrame.h:28\x1b[m\x1b[K,\n'}
[10.740308] (ros2_orbslam3) StderrLine: {'line': b'                 from \x1b[01m\x1b[K/home/henrique/ORB_SLAM3_Modular/include/MapPoint.h:23\x1b[m\x1b[K,\n'}
[10.740413] (ros2_orbslam3) StderrLine: {'line': b'                 from \x1b[01m\x1b[K/home/henrique/ORB_SLAM3_Modular/include/FrameDrawer.h:24\x1b[m\x1b[K,\n'}
[10.740515] (ros2_orbslam3) StderrLine: {'line': b'                 from \x1b[01m\x1b[K/home/henrique/ORB_SLAM3_Modular/include/Viewer.h:23\x1b[m\x1b[K,\n'}
[10.740619] (ros2_orbslam3) StderrLine: {'line': b'                 from \x1b[01m\x1b[K/home/henrique/ORB_SLAM3_Modular/include/Tracking.h:26\x1b[m\x1b[K,\n'}
[10.740725] (ros2_orbslam3) StderrLine: {'line': b'                 from \x1b[01m\x1b[K/home/henrique/ORB_SLAM3_Modular/include/System.h:31\x1b[m\x1b[K,\n'}
[10.740829] (ros2_orbslam3) StderrLine: {'line': b'                 from \x1b[01m\x1b[K/home/henrique/ws_visao/kinect-orbslam-ws/src/ros2_orbslam3/src/rgbd/rgbd.cpp:16\x1b[m\x1b[K:\n'}
[10.740933] (ros2_orbslam3) StderrLine: {'line': b'\x1b[01m\x1b[K/home/henrique/ORB_SLAM3_Modular/Thirdparty/g2o/g2o/types/../core/base_vertex.h:\x1b[m\x1b[K At global scope:\n'}
[10.741038] (ros2_orbslam3) StderrLine: {'line': b'\x1b[01m\x1b[K/home/henrique/ORB_SLAM3_Modular/Thirdparty/g2o/g2o/types/../core/base_vertex.h:62:74:\x1b[m\x1b[K \x1b[01;35m\x1b[Kwarning: \x1b[m\x1b[K\xe2\x80\x98\x1b[01m\x1b[KEigen::AlignedBit\x1b[m\x1b[K\xe2\x80\x99 is deprecated [\x1b[01;35m\x1b[K\x1b]8;;https://gcc.gnu.org/onlinedocs/gcc/Warning-Options.html#index-Wdeprecated-declarations\x07-Wdeprecated-declarations\x1b]8;;\x07\x1b[m\x1b[K]\n'}
[10.741160] (ros2_orbslam3) StderrLine: {'line': b'   62 |     typedef Eigen::Map<Matrix<double, D, D>, Matrix<double,D,D>::Flags & \x1b[01;35m\x1b[KAlignedBit\x1b[m\x1b[K ? Aligned : Unaligned >  HessianBlockType;\n'}
[10.741271] (ros2_orbslam3) StderrLine: {'line': b'      |                                                                          \x1b[01;35m\x1b[K^~~~~~~~~~\x1b[m\x1b[K\n'}
[10.741374] (ros2_orbslam3) StderrLine: {'line': b'In file included from \x1b[01m\x1b[K/usr/include/eigen3/Eigen/Core:161\x1b[m\x1b[K,\n'}
[10.741492] (ros2_orbslam3) StderrLine: {'line': b'                 from \x1b[01m\x1b[K/usr/include/eigen3/Eigen/LU:11\x1b[m\x1b[K,\n'}
[10.741595] (ros2_orbslam3) StderrLine: {'line': b'                 from \x1b[01m\x1b[K/home/henrique/ORB_SLAM3_Modular/Thirdparty/Sophus/sophus/so2.hpp:12\x1b[m\x1b[K,\n'}
[10.741695] (ros2_orbslam3) StderrLine: {'line': b'                 from \x1b[01m\x1b[K/home/henrique/ORB_SLAM3_Modular/Thirdparty/Sophus/sophus/se2.hpp:7\x1b[m\x1b[K,\n'}
[10.741796] (ros2_orbslam3) StderrLine: {'line': b'                 from \x1b[01m\x1b[K/home/henrique/ORB_SLAM3_Modular/Thirdparty/Sophus/sophus/geometry.hpp:7\x1b[m\x1b[K,\n'}
[10.741894] (ros2_orbslam3) StderrLine: {'line': b'                 from \x1b[01m\x1b[K/home/henrique/ORB_SLAM3_Modular/include/Frame.h:28\x1b[m\x1b[K,\n'}
[10.741994] (ros2_orbslam3) StderrLine: {'line': b'                 from \x1b[01m\x1b[K/home/henrique/ORB_SLAM3_Modular/include/KeyFrame.h:28\x1b[m\x1b[K,\n'}
[10.742093] (ros2_orbslam3) StderrLine: {'line': b'                 from \x1b[01m\x1b[K/home/henrique/ORB_SLAM3_Modular/include/MapPoint.h:23\x1b[m\x1b[K,\n'}
[10.742212] (ros2_orbslam3) StderrLine: {'line': b'                 from \x1b[01m\x1b[K/home/henrique/ORB_SLAM3_Modular/include/FrameDrawer.h:24\x1b[m\x1b[K,\n'}
[10.742312] (ros2_orbslam3) StderrLine: {'line': b'                 from \x1b[01m\x1b[K/home/henrique/ORB_SLAM3_Modular/include/Viewer.h:23\x1b[m\x1b[K,\n'}
[10.742414] (ros2_orbslam3) StderrLine: {'line': b'                 from \x1b[01m\x1b[K/home/henrique/ORB_SLAM3_Modular/include/Tracking.h:26\x1b[m\x1b[K,\n'}
[10.742520] (ros2_orbslam3) StderrLine: {'line': b'                 from \x1b[01m\x1b[K/home/henrique/ORB_SLAM3_Modular/include/System.h:31\x1b[m\x1b[K,\n'}
[10.742617] (ros2_orbslam3) StderrLine: {'line': b'                 from \x1b[01m\x1b[K/home/henrique/ws_visao/kinect-orbslam-ws/src/ros2_orbslam3/src/rgbd/rgbd.cpp:16\x1b[m\x1b[K:\n'}
[10.742714] (ros2_orbslam3) StderrLine: {'line': b'\x1b[01m\x1b[K/usr/include/eigen3/Eigen/src/Core/util/Constants.h:167:37:\x1b[m\x1b[K \x1b[01;36m\x1b[Knote: \x1b[m\x1b[Kdeclared here\n'}
[10.742814] (ros2_orbslam3) StderrLine: {'line': b'  167 | EIGEN_DEPRECATED const unsigned int \x1b[01;36m\x1b[KAlignedBit\x1b[m\x1b[K = 0x80;\n'}
[10.742912] (ros2_orbslam3) StderrLine: {'line': b'      |                                     \x1b[01;36m\x1b[K^~~~~~~~~~\x1b[m\x1b[K\n'}
[10.758450] (-) TimerEvent: {}
[10.783861] (ros2_orbslam3) StderrLine: {'line': b'In file included from \x1b[01m\x1b[K/home/henrique/ORB_SLAM3_Modular/Thirdparty/g2o/g2o/types/types_six_dof_expmap.h:38\x1b[m\x1b[K,\n'}
[10.784252] (ros2_orbslam3) StderrLine: {'line': b'                 from \x1b[01m\x1b[K/home/henrique/ORB_SLAM3_Modular/include/Converter.h:26\x1b[m\x1b[K,\n'}
[10.784384] (ros2_orbslam3) StderrLine: {'line': b'                 from \x1b[01m\x1b[K/home/henrique/ORB_SLAM3_Modular/include/Frame.h:33\x1b[m\x1b[K,\n'}
[10.784496] (ros2_orbslam3) StderrLine: {'line': b'                 from \x1b[01m\x1b[K/home/henrique/ORB_SLAM3_Modular/include/KeyFrame.h:28\x1b[m\x1b[K,\n'}
[10.784607] (ros2_orbslam3) StderrLine: {'line': b'                 from \x1b[01m\x1b[K/home/henrique/ORB_SLAM3_Modular/include/MapPoint.h:23\x1b[m\x1b[K,\n'}
[10.784721] (ros2_orbslam3) StderrLine: {'line': b'                 from \x1b[01m\x1b[K/home/henrique/ORB_SLAM3_Modular/include/FrameDrawer.h:24\x1b[m\x1b[K,\n'}
[10.784828] (ros2_orbslam3) StderrLine: {'line': b'                 from \x1b[01m\x1b[K/home/henrique/ORB_SLAM3_Modular/include/Viewer.h:23\x1b[m\x1b[K,\n'}
[10.784933] (ros2_orbslam3) StderrLine: {'line': b'                 from \x1b[01m\x1b[K/home/henrique/ORB_SLAM3_Modular/include/Tracking.h:26\x1b[m\x1b[K,\n'}
[10.785043] (ros2_orbslam3) StderrLine: {'line': b'                 from \x1b[01m\x1b[K/home/henrique/ORB_SLAM3_Modular/include/System.h:31\x1b[m\x1b[K,\n'}
[10.785599] (ros2_orbslam3) StderrLine: {'line': b'                 from \x1b[01m\x1b[K/home/henrique/ws_visao/kinect-orbslam-ws/src/ros2_orbslam3/src/rgbd/rgbd.cpp:16\x1b[m\x1b[K:\n'}
[10.785763] (ros2_orbslam3) StderrLine: {'line': b'\x1b[01m\x1b[K/home/henrique/ORB_SLAM3_Modular/Thirdparty/g2o/g2o/types/../core/base_binary_edge.h:59:82:\x1b[m\x1b[K \x1b[01;35m\x1b[Kwarning: \x1b[m\x1b[K\xe2\x80\x98\x1b[01m\x1b[KEigen::AlignedBit\x1b[m\x1b[K\xe2\x80\x99 is deprecated [\x1b[01;35m\x1b[K\x1b]8;;https://gcc.gnu.org/onlinedocs/gcc/Warning-Options.html#index-Wdeprecated-declarations\x07-Wdeprecated-declarations\x1b]8;;\x07\x1b[m\x1b[K]\n'}
[10.785889] (ros2_orbslam3) StderrLine: {'line': b'   59 |       typedef Eigen::Map<Matrix<double, Di, Dj>, Matrix<double, Di, Dj>::Flags & \x1b[01;35m\x1b[KAlignedBit\x1b[m\x1b[K ? Aligned : Unaligned > HessianBlockType;\n'}
[10.786002] (ros2_orbslam3) StderrLine: {'line': b'      |                                                                                  \x1b[01;35m\x1b[K^~~~~~~~~~\x1b[m\x1b[K\n'}
[10.786123] (ros2_orbslam3) StderrLine: {'line': b'In file included from \x1b[01m\x1b[K/usr/include/eigen3/Eigen/Core:161\x1b[m\x1b[K,\n'}
[10.786233] (ros2_orbslam3) StderrLine: {'line': b'                 from \x1b[01m\x1b[K/usr/include/eigen3/Eigen/LU:11\x1b[m\x1b[K,\n'}
[10.786334] (ros2_orbslam3) StderrLine: {'line': b'                 from \x1b[01m\x1b[K/home/henrique/ORB_SLAM3_Modular/Thirdparty/Sophus/sophus/so2.hpp:12\x1b[m\x1b[K,\n'}
[10.786435] (ros2_orbslam3) StderrLine: {'line': b'                 from \x1b[01m\x1b[K/home/henrique/ORB_SLAM3_Modular/Thirdparty/Sophus/sophus/se2.hpp:7\x1b[m\x1b[K,\n'}
[10.786534] (ros2_orbslam3) StderrLine: {'line': b'                 from \x1b[01m\x1b[K/home/henrique/ORB_SLAM3_Modular/Thirdparty/Sophus/sophus/geometry.hpp:7\x1b[m\x1b[K,\n'}
[10.786652] (ros2_orbslam3) StderrLine: {'line': b'                 from \x1b[01m\x1b[K/home/henrique/ORB_SLAM3_Modular/include/Frame.h:28\x1b[m\x1b[K,\n'}
[10.786757] (ros2_orbslam3) StderrLine: {'line': b'                 from \x1b[01m\x1b[K/home/henrique/ORB_SLAM3_Modular/include/KeyFrame.h:28\x1b[m\x1b[K,\n'}
[10.786856] (ros2_orbslam3) StderrLine: {'line': b'                 from \x1b[01m\x1b[K/home/henrique/ORB_SLAM3_Modular/include/MapPoint.h:23\x1b[m\x1b[K,\n'}
[10.786962] (ros2_orbslam3) StderrLine: {'line': b'                 from \x1b[01m\x1b[K/home/henrique/ORB_SLAM3_Modular/include/FrameDrawer.h:24\x1b[m\x1b[K,\n'}
[10.787061] (ros2_orbslam3) StderrLine: {'line': b'                 from \x1b[01m\x1b[K/home/henrique/ORB_SLAM3_Modular/include/Viewer.h:23\x1b[m\x1b[K,\n'}
[10.787183] (ros2_orbslam3) StderrLine: {'line': b'                 from \x1b[01m\x1b[K/home/henrique/ORB_SLAM3_Modular/include/Tracking.h:26\x1b[m\x1b[K,\n'}
[10.787287] (ros2_orbslam3) StderrLine: {'line': b'                 from \x1b[01m\x1b[K/home/henrique/ORB_SLAM3_Modular/include/System.h:31\x1b[m\x1b[K,\n'}
[10.787387] (ros2_orbslam3) StderrLine: {'line': b'                 from \x1b[01m\x1b[K/home/henrique/ws_visao/kinect-orbslam-ws/src/ros2_orbslam3/src/rgbd/rgbd.cpp:16\x1b[m\x1b[K:\n'}
[10.787486] (ros2_orbslam3) StderrLine: {'line': b'\x1b[01m\x1b[K/usr/include/eigen3/Eigen/src/Core/util/Constants.h:167:37:\x1b[m\x1b[K \x1b[01;36m\x1b[Knote: \x1b[m\x1b[Kdeclared here\n'}
[10.787593] (ros2_orbslam3) StderrLine: {'line': b'  167 | EIGEN_DEPRECATED const unsigned int \x1b[01;36m\x1b[KAlignedBit\x1b[m\x1b[K = 0x80;\n'}
[10.787698] (ros2_orbslam3) StderrLine: {'line': b'      |                                     \x1b[01;36m\x1b[K^~~~~~~~~~\x1b[m\x1b[K\n'}
[10.787795] (ros2_orbslam3) StderrLine: {'line': b'In file included from \x1b[01m\x1b[K/home/henrique/ORB_SLAM3_Modular/Thirdparty/g2o/g2o/types/types_six_dof_expmap.h:38\x1b[m\x1b[K,\n'}
[10.787898] (ros2_orbslam3) StderrLine: {'line': b'                 from \x1b[01m\x1b[K/home/henrique/ORB_SLAM3_Modular/include/Converter.h:26\x1b[m\x1b[K,\n'}
[10.788004] (ros2_orbslam3) StderrLine: {'line': b'                 from \x1b[01m\x1b[K/home/henrique/ORB_SLAM3_Modular/include/Frame.h:33\x1b[m\x1b[K,\n'}
[10.788109] (ros2_orbslam3) StderrLine: {'line': b'                 from \x1b[01m\x1b[K/home/henrique/ORB_SLAM3_Modular/include/KeyFrame.h:28\x1b[m\x1b[K,\n'}
[10.788218] (ros2_orbslam3) StderrLine: {'line': b'                 from \x1b[01m\x1b[K/home/henrique/ORB_SLAM3_Modular/include/MapPoint.h:23\x1b[m\x1b[K,\n'}
[10.788335] (ros2_orbslam3) StderrLine: {'line': b'                 from \x1b[01m\x1b[K/home/henrique/ORB_SLAM3_Modular/include/FrameDrawer.h:24\x1b[m\x1b[K,\n'}
[10.788437] (ros2_orbslam3) StderrLine: {'line': b'                 from \x1b[01m\x1b[K/home/henrique/ORB_SLAM3_Modular/include/Viewer.h:23\x1b[m\x1b[K,\n'}
[10.788538] (ros2_orbslam3) StderrLine: {'line': b'                 from \x1b[01m\x1b[K/home/henrique/ORB_SLAM3_Modular/include/Tracking.h:26\x1b[m\x1b[K,\n'}
[10.788634] (ros2_orbslam3) StderrLine: {'line': b'                 from \x1b[01m\x1b[K/home/henrique/ORB_SLAM3_Modular/include/System.h:31\x1b[m\x1b[K,\n'}
[10.788732] (ros2_orbslam3) StderrLine: {'line': b'                 from \x1b[01m\x1b[K/home/henrique/ws_visao/kinect-orbslam-ws/src/ros2_orbslam3/src/rgbd/rgbd.cpp:16\x1b[m\x1b[K:\n'}
[10.788834] (ros2_orbslam3) StderrLine: {'line': b'\x1b[01m\x1b[K/home/henrique/ORB_SLAM3_Modular/Thirdparty/g2o/g2o/types/../core/base_binary_edge.h:60:82:\x1b[m\x1b[K \x1b[01;35m\x1b[Kwarning: \x1b[m\x1b[K\xe2\x80\x98\x1b[01m\x1b[KEigen::AlignedBit\x1b[m\x1b[K\xe2\x80\x99 is deprecated [\x1b[01;35m\x1b[K\x1b]8;;https://gcc.gnu.org/onlinedocs/gcc/Warning-Options.html#index-Wdeprecated-declarations\x07-Wdeprecated-declarations\x1b]8;;\x07\x1b[m\x1b[K]\n'}
[10.788937] (ros2_orbslam3) StderrLine: {'line': b'   60 |       typedef Eigen::Map<Matrix<double, Dj, Di>, Matrix<double, Dj, Di>::Flags & \x1b[01;35m\x1b[KAlignedBit\x1b[m\x1b[K ? Aligned : Unaligned > HessianBlockTransposedType;\n'}
[10.789044] (ros2_orbslam3) StderrLine: {'line': b'      |                                                                                  \x1b[01;35m\x1b[K^~~~~~~~~~\x1b[m\x1b[K\n'}
[10.789157] (ros2_orbslam3) StderrLine: {'line': b'In file included from \x1b[01m\x1b[K/usr/include/eigen3/Eigen/Core:161\x1b[m\x1b[K,\n'}
[10.789257] (ros2_orbslam3) StderrLine: {'line': b'                 from \x1b[01m\x1b[K/usr/include/eigen3/Eigen/LU:11\x1b[m\x1b[K,\n'}
[10.789353] (ros2_orbslam3) StderrLine: {'line': b'                 from \x1b[01m\x1b[K/home/henrique/ORB_SLAM3_Modular/Thirdparty/Sophus/sophus/so2.hpp:12\x1b[m\x1b[K,\n'}
[10.789452] (ros2_orbslam3) StderrLine: {'line': b'                 from \x1b[01m\x1b[K/home/henrique/ORB_SLAM3_Modular/Thirdparty/Sophus/sophus/se2.hpp:7\x1b[m\x1b[K,\n'}
[10.789550] (ros2_orbslam3) StderrLine: {'line': b'                 from \x1b[01m\x1b[K/home/henrique/ORB_SLAM3_Modular/Thirdparty/Sophus/sophus/geometry.hpp:7\x1b[m\x1b[K,\n'}
[10.789649] (ros2_orbslam3) StderrLine: {'line': b'                 from \x1b[01m\x1b[K/home/henrique/ORB_SLAM3_Modular/include/Frame.h:28\x1b[m\x1b[K,\n'}
[10.789748] (ros2_orbslam3) StderrLine: {'line': b'                 from \x1b[01m\x1b[K/home/henrique/ORB_SLAM3_Modular/include/KeyFrame.h:28\x1b[m\x1b[K,\n'}
[10.789844] (ros2_orbslam3) StderrLine: {'line': b'                 from \x1b[01m\x1b[K/home/henrique/ORB_SLAM3_Modular/include/MapPoint.h:23\x1b[m\x1b[K,\n'}
[10.789943] (ros2_orbslam3) StderrLine: {'line': b'                 from \x1b[01m\x1b[K/home/henrique/ORB_SLAM3_Modular/include/FrameDrawer.h:24\x1b[m\x1b[K,\n'}
[10.790039] (ros2_orbslam3) StderrLine: {'line': b'                 from \x1b[01m\x1b[K/home/henrique/ORB_SLAM3_Modular/include/Viewer.h:23\x1b[m\x1b[K,\n'}
[10.790148] (ros2_orbslam3) StderrLine: {'line': b'                 from \x1b[01m\x1b[K/home/henrique/ORB_SLAM3_Modular/include/Tracking.h:26\x1b[m\x1b[K,\n'}
[10.790248] (ros2_orbslam3) StderrLine: {'line': b'                 from \x1b[01m\x1b[K/home/henrique/ORB_SLAM3_Modular/include/System.h:31\x1b[m\x1b[K,\n'}
[10.790347] (ros2_orbslam3) StderrLine: {'line': b'                 from \x1b[01m\x1b[K/home/henrique/ws_visao/kinect-orbslam-ws/src/ros2_orbslam3/src/rgbd/rgbd.cpp:16\x1b[m\x1b[K:\n'}
[10.790445] (ros2_orbslam3) StderrLine: {'line': b'\x1b[01m\x1b[K/usr/include/eigen3/Eigen/src/Core/util/Constants.h:167:37:\x1b[m\x1b[K \x1b[01;36m\x1b[Knote: \x1b[m\x1b[Kdeclared here\n'}
[10.790543] (ros2_orbslam3) StderrLine: {'line': b'  167 | EIGEN_DEPRECATED const unsigned int \x1b[01;36m\x1b[KAlignedBit\x1b[m\x1b[K = 0x80;\n'}
[10.790647] (ros2_orbslam3) StderrLine: {'line': b'      |                                     \x1b[01;36m\x1b[K^~~~~~~~~~\x1b[m\x1b[K\n'}
[10.858696] (-) TimerEvent: {}
[10.884906] (ros2_orbslam3) StderrLine: {'line': b'In file included from \x1b[01m\x1b[K/home/henrique/ORB_SLAM3_Modular/Thirdparty/g2o/g2o/types/types_six_dof_expmap.h:41\x1b[m\x1b[K,\n'}
[10.885227] (ros2_orbslam3) StderrLine: {'line': b'                 from \x1b[01m\x1b[K/home/henrique/ORB_SLAM3_Modular/include/Converter.h:26\x1b[m\x1b[K,\n'}
[10.885356] (ros2_orbslam3) StderrLine: {'line': b'                 from \x1b[01m\x1b[K/home/henrique/ORB_SLAM3_Modular/include/Frame.h:33\x1b[m\x1b[K,\n'}
[10.885461] (ros2_orbslam3) StderrLine: {'line': b'                 from \x1b[01m\x1b[K/home/henrique/ORB_SLAM3_Modular/include/KeyFrame.h:28\x1b[m\x1b[K,\n'}
[10.885565] (ros2_orbslam3) StderrLine: {'line': b'                 from \x1b[01m\x1b[K/home/henrique/ORB_SLAM3_Modular/include/MapPoint.h:23\x1b[m\x1b[K,\n'}
[10.885669] (ros2_orbslam3) StderrLine: {'line': b'                 from \x1b[01m\x1b[K/home/henrique/ORB_SLAM3_Modular/include/FrameDrawer.h:24\x1b[m\x1b[K,\n'}
[10.885773] (ros2_orbslam3) StderrLine: {'line': b'                 from \x1b[01m\x1b[K/home/henrique/ORB_SLAM3_Modular/include/Viewer.h:23\x1b[m\x1b[K,\n'}
[10.885899] (ros2_orbslam3) StderrLine: {'line': b'                 from \x1b[01m\x1b[K/home/henrique/ORB_SLAM3_Modular/include/Tracking.h:26\x1b[m\x1b[K,\n'}
[10.886007] (ros2_orbslam3) StderrLine: {'line': b'                 from \x1b[01m\x1b[K/home/henrique/ORB_SLAM3_Modular/include/System.h:31\x1b[m\x1b[K,\n'}
[10.886124] (ros2_orbslam3) StderrLine: {'line': b'                 from \x1b[01m\x1b[K/home/henrique/ws_visao/kinect-orbslam-ws/src/ros2_orbslam3/src/rgbd/rgbd.cpp:16\x1b[m\x1b[K:\n'}
[10.886235] (ros2_orbslam3) StderrLine: {'line': b'\x1b[01m\x1b[K/home/henrique/ORB_SLAM3_Modular/Thirdparty/g2o/g2o/types/se3quat.h:43:38:\x1b[m\x1b[K \x1b[01;35m\x1b[Kwarning: \x1b[m\x1b[Kextra \xe2\x80\x98\x1b[01m\x1b[K;\x1b[m\x1b[K\xe2\x80\x99 [\x1b[01;35m\x1b[K\x1b]8;;https://gcc.gnu.org/onlinedocs/gcc/Warning-Options.html#index-Wpedantic\x07-Wpedantic\x1b]8;;\x07\x1b[m\x1b[K]\n'}
[10.886346] (ros2_orbslam3) StderrLine: {'line': b'   43 |       EIGEN_MAKE_ALIGNED_OPERATOR_NEW\x1b[01;35m\x1b[K;\x1b[m\x1b[K\n'}
[10.886453] (ros2_orbslam3) StderrLine: {'line': b'      |                                      \x1b[01;35m\x1b[K^\x1b[m\x1b[K\n'}
[10.886551] (ros2_orbslam3) StderrLine: {'line': b'      |                                      \x1b[31m\x1b[K-\x1b[m\x1b[K\n'}
[10.958919] (-) TimerEvent: {}
[11.041935] (ros2_orbslam3) StderrLine: {'line': b'In file included from \x1b[01m\x1b[K/home/henrique/ORB_SLAM3_Modular/include/Frame.h:30\x1b[m\x1b[K,\n'}
[11.042254] (ros2_orbslam3) StderrLine: {'line': b'                 from \x1b[01m\x1b[K/home/henrique/ORB_SLAM3_Modular/include/KeyFrame.h:28\x1b[m\x1b[K,\n'}
[11.042382] (ros2_orbslam3) StderrLine: {'line': b'                 from \x1b[01m\x1b[K/home/henrique/ORB_SLAM3_Modular/include/MapPoint.h:23\x1b[m\x1b[K,\n'}
[11.042488] (ros2_orbslam3) StderrLine: {'line': b'                 from \x1b[01m\x1b[K/home/henrique/ORB_SLAM3_Modular/include/FrameDrawer.h:24\x1b[m\x1b[K,\n'}
[11.042592] (ros2_orbslam3) StderrLine: {'line': b'                 from \x1b[01m\x1b[K/home/henrique/ORB_SLAM3_Modular/include/Viewer.h:23\x1b[m\x1b[K,\n'}
[11.042695] (ros2_orbslam3) StderrLine: {'line': b'                 from \x1b[01m\x1b[K/home/henrique/ORB_SLAM3_Modular/include/Tracking.h:26\x1b[m\x1b[K,\n'}
[11.042796] (ros2_orbslam3) StderrLine: {'line': b'                 from \x1b[01m\x1b[K/home/henrique/ORB_SLAM3_Modular/include/System.h:31\x1b[m\x1b[K,\n'}
[11.042896] (ros2_orbslam3) StderrLine: {'line': b'                 from \x1b[01m\x1b[K/home/henrique/ws_visao/kinect-orbslam-ws/src/ros2_orbslam3/src/rgbd/rgbd-slam-node.hpp:34\x1b[m\x1b[K,\n'}
[11.042998] (ros2_orbslam3) StderrLine: {'line': b'                 from \x1b[01m\x1b[K/home/henrique/ws_visao/kinect-orbslam-ws/src/ros2_orbslam3/src/rgbd/rgbd-slam-node.cpp:13\x1b[m\x1b[K:\n'}
[11.043105] (ros2_orbslam3) StderrLine: {'line': b'\x1b[01m\x1b[K/home/henrique/ORB_SLAM3_Modular/include/ImuTypes.h:\x1b[m\x1b[K In member function \xe2\x80\x98\x1b[01m\x1b[Kvoid ORB_SLAM3::IMU::Preintegrated::printMeasurements() const\x1b[m\x1b[K\xe2\x80\x99:\n'}
[11.043220] (ros2_orbslam3) StderrLine: {'line': b'\x1b[01m\x1b[K/home/henrique/ORB_SLAM3_Modular/include/ImuTypes.h:204:23:\x1b[m\x1b[K \x1b[01;35m\x1b[Kwarning: \x1b[m\x1b[Kcomparison of integer expressions of different signedness: \xe2\x80\x98\x1b[01m\x1b[Kint\x1b[m\x1b[K\xe2\x80\x99 and \xe2\x80\x98\x1b[01m\x1b[Kstd::vector<ORB_SLAM3::IMU::Preintegrated::integrable>::size_type\x1b[m\x1b[K\xe2\x80\x99 {aka \xe2\x80\x98\x1b[01m\x1b[Klong unsigned int\x1b[m\x1b[K\xe2\x80\x99} [\x1b[01;35m\x1b[K\x1b]8;;https://gcc.gnu.org/onlinedocs/gcc/Warning-Options.html#index-Wsign-compare\x07-Wsign-compare\x1b]8;;\x07\x1b[m\x1b[K]\n'}
[11.043339] (ros2_orbslam3) StderrLine: {'line': b'  204 |         for(int i=0; \x1b[01;35m\x1b[Ki<mvMeasurements.size()\x1b[m\x1b[K; i++){\n'}
[11.043443] (ros2_orbslam3) StderrLine: {'line': b'      |                      \x1b[01;35m\x1b[K~^~~~~~~~~~~~~~~~~~~~~~\x1b[m\x1b[K\n'}
[11.059146] (-) TimerEvent: {}
[11.159659] (-) TimerEvent: {}
[11.218699] (ros2_orbslam3) StderrLine: {'line': b'In file included from \x1b[01m\x1b[K/home/henrique/ORB_SLAM3_Modular/Thirdparty/g2o/g2o/types/types_six_dof_expmap.h:37\x1b[m\x1b[K,\n'}
[11.219001] (ros2_orbslam3) StderrLine: {'line': b'                 from \x1b[01m\x1b[K/home/henrique/ORB_SLAM3_Modular/include/Converter.h:26\x1b[m\x1b[K,\n'}
[11.219142] (ros2_orbslam3) StderrLine: {'line': b'                 from \x1b[01m\x1b[K/home/henrique/ORB_SLAM3_Modular/include/Frame.h:33\x1b[m\x1b[K,\n'}
[11.219257] (ros2_orbslam3) StderrLine: {'line': b'                 from \x1b[01m\x1b[K/home/henrique/ORB_SLAM3_Modular/include/KeyFrame.h:28\x1b[m\x1b[K,\n'}
[11.219361] (ros2_orbslam3) StderrLine: {'line': b'                 from \x1b[01m\x1b[K/home/henrique/ORB_SLAM3_Modular/include/MapPoint.h:23\x1b[m\x1b[K,\n'}
[11.219458] (ros2_orbslam3) StderrLine: {'line': b'                 from \x1b[01m\x1b[K/home/henrique/ORB_SLAM3_Modular/include/FrameDrawer.h:24\x1b[m\x1b[K,\n'}
[11.219557] (ros2_orbslam3) StderrLine: {'line': b'                 from \x1b[01m\x1b[K/home/henrique/ORB_SLAM3_Modular/include/Viewer.h:23\x1b[m\x1b[K,\n'}
[11.219664] (ros2_orbslam3) StderrLine: {'line': b'                 from \x1b[01m\x1b[K/home/henrique/ORB_SLAM3_Modular/include/Tracking.h:26\x1b[m\x1b[K,\n'}
[11.219762] (ros2_orbslam3) StderrLine: {'line': b'                 from \x1b[01m\x1b[K/home/henrique/ORB_SLAM3_Modular/include/System.h:31\x1b[m\x1b[K,\n'}
[11.219861] (ros2_orbslam3) StderrLine: {'line': b'                 from \x1b[01m\x1b[K/home/henrique/ws_visao/kinect-orbslam-ws/src/ros2_orbslam3/src/rgbd/rgbd-slam-node.hpp:34\x1b[m\x1b[K,\n'}
[11.219963] (ros2_orbslam3) StderrLine: {'line': b'                 from \x1b[01m\x1b[K/home/henrique/ws_visao/kinect-orbslam-ws/src/ros2_orbslam3/src/rgbd/rgbd-slam-node.cpp:13\x1b[m\x1b[K:\n'}
[11.220061] (ros2_orbslam3) StderrLine: {'line': b'\x1b[01m\x1b[K/home/henrique/ORB_SLAM3_Modular/Thirdparty/g2o/g2o/types/../core/base_vertex.h:\x1b[m\x1b[K At global scope:\n'}
[11.220176] (ros2_orbslam3) StderrLine: {'line': b'\x1b[01m\x1b[K/home/henrique/ORB_SLAM3_Modular/Thirdparty/g2o/g2o/types/../core/base_vertex.h:62:74:\x1b[m\x1b[K \x1b[01;35m\x1b[Kwarning: \x1b[m\x1b[K\xe2\x80\x98\x1b[01m\x1b[KEigen::AlignedBit\x1b[m\x1b[K\xe2\x80\x99 is deprecated [\x1b[01;35m\x1b[K\x1b]8;;https://gcc.gnu.org/onlinedocs/gcc/Warning-Options.html#index-Wdeprecated-declarations\x07-Wdeprecated-declarations\x1b]8;;\x07\x1b[m\x1b[K]\n'}
[11.220287] (ros2_orbslam3) StderrLine: {'line': b'   62 |     typedef Eigen::Map<Matrix<double, D, D>, Matrix<double,D,D>::Flags & \x1b[01;35m\x1b[KAlignedBit\x1b[m\x1b[K ? Aligned : Unaligned >  HessianBlockType;\n'}
[11.220390] (ros2_orbslam3) StderrLine: {'line': b'      |                                                                          \x1b[01;35m\x1b[K^~~~~~~~~~\x1b[m\x1b[K\n'}
[11.220489] (ros2_orbslam3) StderrLine: {'line': b'In file included from \x1b[01m\x1b[K/usr/include/eigen3/Eigen/Core:161\x1b[m\x1b[K,\n'}
[11.220587] (ros2_orbslam3) StderrLine: {'line': b'                 from \x1b[01m\x1b[K/usr/include/eigen3/Eigen/Dense:1\x1b[m\x1b[K,\n'}
[11.220685] (ros2_orbslam3) StderrLine: {'line': b'                 from \x1b[01m\x1b[K/home/henrique/ws_visao/kinect-orbslam-ws/src/ros2_orbslam3/src/rgbd/rgbd-slam-node.cpp:7\x1b[m\x1b[K:\n'}
[11.220783] (ros2_orbslam3) StderrLine: {'line': b'\x1b[01m\x1b[K/usr/include/eigen3/Eigen/src/Core/util/Constants.h:167:37:\x1b[m\x1b[K \x1b[01;36m\x1b[Knote: \x1b[m\x1b[Kdeclared here\n'}
[11.220882] (ros2_orbslam3) StderrLine: {'line': b'  167 | EIGEN_DEPRECATED const unsigned int \x1b[01;36m\x1b[KAlignedBit\x1b[m\x1b[K = 0x80;\n'}
[11.220976] (ros2_orbslam3) StderrLine: {'line': b'      |                                     \x1b[01;36m\x1b[K^~~~~~~~~~\x1b[m\x1b[K\n'}
[11.259887] (-) TimerEvent: {}
[11.262534] (ros2_orbslam3) StderrLine: {'line': b'In file included from \x1b[01m\x1b[K/home/henrique/ORB_SLAM3_Modular/Thirdparty/g2o/g2o/types/types_six_dof_expmap.h:38\x1b[m\x1b[K,\n'}
[11.262799] (ros2_orbslam3) StderrLine: {'line': b'                 from \x1b[01m\x1b[K/home/henrique/ORB_SLAM3_Modular/include/Converter.h:26\x1b[m\x1b[K,\n'}
[11.262943] (ros2_orbslam3) StderrLine: {'line': b'                 from \x1b[01m\x1b[K/home/henrique/ORB_SLAM3_Modular/include/Frame.h:33\x1b[m\x1b[K,\n'}
[11.263050] (ros2_orbslam3) StderrLine: {'line': b'                 from \x1b[01m\x1b[K/home/henrique/ORB_SLAM3_Modular/include/KeyFrame.h:28\x1b[m\x1b[K,\n'}
[11.263171] (ros2_orbslam3) StderrLine: {'line': b'                 from \x1b[01m\x1b[K/home/henrique/ORB_SLAM3_Modular/include/MapPoint.h:23\x1b[m\x1b[K,\n'}
[11.263276] (ros2_orbslam3) StderrLine: {'line': b'                 from \x1b[01m\x1b[K/home/henrique/ORB_SLAM3_Modular/include/FrameDrawer.h:24\x1b[m\x1b[K,\n'}
[11.263377] (ros2_orbslam3) StderrLine: {'line': b'                 from \x1b[01m\x1b[K/home/henrique/ORB_SLAM3_Modular/include/Viewer.h:23\x1b[m\x1b[K,\n'}
[11.263477] (ros2_orbslam3) StderrLine: {'line': b'                 from \x1b[01m\x1b[K/home/henrique/ORB_SLAM3_Modular/include/Tracking.h:26\x1b[m\x1b[K,\n'}
[11.263576] (ros2_orbslam3) StderrLine: {'line': b'                 from \x1b[01m\x1b[K/home/henrique/ORB_SLAM3_Modular/include/System.h:31\x1b[m\x1b[K,\n'}
[11.263675] (ros2_orbslam3) StderrLine: {'line': b'                 from \x1b[01m\x1b[K/home/henrique/ws_visao/kinect-orbslam-ws/src/ros2_orbslam3/src/rgbd/rgbd-slam-node.hpp:34\x1b[m\x1b[K,\n'}
[11.263776] (ros2_orbslam3) StderrLine: {'line': b'                 from \x1b[01m\x1b[K/home/henrique/ws_visao/kinect-orbslam-ws/src/ros2_orbslam3/src/rgbd/rgbd-slam-node.cpp:13\x1b[m\x1b[K:\n'}
[11.263874] (ros2_orbslam3) StderrLine: {'line': b'\x1b[01m\x1b[K/home/henrique/ORB_SLAM3_Modular/Thirdparty/g2o/g2o/types/../core/base_binary_edge.h:59:82:\x1b[m\x1b[K \x1b[01;35m\x1b[Kwarning: \x1b[m\x1b[K\xe2\x80\x98\x1b[01m\x1b[KEigen::AlignedBit\x1b[m\x1b[K\xe2\x80\x99 is deprecated [\x1b[01;35m\x1b[K\x1b]8;;https://gcc.gnu.org/onlinedocs/gcc/Warning-Options.html#index-Wdeprecated-declarations\x07-Wdeprecated-declarations\x1b]8;;\x07\x1b[m\x1b[K]\n'}
[11.263983] (ros2_orbslam3) StderrLine: {'line': b'   59 |       typedef Eigen::Map<Matrix<double, Di, Dj>, Matrix<double, Di, Dj>::Flags & \x1b[01;35m\x1b[KAlignedBit\x1b[m\x1b[K ? Aligned : Unaligned > HessianBlockType;\n'}
[11.264086] (ros2_orbslam3) StderrLine: {'line': b'      |                                                                                  \x1b[01;35m\x1b[K^~~~~~~~~~\x1b[m\x1b[K\n'}
[11.264198] (ros2_orbslam3) StderrLine: {'line': b'In file included from \x1b[01m\x1b[K/usr/include/eigen3/Eigen/Core:161\x1b[m\x1b[K,\n'}
[11.264300] (ros2_orbslam3) StderrLine: {'line': b'                 from \x1b[01m\x1b[K/usr/include/eigen3/Eigen/Dense:1\x1b[m\x1b[K,\n'}
[11.264399] (ros2_orbslam3) StderrLine: {'line': b'                 from \x1b[01m\x1b[K/home/henrique/ws_visao/kinect-orbslam-ws/src/ros2_orbslam3/src/rgbd/rgbd-slam-node.cpp:7\x1b[m\x1b[K:\n'}
[11.264499] (ros2_orbslam3) StderrLine: {'line': b'\x1b[01m\x1b[K/usr/include/eigen3/Eigen/src/Core/util/Constants.h:167:37:\x1b[m\x1b[K \x1b[01;36m\x1b[Knote: \x1b[m\x1b[Kdeclared here\n'}
[11.264604] (ros2_orbslam3) StderrLine: {'line': b'  167 | EIGEN_DEPRECATED const unsigned int \x1b[01;36m\x1b[KAlignedBit\x1b[m\x1b[K = 0x80;\n'}
[11.264702] (ros2_orbslam3) StderrLine: {'line': b'      |                                     \x1b[01;36m\x1b[K^~~~~~~~~~\x1b[m\x1b[K\n'}
[11.264800] (ros2_orbslam3) StderrLine: {'line': b'In file included from \x1b[01m\x1b[K/home/henrique/ORB_SLAM3_Modular/Thirdparty/g2o/g2o/types/types_six_dof_expmap.h:38\x1b[m\x1b[K,\n'}
[11.264899] (ros2_orbslam3) StderrLine: {'line': b'                 from \x1b[01m\x1b[K/home/henrique/ORB_SLAM3_Modular/include/Converter.h:26\x1b[m\x1b[K,\n'}
[11.264999] (ros2_orbslam3) StderrLine: {'line': b'                 from \x1b[01m\x1b[K/home/henrique/ORB_SLAM3_Modular/include/Frame.h:33\x1b[m\x1b[K,\n'}
[11.265104] (ros2_orbslam3) StderrLine: {'line': b'                 from \x1b[01m\x1b[K/home/henrique/ORB_SLAM3_Modular/include/KeyFrame.h:28\x1b[m\x1b[K,\n'}
[11.265212] (ros2_orbslam3) StderrLine: {'line': b'                 from \x1b[01m\x1b[K/home/henrique/ORB_SLAM3_Modular/include/MapPoint.h:23\x1b[m\x1b[K,\n'}
[11.265315] (ros2_orbslam3) StderrLine: {'line': b'                 from \x1b[01m\x1b[K/home/henrique/ORB_SLAM3_Modular/include/FrameDrawer.h:24\x1b[m\x1b[K,\n'}
[11.265415] (ros2_orbslam3) StderrLine: {'line': b'                 from \x1b[01m\x1b[K/home/henrique/ORB_SLAM3_Modular/include/Viewer.h:23\x1b[m\x1b[K,\n'}
[11.265512] (ros2_orbslam3) StderrLine: {'line': b'                 from \x1b[01m\x1b[K/home/henrique/ORB_SLAM3_Modular/include/Tracking.h:26\x1b[m\x1b[K,\n'}
[11.265610] (ros2_orbslam3) StderrLine: {'line': b'                 from \x1b[01m\x1b[K/home/henrique/ORB_SLAM3_Modular/include/System.h:31\x1b[m\x1b[K,\n'}
[11.265707] (ros2_orbslam3) StderrLine: {'line': b'                 from \x1b[01m\x1b[K/home/henrique/ws_visao/kinect-orbslam-ws/src/ros2_orbslam3/src/rgbd/rgbd-slam-node.hpp:34\x1b[m\x1b[K,\n'}
[11.265806] (ros2_orbslam3) StderrLine: {'line': b'                 from \x1b[01m\x1b[K/home/henrique/ws_visao/kinect-orbslam-ws/src/ros2_orbslam3/src/rgbd/rgbd-slam-node.cpp:13\x1b[m\x1b[K:\n'}
[11.265906] (ros2_orbslam3) StderrLine: {'line': b'\x1b[01m\x1b[K/home/henrique/ORB_SLAM3_Modular/Thirdparty/g2o/g2o/types/../core/base_binary_edge.h:60:82:\x1b[m\x1b[K \x1b[01;35m\x1b[Kwarning: \x1b[m\x1b[K\xe2\x80\x98\x1b[01m\x1b[KEigen::AlignedBit\x1b[m\x1b[K\xe2\x80\x99 is deprecated [\x1b[01;35m\x1b[K\x1b]8;;https://gcc.gnu.org/onlinedocs/gcc/Warning-Options.html#index-Wdeprecated-declarations\x07-Wdeprecated-declarations\x1b]8;;\x07\x1b[m\x1b[K]\n'}
[11.266012] (ros2_orbslam3) StderrLine: {'line': b'   60 |       typedef Eigen::Map<Matrix<double, Dj, Di>, Matrix<double, Dj, Di>::Flags & \x1b[01;35m\x1b[KAlignedBit\x1b[m\x1b[K ? Aligned : Unaligned > HessianBlockTransposedType;\n'}
[11.266117] (ros2_orbslam3) StderrLine: {'line': b'      |                                                                                  \x1b[01;35m\x1b[K^~~~~~~~~~\x1b[m\x1b[K\n'}
[11.266225] (ros2_orbslam3) StderrLine: {'line': b'In file included from \x1b[01m\x1b[K/usr/include/eigen3/Eigen/Core:161\x1b[m\x1b[K,\n'}
[11.266335] (ros2_orbslam3) StderrLine: {'line': b'                 from \x1b[01m\x1b[K/usr/include/eigen3/Eigen/Dense:1\x1b[m\x1b[K,\n'}
[11.266432] (ros2_orbslam3) StderrLine: {'line': b'                 from \x1b[01m\x1b[K/home/henrique/ws_visao/kinect-orbslam-ws/src/ros2_orbslam3/src/rgbd/rgbd-slam-node.cpp:7\x1b[m\x1b[K:\n'}
[11.266530] (ros2_orbslam3) StderrLine: {'line': b'\x1b[01m\x1b[K/usr/include/eigen3/Eigen/src/Core/util/Constants.h:167:37:\x1b[m\x1b[K \x1b[01;36m\x1b[Knote: \x1b[m\x1b[Kdeclared here\n'}
[11.266633] (ros2_orbslam3) StderrLine: {'line': b'  167 | EIGEN_DEPRECATED const unsigned int \x1b[01;36m\x1b[KAlignedBit\x1b[m\x1b[K = 0x80;\n'}
[11.266730] (ros2_orbslam3) StderrLine: {'line': b'      |                                     \x1b[01;36m\x1b[K^~~~~~~~~~\x1b[m\x1b[K\n'}
[11.358612] (ros2_orbslam3) StderrLine: {'line': b'In file included from \x1b[01m\x1b[K/home/henrique/ORB_SLAM3_Modular/Thirdparty/g2o/g2o/types/types_six_dof_expmap.h:41\x1b[m\x1b[K,\n'}
[11.358879] (ros2_orbslam3) StderrLine: {'line': b'                 from \x1b[01m\x1b[K/home/henrique/ORB_SLAM3_Modular/include/Converter.h:26\x1b[m\x1b[K,\n'}
[11.358994] (ros2_orbslam3) StderrLine: {'line': b'                 from \x1b[01m\x1b[K/home/henrique/ORB_SLAM3_Modular/include/Frame.h:33\x1b[m\x1b[K,\n'}
[11.359093] (ros2_orbslam3) StderrLine: {'line': b'                 from \x1b[01m\x1b[K/home/henrique/ORB_SLAM3_Modular/include/KeyFrame.h:28\x1b[m\x1b[K,\n'}
[11.359226] (ros2_orbslam3) StderrLine: {'line': b'                 from \x1b[01m\x1b[K/home/henrique/ORB_SLAM3_Modular/include/MapPoint.h:23\x1b[m\x1b[K,\n'}
[11.359326] (ros2_orbslam3) StderrLine: {'line': b'                 from \x1b[01m\x1b[K/home/henrique/ORB_SLAM3_Modular/include/FrameDrawer.h:24\x1b[m\x1b[K,\n'}
[11.359426] (ros2_orbslam3) StderrLine: {'line': b'                 from \x1b[01m\x1b[K/home/henrique/ORB_SLAM3_Modular/include/Viewer.h:23\x1b[m\x1b[K,\n'}
[11.359543] (ros2_orbslam3) StderrLine: {'line': b'                 from \x1b[01m\x1b[K/home/henrique/ORB_SLAM3_Modular/include/Tracking.h:26\x1b[m\x1b[K,\n'}
[11.359641] (ros2_orbslam3) StderrLine: {'line': b'                 from \x1b[01m\x1b[K/home/henrique/ORB_SLAM3_Modular/include/System.h:31\x1b[m\x1b[K,\n'}
[11.359739] (ros2_orbslam3) StderrLine: {'line': b'                 from \x1b[01m\x1b[K/home/henrique/ws_visao/kinect-orbslam-ws/src/ros2_orbslam3/src/rgbd/rgbd-slam-node.hpp:34\x1b[m\x1b[K,\n'}
[11.359837] (ros2_orbslam3) StderrLine: {'line': b'                 from \x1b[01m\x1b[K/home/henrique/ws_visao/kinect-orbslam-ws/src/ros2_orbslam3/src/rgbd/rgbd-slam-node.cpp:13\x1b[m\x1b[K:\n'}
[11.359934] (-) TimerEvent: {}
[11.360116] (ros2_orbslam3) StderrLine: {'line': b'\x1b[01m\x1b[K/home/henrique/ORB_SLAM3_Modular/Thirdparty/g2o/g2o/types/se3quat.h:43:38:\x1b[m\x1b[K \x1b[01;35m\x1b[Kwarning: \x1b[m\x1b[Kextra \xe2\x80\x98\x1b[01m\x1b[K;\x1b[m\x1b[K\xe2\x80\x99 [\x1b[01;35m\x1b[K\x1b]8;;https://gcc.gnu.org/onlinedocs/gcc/Warning-Options.html#index-Wpedantic\x07-Wpedantic\x1b]8;;\x07\x1b[m\x1b[K]\n'}
[11.360303] (ros2_orbslam3) StderrLine: {'line': b'   43 |       EIGEN_MAKE_ALIGNED_OPERATOR_NEW\x1b[01;35m\x1b[K;\x1b[m\x1b[K\n'}
[11.360412] (ros2_orbslam3) StderrLine: {'line': b'      |                                      \x1b[01;35m\x1b[K^\x1b[m\x1b[K\n'}
[11.360515] (ros2_orbslam3) StderrLine: {'line': b'      |                                      \x1b[31m\x1b[K-\x1b[m\x1b[K\n'}
[11.460208] (-) TimerEvent: {}
[11.560730] (-) TimerEvent: {}
[11.613320] (ros2_orbslam3) StderrLine: {'line': b'In file included from \x1b[01m\x1b[K/home/henrique/ORB_SLAM3_Modular/Thirdparty/g2o/g2o/types/types_six_dof_expmap.h:37\x1b[m\x1b[K,\n'}
[11.613613] (ros2_orbslam3) StderrLine: {'line': b'                 from \x1b[01m\x1b[K/home/henrique/ORB_SLAM3_Modular/include/Converter.h:26\x1b[m\x1b[K,\n'}
[11.613738] (ros2_orbslam3) StderrLine: {'line': b'                 from \x1b[01m\x1b[K/home/henrique/ORB_SLAM3_Modular/include/Frame.h:33\x1b[m\x1b[K,\n'}
[11.613847] (ros2_orbslam3) StderrLine: {'line': b'                 from \x1b[01m\x1b[K/home/henrique/ORB_SLAM3_Modular/include/KeyFrame.h:28\x1b[m\x1b[K,\n'}
[11.613956] (ros2_orbslam3) StderrLine: {'line': b'                 from \x1b[01m\x1b[K/home/henrique/ORB_SLAM3_Modular/include/MapPoint.h:23\x1b[m\x1b[K,\n'}
[11.614064] (ros2_orbslam3) StderrLine: {'line': b'                 from \x1b[01m\x1b[K/home/henrique/ORB_SLAM3_Modular/include/FrameDrawer.h:24\x1b[m\x1b[K,\n'}
[11.614191] (ros2_orbslam3) StderrLine: {'line': b'                 from \x1b[01m\x1b[K/home/henrique/ORB_SLAM3_Modular/include/Viewer.h:23\x1b[m\x1b[K,\n'}
[11.614305] (ros2_orbslam3) StderrLine: {'line': b'                 from \x1b[01m\x1b[K/home/henrique/ORB_SLAM3_Modular/include/Tracking.h:26\x1b[m\x1b[K,\n'}
[11.614412] (ros2_orbslam3) StderrLine: {'line': b'                 from \x1b[01m\x1b[K/home/henrique/ORB_SLAM3_Modular/include/System.h:31\x1b[m\x1b[K,\n'}
[11.614517] (ros2_orbslam3) StderrLine: {'line': b'                 from \x1b[01m\x1b[K/home/henrique/ws_visao/kinect-orbslam-ws/src/ros2_orbslam3/src/rgbd/rgbd.cpp:16\x1b[m\x1b[K:\n'}
[11.614621] (ros2_orbslam3) StderrLine: {'line': b'/home/henrique/ORB_SLAM3_Modular/Thirdparty/g2o/g2o/types/../core/base_vertex.h: In instantiation of \xe2\x80\x98\x1b[01m\x1b[Kclass g2o::BaseVertex<3, Eigen::Matrix<double, 3, 1> >\x1b[m\x1b[K\xe2\x80\x99:\n'}
[11.614729] (ros2_orbslam3) StderrLine: {'line': b'\x1b[01m\x1b[K/home/henrique/ORB_SLAM3_Modular/Thirdparty/g2o/g2o/types/types_sba.h:40:35:\x1b[m\x1b[K   required from here\n'}
[11.614832] (ros2_orbslam3) StderrLine: {'line': b'\x1b[01m\x1b[K/home/henrique/ORB_SLAM3_Modular/Thirdparty/g2o/g2o/types/../core/base_vertex.h:62:72:\x1b[m\x1b[K \x1b[01;35m\x1b[Kwarning: \x1b[m\x1b[K\xe2\x80\x98\x1b[01m\x1b[KEigen::AlignedBit\x1b[m\x1b[K\xe2\x80\x99 is deprecated [\x1b[01;35m\x1b[K\x1b]8;;https://gcc.gnu.org/onlinedocs/gcc/Warning-Options.html#index-Wdeprecated-declarations\x07-Wdeprecated-declarations\x1b]8;;\x07\x1b[m\x1b[K]\n'}
[11.614968] (ros2_orbslam3) StderrLine: {'line': b'   62 |     typedef Eigen::Map<Matrix<double, D, D>, Matrix<double,D,D>::\x1b[01;35m\x1b[KFlags & AlignedBit\x1b[m\x1b[K ? Aligned : Unaligned >  HessianBlockType;\n'}
[11.615073] (ros2_orbslam3) StderrLine: {'line': b'      |                                                                  \x1b[01;35m\x1b[K~~~~~~^~~~~~~~~~~~\x1b[m\x1b[K\n'}
[11.615189] (ros2_orbslam3) StderrLine: {'line': b'In file included from \x1b[01m\x1b[K/usr/include/eigen3/Eigen/Core:161\x1b[m\x1b[K,\n'}
[11.615294] (ros2_orbslam3) StderrLine: {'line': b'                 from \x1b[01m\x1b[K/usr/include/eigen3/Eigen/LU:11\x1b[m\x1b[K,\n'}
[11.615398] (ros2_orbslam3) StderrLine: {'line': b'                 from \x1b[01m\x1b[K/home/henrique/ORB_SLAM3_Modular/Thirdparty/Sophus/sophus/so2.hpp:12\x1b[m\x1b[K,\n'}
[11.615507] (ros2_orbslam3) StderrLine: {'line': b'                 from \x1b[01m\x1b[K/home/henrique/ORB_SLAM3_Modular/Thirdparty/Sophus/sophus/se2.hpp:7\x1b[m\x1b[K,\n'}
[11.615616] (ros2_orbslam3) StderrLine: {'line': b'                 from \x1b[01m\x1b[K/home/henrique/ORB_SLAM3_Modular/Thirdparty/Sophus/sophus/geometry.hpp:7\x1b[m\x1b[K,\n'}
[11.615721] (ros2_orbslam3) StderrLine: {'line': b'                 from \x1b[01m\x1b[K/home/henrique/ORB_SLAM3_Modular/include/Frame.h:28\x1b[m\x1b[K,\n'}
[11.615828] (ros2_orbslam3) StderrLine: {'line': b'                 from \x1b[01m\x1b[K/home/henrique/ORB_SLAM3_Modular/include/KeyFrame.h:28\x1b[m\x1b[K,\n'}
[11.615935] (ros2_orbslam3) StderrLine: {'line': b'                 from \x1b[01m\x1b[K/home/henrique/ORB_SLAM3_Modular/include/MapPoint.h:23\x1b[m\x1b[K,\n'}
[11.616039] (ros2_orbslam3) StderrLine: {'line': b'                 from \x1b[01m\x1b[K/home/henrique/ORB_SLAM3_Modular/include/FrameDrawer.h:24\x1b[m\x1b[K,\n'}
[11.616148] (ros2_orbslam3) StderrLine: {'line': b'                 from \x1b[01m\x1b[K/home/henrique/ORB_SLAM3_Modular/include/Viewer.h:23\x1b[m\x1b[K,\n'}
[11.616253] (ros2_orbslam3) StderrLine: {'line': b'                 from \x1b[01m\x1b[K/home/henrique/ORB_SLAM3_Modular/include/Tracking.h:26\x1b[m\x1b[K,\n'}
[11.616353] (ros2_orbslam3) StderrLine: {'line': b'                 from \x1b[01m\x1b[K/home/henrique/ORB_SLAM3_Modular/include/System.h:31\x1b[m\x1b[K,\n'}
[11.616451] (ros2_orbslam3) StderrLine: {'line': b'                 from \x1b[01m\x1b[K/home/henrique/ws_visao/kinect-orbslam-ws/src/ros2_orbslam3/src/rgbd/rgbd.cpp:16\x1b[m\x1b[K:\n'}
[11.616547] (ros2_orbslam3) StderrLine: {'line': b'\x1b[01m\x1b[K/usr/include/eigen3/Eigen/src/Core/util/Constants.h:167:37:\x1b[m\x1b[K \x1b[01;36m\x1b[Knote: \x1b[m\x1b[Kdeclared here\n'}
[11.616647] (ros2_orbslam3) StderrLine: {'line': b'  167 | EIGEN_DEPRECATED const unsigned int \x1b[01;36m\x1b[KAlignedBit\x1b[m\x1b[K = 0x80;\n'}
[11.616747] (ros2_orbslam3) StderrLine: {'line': b'      |                                     \x1b[01;36m\x1b[K^~~~~~~~~~\x1b[m\x1b[K\n'}
[11.660953] (-) TimerEvent: {}
[11.670083] (ros2_orbslam3) StderrLine: {'line': b'In file included from \x1b[01m\x1b[K/home/henrique/ORB_SLAM3_Modular/Thirdparty/g2o/g2o/types/types_six_dof_expmap.h:37\x1b[m\x1b[K,\n'}
[11.670377] (ros2_orbslam3) StderrLine: {'line': b'                 from \x1b[01m\x1b[K/home/henrique/ORB_SLAM3_Modular/include/Converter.h:26\x1b[m\x1b[K,\n'}
[11.670521] (ros2_orbslam3) StderrLine: {'line': b'                 from \x1b[01m\x1b[K/home/henrique/ORB_SLAM3_Modular/include/Frame.h:33\x1b[m\x1b[K,\n'}
[11.670629] (ros2_orbslam3) StderrLine: {'line': b'                 from \x1b[01m\x1b[K/home/henrique/ORB_SLAM3_Modular/include/KeyFrame.h:28\x1b[m\x1b[K,\n'}
[11.670737] (ros2_orbslam3) StderrLine: {'line': b'                 from \x1b[01m\x1b[K/home/henrique/ORB_SLAM3_Modular/include/MapPoint.h:23\x1b[m\x1b[K,\n'}
[11.670837] (ros2_orbslam3) StderrLine: {'line': b'                 from \x1b[01m\x1b[K/home/henrique/ORB_SLAM3_Modular/include/FrameDrawer.h:24\x1b[m\x1b[K,\n'}
[11.670937] (ros2_orbslam3) StderrLine: {'line': b'                 from \x1b[01m\x1b[K/home/henrique/ORB_SLAM3_Modular/include/Viewer.h:23\x1b[m\x1b[K,\n'}
[11.671042] (ros2_orbslam3) StderrLine: {'line': b'                 from \x1b[01m\x1b[K/home/henrique/ORB_SLAM3_Modular/include/Tracking.h:26\x1b[m\x1b[K,\n'}
[11.671155] (ros2_orbslam3) StderrLine: {'line': b'                 from \x1b[01m\x1b[K/home/henrique/ORB_SLAM3_Modular/include/System.h:31\x1b[m\x1b[K,\n'}
[11.671257] (ros2_orbslam3) StderrLine: {'line': b'                 from \x1b[01m\x1b[K/home/henrique/ws_visao/kinect-orbslam-ws/src/ros2_orbslam3/src/rgbd/rgbd.cpp:16\x1b[m\x1b[K:\n'}
[11.671361] (ros2_orbslam3) StderrLine: {'line': b'/home/henrique/ORB_SLAM3_Modular/Thirdparty/g2o/g2o/types/../core/base_vertex.h: In instantiation of \xe2\x80\x98\x1b[01m\x1b[Kclass g2o::BaseVertex<6, g2o::SE3Quat>\x1b[m\x1b[K\xe2\x80\x99:\n'}
[11.671518] (ros2_orbslam3) StderrLine: {'line': b'\x1b[01m\x1b[K/home/henrique/ORB_SLAM3_Modular/Thirdparty/g2o/g2o/types/types_six_dof_expmap.h:59:33:\x1b[m\x1b[K   required from here\n'}
[11.671683] (ros2_orbslam3) StderrLine: {'line': b'\x1b[01m\x1b[K/home/henrique/ORB_SLAM3_Modular/Thirdparty/g2o/g2o/types/../core/base_vertex.h:62:72:\x1b[m\x1b[K \x1b[01;35m\x1b[Kwarning: \x1b[m\x1b[K\xe2\x80\x98\x1b[01m\x1b[KEigen::AlignedBit\x1b[m\x1b[K\xe2\x80\x99 is deprecated [\x1b[01;35m\x1b[K\x1b]8;;https://gcc.gnu.org/onlinedocs/gcc/Warning-Options.html#index-Wdeprecated-declarations\x07-Wdeprecated-declarations\x1b]8;;\x07\x1b[m\x1b[K]\n'}
[11.671862] (ros2_orbslam3) StderrLine: {'line': b'   62 |     typedef Eigen::Map<Matrix<double, D, D>, Matrix<double,D,D>::\x1b[01;35m\x1b[KFlags & AlignedBit\x1b[m\x1b[K ? Aligned : Unaligned >  HessianBlockType;\n'}
[11.672021] (ros2_orbslam3) StderrLine: {'line': b'      |                                                                  \x1b[01;35m\x1b[K~~~~~~^~~~~~~~~~~~\x1b[m\x1b[K\n'}
[11.672201] (ros2_orbslam3) StderrLine: {'line': b'In file included from \x1b[01m\x1b[K/usr/include/eigen3/Eigen/Core:161\x1b[m\x1b[K,\n'}
[11.672339] (ros2_orbslam3) StderrLine: {'line': b'                 from \x1b[01m\x1b[K/usr/include/eigen3/Eigen/LU:11\x1b[m\x1b[K,\n'}
[11.672442] (ros2_orbslam3) StderrLine: {'line': b'                 from \x1b[01m\x1b[K/home/henrique/ORB_SLAM3_Modular/Thirdparty/Sophus/sophus/so2.hpp:12\x1b[m\x1b[K,\n'}
[11.672540] (ros2_orbslam3) StderrLine: {'line': b'                 from \x1b[01m\x1b[K/home/henrique/ORB_SLAM3_Modular/Thirdparty/Sophus/sophus/se2.hpp:7\x1b[m\x1b[K,\n'}
[11.672638] (ros2_orbslam3) StderrLine: {'line': b'                 from \x1b[01m\x1b[K/home/henrique/ORB_SLAM3_Modular/Thirdparty/Sophus/sophus/geometry.hpp:7\x1b[m\x1b[K,\n'}
[11.672736] (ros2_orbslam3) StderrLine: {'line': b'                 from \x1b[01m\x1b[K/home/henrique/ORB_SLAM3_Modular/include/Frame.h:28\x1b[m\x1b[K,\n'}
[11.672833] (ros2_orbslam3) StderrLine: {'line': b'                 from \x1b[01m\x1b[K/home/henrique/ORB_SLAM3_Modular/include/KeyFrame.h:28\x1b[m\x1b[K,\n'}
[11.672932] (ros2_orbslam3) StderrLine: {'line': b'                 from \x1b[01m\x1b[K/home/henrique/ORB_SLAM3_Modular/include/MapPoint.h:23\x1b[m\x1b[K,\n'}
[11.673030] (ros2_orbslam3) StderrLine: {'line': b'                 from \x1b[01m\x1b[K/home/henrique/ORB_SLAM3_Modular/include/FrameDrawer.h:24\x1b[m\x1b[K,\n'}
[11.673139] (ros2_orbslam3) StderrLine: {'line': b'                 from \x1b[01m\x1b[K/home/henrique/ORB_SLAM3_Modular/include/Viewer.h:23\x1b[m\x1b[K,\n'}
[11.673242] (ros2_orbslam3) StderrLine: {'line': b'                 from \x1b[01m\x1b[K/home/henrique/ORB_SLAM3_Modular/include/Tracking.h:26\x1b[m\x1b[K,\n'}
[11.673348] (ros2_orbslam3) StderrLine: {'line': b'                 from \x1b[01m\x1b[K/home/henrique/ORB_SLAM3_Modular/include/System.h:31\x1b[m\x1b[K,\n'}
[11.673447] (ros2_orbslam3) StderrLine: {'line': b'                 from \x1b[01m\x1b[K/home/henrique/ws_visao/kinect-orbslam-ws/src/ros2_orbslam3/src/rgbd/rgbd.cpp:16\x1b[m\x1b[K:\n'}
[11.673547] (ros2_orbslam3) StderrLine: {'line': b'\x1b[01m\x1b[K/usr/include/eigen3/Eigen/src/Core/util/Constants.h:167:37:\x1b[m\x1b[K \x1b[01;36m\x1b[Knote: \x1b[m\x1b[Kdeclared here\n'}
[11.673656] (ros2_orbslam3) StderrLine: {'line': b'  167 | EIGEN_DEPRECATED const unsigned int \x1b[01;36m\x1b[KAlignedBit\x1b[m\x1b[K = 0x80;\n'}
[11.673757] (ros2_orbslam3) StderrLine: {'line': b'      |                                     \x1b[01;36m\x1b[K^~~~~~~~~~\x1b[m\x1b[K\n'}
[11.728831] (ros2_orbslam3) StderrLine: {'line': b'In file included from \x1b[01m\x1b[K/home/henrique/ORB_SLAM3_Modular/Thirdparty/g2o/g2o/types/types_six_dof_expmap.h:38\x1b[m\x1b[K,\n'}
[11.729291] (ros2_orbslam3) StderrLine: {'line': b'                 from \x1b[01m\x1b[K/home/henrique/ORB_SLAM3_Modular/include/Converter.h:26\x1b[m\x1b[K,\n'}
[11.729713] (ros2_orbslam3) StderrLine: {'line': b'                 from \x1b[01m\x1b[K/home/henrique/ORB_SLAM3_Modular/include/Frame.h:33\x1b[m\x1b[K,\n'}
[11.729816] (ros2_orbslam3) StderrLine: {'line': b'                 from \x1b[01m\x1b[K/home/henrique/ORB_SLAM3_Modular/include/KeyFrame.h:28\x1b[m\x1b[K,\n'}
[11.729924] (ros2_orbslam3) StderrLine: {'line': b'                 from \x1b[01m\x1b[K/home/henrique/ORB_SLAM3_Modular/include/MapPoint.h:23\x1b[m\x1b[K,\n'}
[11.730026] (ros2_orbslam3) StderrLine: {'line': b'                 from \x1b[01m\x1b[K/home/henrique/ORB_SLAM3_Modular/include/FrameDrawer.h:24\x1b[m\x1b[K,\n'}
[11.730153] (ros2_orbslam3) StderrLine: {'line': b'                 from \x1b[01m\x1b[K/home/henrique/ORB_SLAM3_Modular/include/Viewer.h:23\x1b[m\x1b[K,\n'}
[11.730259] (ros2_orbslam3) StderrLine: {'line': b'                 from \x1b[01m\x1b[K/home/henrique/ORB_SLAM3_Modular/include/Tracking.h:26\x1b[m\x1b[K,\n'}
[11.730358] (ros2_orbslam3) StderrLine: {'line': b'                 from \x1b[01m\x1b[K/home/henrique/ORB_SLAM3_Modular/include/System.h:31\x1b[m\x1b[K,\n'}
[11.730456] (ros2_orbslam3) StderrLine: {'line': b'                 from \x1b[01m\x1b[K/home/henrique/ws_visao/kinect-orbslam-ws/src/ros2_orbslam3/src/rgbd/rgbd.cpp:16\x1b[m\x1b[K:\n'}
[11.730557] (ros2_orbslam3) StderrLine: {'line': b'/home/henrique/ORB_SLAM3_Modular/Thirdparty/g2o/g2o/types/../core/base_binary_edge.h: In instantiation of \xe2\x80\x98\x1b[01m\x1b[Kclass g2o::BaseBinaryEdge<6, g2o::SE3Quat, g2o::VertexSE3Expmap, g2o::VertexSE3Expmap>\x1b[m\x1b[K\xe2\x80\x99:\n'}
[11.730662] (ros2_orbslam3) StderrLine: {'line': b'\x1b[01m\x1b[K/home/henrique/ORB_SLAM3_Modular/Thirdparty/g2o/g2o/types/types_six_dof_expmap.h:83:24:\x1b[m\x1b[K   required from here\n'}
[11.730761] (ros2_orbslam3) StderrLine: {'line': b'\x1b[01m\x1b[K/home/henrique/ORB_SLAM3_Modular/Thirdparty/g2o/g2o/types/../core/base_binary_edge.h:59:80:\x1b[m\x1b[K \x1b[01;35m\x1b[Kwarning: \x1b[m\x1b[K\xe2\x80\x98\x1b[01m\x1b[KEigen::AlignedBit\x1b[m\x1b[K\xe2\x80\x99 is deprecated [\x1b[01;35m\x1b[K\x1b]8;;https://gcc.gnu.org/onlinedocs/gcc/Warning-Options.html#index-Wdeprecated-declarations\x07-Wdeprecated-declarations\x1b]8;;\x07\x1b[m\x1b[K]\n'}
[11.730866] (ros2_orbslam3) StderrLine: {'line': b'   59 |       typedef Eigen::Map<Matrix<double, Di, Dj>, Matrix<double, Di, Dj>::\x1b[01;35m\x1b[KFlags & AlignedBit\x1b[m\x1b[K ? Aligned : Unaligned > HessianBlockType;\n'}
[11.730965] (ros2_orbslam3) StderrLine: {'line': b'      |                                                                          \x1b[01;35m\x1b[K~~~~~~^~~~~~~~~~~~\x1b[m\x1b[K\n'}
[11.731064] (ros2_orbslam3) StderrLine: {'line': b'In file included from \x1b[01m\x1b[K/usr/include/eigen3/Eigen/Core:161\x1b[m\x1b[K,\n'}
[11.731177] (ros2_orbslam3) StderrLine: {'line': b'                 from \x1b[01m\x1b[K/usr/include/eigen3/Eigen/LU:11\x1b[m\x1b[K,\n'}
[11.731275] (ros2_orbslam3) StderrLine: {'line': b'                 from \x1b[01m\x1b[K/home/henrique/ORB_SLAM3_Modular/Thirdparty/Sophus/sophus/so2.hpp:12\x1b[m\x1b[K,\n'}
[11.731370] (ros2_orbslam3) StderrLine: {'line': b'                 from \x1b[01m\x1b[K/home/henrique/ORB_SLAM3_Modular/Thirdparty/Sophus/sophus/se2.hpp:7\x1b[m\x1b[K,\n'}
[11.731465] (ros2_orbslam3) StderrLine: {'line': b'                 from \x1b[01m\x1b[K/home/henrique/ORB_SLAM3_Modular/Thirdparty/Sophus/sophus/geometry.hpp:7\x1b[m\x1b[K,\n'}
[11.731570] (ros2_orbslam3) StderrLine: {'line': b'                 from \x1b[01m\x1b[K/home/henrique/ORB_SLAM3_Modular/include/Frame.h:28\x1b[m\x1b[K,\n'}
[11.731666] (ros2_orbslam3) StderrLine: {'line': b'                 from \x1b[01m\x1b[K/home/henrique/ORB_SLAM3_Modular/include/KeyFrame.h:28\x1b[m\x1b[K,\n'}
[11.731765] (ros2_orbslam3) StderrLine: {'line': b'                 from \x1b[01m\x1b[K/home/henrique/ORB_SLAM3_Modular/include/MapPoint.h:23\x1b[m\x1b[K,\n'}
[11.731860] (ros2_orbslam3) StderrLine: {'line': b'                 from \x1b[01m\x1b[K/home/henrique/ORB_SLAM3_Modular/include/FrameDrawer.h:24\x1b[m\x1b[K,\n'}
[11.731959] (ros2_orbslam3) StderrLine: {'line': b'                 from \x1b[01m\x1b[K/home/henrique/ORB_SLAM3_Modular/include/Viewer.h:23\x1b[m\x1b[K,\n'}
[11.732055] (ros2_orbslam3) StderrLine: {'line': b'                 from \x1b[01m\x1b[K/home/henrique/ORB_SLAM3_Modular/include/Tracking.h:26\x1b[m\x1b[K,\n'}
[11.732163] (ros2_orbslam3) StderrLine: {'line': b'                 from \x1b[01m\x1b[K/home/henrique/ORB_SLAM3_Modular/include/System.h:31\x1b[m\x1b[K,\n'}
[11.732263] (ros2_orbslam3) StderrLine: {'line': b'                 from \x1b[01m\x1b[K/home/henrique/ws_visao/kinect-orbslam-ws/src/ros2_orbslam3/src/rgbd/rgbd.cpp:16\x1b[m\x1b[K:\n'}
[11.732362] (ros2_orbslam3) StderrLine: {'line': b'\x1b[01m\x1b[K/usr/include/eigen3/Eigen/src/Core/util/Constants.h:167:37:\x1b[m\x1b[K \x1b[01;36m\x1b[Knote: \x1b[m\x1b[Kdeclared here\n'}
[11.732462] (ros2_orbslam3) StderrLine: {'line': b'  167 | EIGEN_DEPRECATED const unsigned int \x1b[01;36m\x1b[KAlignedBit\x1b[m\x1b[K = 0x80;\n'}
[11.732562] (ros2_orbslam3) StderrLine: {'line': b'      |                                     \x1b[01;36m\x1b[K^~~~~~~~~~\x1b[m\x1b[K\n'}
[11.732659] (ros2_orbslam3) StderrLine: {'line': b'In file included from \x1b[01m\x1b[K/home/henrique/ORB_SLAM3_Modular/Thirdparty/g2o/g2o/types/types_six_dof_expmap.h:38\x1b[m\x1b[K,\n'}
[11.732760] (ros2_orbslam3) StderrLine: {'line': b'                 from \x1b[01m\x1b[K/home/henrique/ORB_SLAM3_Modular/include/Converter.h:26\x1b[m\x1b[K,\n'}
[11.732858] (ros2_orbslam3) StderrLine: {'line': b'                 from \x1b[01m\x1b[K/home/henrique/ORB_SLAM3_Modular/include/Frame.h:33\x1b[m\x1b[K,\n'}
[11.732968] (ros2_orbslam3) StderrLine: {'line': b'                 from \x1b[01m\x1b[K/home/henrique/ORB_SLAM3_Modular/include/KeyFrame.h:28\x1b[m\x1b[K,\n'}
[11.733064] (ros2_orbslam3) StderrLine: {'line': b'                 from \x1b[01m\x1b[K/home/henrique/ORB_SLAM3_Modular/include/MapPoint.h:23\x1b[m\x1b[K,\n'}
[11.733180] (ros2_orbslam3) StderrLine: {'line': b'                 from \x1b[01m\x1b[K/home/henrique/ORB_SLAM3_Modular/include/FrameDrawer.h:24\x1b[m\x1b[K,\n'}
[11.733281] (ros2_orbslam3) StderrLine: {'line': b'                 from \x1b[01m\x1b[K/home/henrique/ORB_SLAM3_Modular/include/Viewer.h:23\x1b[m\x1b[K,\n'}
[11.733381] (ros2_orbslam3) StderrLine: {'line': b'                 from \x1b[01m\x1b[K/home/henrique/ORB_SLAM3_Modular/include/Tracking.h:26\x1b[m\x1b[K,\n'}
[11.733480] (ros2_orbslam3) StderrLine: {'line': b'                 from \x1b[01m\x1b[K/home/henrique/ORB_SLAM3_Modular/include/System.h:31\x1b[m\x1b[K,\n'}
[11.733581] (ros2_orbslam3) StderrLine: {'line': b'                 from \x1b[01m\x1b[K/home/henrique/ws_visao/kinect-orbslam-ws/src/ros2_orbslam3/src/rgbd/rgbd.cpp:16\x1b[m\x1b[K:\n'}
[11.733690] (ros2_orbslam3) StderrLine: {'line': b'\x1b[01m\x1b[K/home/henrique/ORB_SLAM3_Modular/Thirdparty/g2o/g2o/types/../core/base_binary_edge.h:60:80:\x1b[m\x1b[K \x1b[01;35m\x1b[Kwarning: \x1b[m\x1b[K\xe2\x80\x98\x1b[01m\x1b[KEigen::AlignedBit\x1b[m\x1b[K\xe2\x80\x99 is deprecated [\x1b[01;35m\x1b[K\x1b]8;;https://gcc.gnu.org/onlinedocs/gcc/Warning-Options.html#index-Wdeprecated-declarations\x07-Wdeprecated-declarations\x1b]8;;\x07\x1b[m\x1b[K]\n'}
[11.733799] (ros2_orbslam3) StderrLine: {'line': b'   60 |       typedef Eigen::Map<Matrix<double, Dj, Di>, Matrix<double, Dj, Di>::\x1b[01;35m\x1b[KFlags & AlignedBit\x1b[m\x1b[K ? Aligned : Unaligned > HessianBlockTransposedType;\n'}
[11.733906] (ros2_orbslam3) StderrLine: {'line': b'      |                                                                          \x1b[01;35m\x1b[K~~~~~~^~~~~~~~~~~~\x1b[m\x1b[K\n'}
[11.734017] (ros2_orbslam3) StderrLine: {'line': b'In file included from \x1b[01m\x1b[K/usr/include/eigen3/Eigen/Core:161\x1b[m\x1b[K,\n'}
[11.734122] (ros2_orbslam3) StderrLine: {'line': b'                 from \x1b[01m\x1b[K/usr/include/eigen3/Eigen/LU:11\x1b[m\x1b[K,\n'}
[11.734230] (ros2_orbslam3) StderrLine: {'line': b'                 from \x1b[01m\x1b[K/home/henrique/ORB_SLAM3_Modular/Thirdparty/Sophus/sophus/so2.hpp:12\x1b[m\x1b[K,\n'}
[11.734331] (ros2_orbslam3) StderrLine: {'line': b'                 from \x1b[01m\x1b[K/home/henrique/ORB_SLAM3_Modular/Thirdparty/Sophus/sophus/se2.hpp:7\x1b[m\x1b[K,\n'}
[11.734432] (ros2_orbslam3) StderrLine: {'line': b'                 from \x1b[01m\x1b[K/home/henrique/ORB_SLAM3_Modular/Thirdparty/Sophus/sophus/geometry.hpp:7\x1b[m\x1b[K,\n'}
[11.734532] (ros2_orbslam3) StderrLine: {'line': b'                 from \x1b[01m\x1b[K/home/henrique/ORB_SLAM3_Modular/include/Frame.h:28\x1b[m\x1b[K,\n'}
[11.734636] (ros2_orbslam3) StderrLine: {'line': b'                 from \x1b[01m\x1b[K/home/henrique/ORB_SLAM3_Modular/include/KeyFrame.h:28\x1b[m\x1b[K,\n'}
[11.734737] (ros2_orbslam3) StderrLine: {'line': b'                 from \x1b[01m\x1b[K/home/henrique/ORB_SLAM3_Modular/include/MapPoint.h:23\x1b[m\x1b[K,\n'}
[11.734836] (ros2_orbslam3) StderrLine: {'line': b'                 from \x1b[01m\x1b[K/home/henrique/ORB_SLAM3_Modular/include/FrameDrawer.h:24\x1b[m\x1b[K,\n'}
[11.734935] (ros2_orbslam3) StderrLine: {'line': b'                 from \x1b[01m\x1b[K/home/henrique/ORB_SLAM3_Modular/include/Viewer.h:23\x1b[m\x1b[K,\n'}
[11.735030] (ros2_orbslam3) StderrLine: {'line': b'                 from \x1b[01m\x1b[K/home/henrique/ORB_SLAM3_Modular/include/Tracking.h:26\x1b[m\x1b[K,\n'}
[11.735139] (ros2_orbslam3) StderrLine: {'line': b'                 from \x1b[01m\x1b[K/home/henrique/ORB_SLAM3_Modular/include/System.h:31\x1b[m\x1b[K,\n'}
[11.735244] (ros2_orbslam3) StderrLine: {'line': b'                 from \x1b[01m\x1b[K/home/henrique/ws_visao/kinect-orbslam-ws/src/ros2_orbslam3/src/rgbd/rgbd.cpp:16\x1b[m\x1b[K:\n'}
[11.735344] (ros2_orbslam3) StderrLine: {'line': b'\x1b[01m\x1b[K/usr/include/eigen3/Eigen/src/Core/util/Constants.h:167:37:\x1b[m\x1b[K \x1b[01;36m\x1b[Knote: \x1b[m\x1b[Kdeclared here\n'}
[11.735443] (ros2_orbslam3) StderrLine: {'line': b'  167 | EIGEN_DEPRECATED const unsigned int \x1b[01;36m\x1b[KAlignedBit\x1b[m\x1b[K = 0x80;\n'}
[11.735543] (ros2_orbslam3) StderrLine: {'line': b'      |                                     \x1b[01;36m\x1b[K^~~~~~~~~~\x1b[m\x1b[K\n'}
[11.761185] (-) TimerEvent: {}
[11.861689] (-) TimerEvent: {}
[11.877617] (ros2_orbslam3) StderrLine: {'line': b'In file included from \x1b[01m\x1b[K/home/henrique/ORB_SLAM3_Modular/Thirdparty/g2o/g2o/types/types_six_dof_expmap.h:38\x1b[m\x1b[K,\n'}
[11.877924] (ros2_orbslam3) StderrLine: {'line': b'                 from \x1b[01m\x1b[K/home/henrique/ORB_SLAM3_Modular/include/Converter.h:26\x1b[m\x1b[K,\n'}
[11.878056] (ros2_orbslam3) StderrLine: {'line': b'                 from \x1b[01m\x1b[K/home/henrique/ORB_SLAM3_Modular/include/Frame.h:33\x1b[m\x1b[K,\n'}
[11.878191] (ros2_orbslam3) StderrLine: {'line': b'                 from \x1b[01m\x1b[K/home/henrique/ORB_SLAM3_Modular/include/KeyFrame.h:28\x1b[m\x1b[K,\n'}
[11.878308] (ros2_orbslam3) StderrLine: {'line': b'                 from \x1b[01m\x1b[K/home/henrique/ORB_SLAM3_Modular/include/MapPoint.h:23\x1b[m\x1b[K,\n'}
[11.878417] (ros2_orbslam3) StderrLine: {'line': b'                 from \x1b[01m\x1b[K/home/henrique/ORB_SLAM3_Modular/include/FrameDrawer.h:24\x1b[m\x1b[K,\n'}
[11.878523] (ros2_orbslam3) StderrLine: {'line': b'                 from \x1b[01m\x1b[K/home/henrique/ORB_SLAM3_Modular/include/Viewer.h:23\x1b[m\x1b[K,\n'}
[11.878628] (ros2_orbslam3) StderrLine: {'line': b'                 from \x1b[01m\x1b[K/home/henrique/ORB_SLAM3_Modular/include/Tracking.h:26\x1b[m\x1b[K,\n'}
[11.878751] (ros2_orbslam3) StderrLine: {'line': b'                 from \x1b[01m\x1b[K/home/henrique/ORB_SLAM3_Modular/include/System.h:31\x1b[m\x1b[K,\n'}
[11.878855] (ros2_orbslam3) StderrLine: {'line': b'                 from \x1b[01m\x1b[K/home/henrique/ws_visao/kinect-orbslam-ws/src/ros2_orbslam3/src/rgbd/rgbd.cpp:16\x1b[m\x1b[K:\n'}
[11.878965] (ros2_orbslam3) StderrLine: {'line': b'/home/henrique/ORB_SLAM3_Modular/Thirdparty/g2o/g2o/types/../core/base_binary_edge.h: In instantiation of \xe2\x80\x98\x1b[01m\x1b[Kclass g2o::BaseBinaryEdge<2, Eigen::Matrix<double, 2, 1>, g2o::VertexSBAPointXYZ, g2o::VertexSE3Expmap>\x1b[m\x1b[K\xe2\x80\x99:\n'}
[11.879079] (ros2_orbslam3) StderrLine: {'line': b'\x1b[01m\x1b[K/home/henrique/ORB_SLAM3_Modular/Thirdparty/g2o/g2o/types/types_six_dof_expmap.h:114:35:\x1b[m\x1b[K   required from here\n'}
[11.879206] (ros2_orbslam3) StderrLine: {'line': b'\x1b[01m\x1b[K/home/henrique/ORB_SLAM3_Modular/Thirdparty/g2o/g2o/types/../core/base_binary_edge.h:59:80:\x1b[m\x1b[K \x1b[01;35m\x1b[Kwarning: \x1b[m\x1b[K\xe2\x80\x98\x1b[01m\x1b[KEigen::AlignedBit\x1b[m\x1b[K\xe2\x80\x99 is deprecated [\x1b[01;35m\x1b[K\x1b]8;;https://gcc.gnu.org/onlinedocs/gcc/Warning-Options.html#index-Wdeprecated-declarations\x07-Wdeprecated-declarations\x1b]8;;\x07\x1b[m\x1b[K]\n'}
[11.879334] (ros2_orbslam3) StderrLine: {'line': b'   59 |       typedef Eigen::Map<Matrix<double, Di, Dj>, Matrix<double, Di, Dj>::\x1b[01;35m\x1b[KFlags & AlignedBit\x1b[m\x1b[K ? Aligned : Unaligned > HessianBlockType;\n'}
[11.879445] (ros2_orbslam3) StderrLine: {'line': b'      |                                                                          \x1b[01;35m\x1b[K~~~~~~^~~~~~~~~~~~\x1b[m\x1b[K\n'}
[11.879552] (ros2_orbslam3) StderrLine: {'line': b'In file included from \x1b[01m\x1b[K/usr/include/eigen3/Eigen/Core:161\x1b[m\x1b[K,\n'}
[11.879660] (ros2_orbslam3) StderrLine: {'line': b'                 from \x1b[01m\x1b[K/usr/include/eigen3/Eigen/LU:11\x1b[m\x1b[K,\n'}
[11.879768] (ros2_orbslam3) StderrLine: {'line': b'                 from \x1b[01m\x1b[K/home/henrique/ORB_SLAM3_Modular/Thirdparty/Sophus/sophus/so2.hpp:12\x1b[m\x1b[K,\n'}
[11.879874] (ros2_orbslam3) StderrLine: {'line': b'                 from \x1b[01m\x1b[K/home/henrique/ORB_SLAM3_Modular/Thirdparty/Sophus/sophus/se2.hpp:7\x1b[m\x1b[K,\n'}
[11.879982] (ros2_orbslam3) StderrLine: {'line': b'                 from \x1b[01m\x1b[K/home/henrique/ORB_SLAM3_Modular/Thirdparty/Sophus/sophus/geometry.hpp:7\x1b[m\x1b[K,\n'}
[11.880091] (ros2_orbslam3) StderrLine: {'line': b'                 from \x1b[01m\x1b[K/home/henrique/ORB_SLAM3_Modular/include/Frame.h:28\x1b[m\x1b[K,\n'}
[11.880215] (ros2_orbslam3) StderrLine: {'line': b'                 from \x1b[01m\x1b[K/home/henrique/ORB_SLAM3_Modular/include/KeyFrame.h:28\x1b[m\x1b[K,\n'}
[11.880323] (ros2_orbslam3) StderrLine: {'line': b'                 from \x1b[01m\x1b[K/home/henrique/ORB_SLAM3_Modular/include/MapPoint.h:23\x1b[m\x1b[K,\n'}
[11.880431] (ros2_orbslam3) StderrLine: {'line': b'                 from \x1b[01m\x1b[K/home/henrique/ORB_SLAM3_Modular/include/FrameDrawer.h:24\x1b[m\x1b[K,\n'}
[11.880540] (ros2_orbslam3) StderrLine: {'line': b'                 from \x1b[01m\x1b[K/home/henrique/ORB_SLAM3_Modular/include/Viewer.h:23\x1b[m\x1b[K,\n'}
[11.880649] (ros2_orbslam3) StderrLine: {'line': b'                 from \x1b[01m\x1b[K/home/henrique/ORB_SLAM3_Modular/include/Tracking.h:26\x1b[m\x1b[K,\n'}
[11.880756] (ros2_orbslam3) StderrLine: {'line': b'                 from \x1b[01m\x1b[K/home/henrique/ORB_SLAM3_Modular/include/System.h:31\x1b[m\x1b[K,\n'}
[11.880864] (ros2_orbslam3) StderrLine: {'line': b'                 from \x1b[01m\x1b[K/home/henrique/ws_visao/kinect-orbslam-ws/src/ros2_orbslam3/src/rgbd/rgbd.cpp:16\x1b[m\x1b[K:\n'}
[11.880971] (ros2_orbslam3) StderrLine: {'line': b'\x1b[01m\x1b[K/usr/include/eigen3/Eigen/src/Core/util/Constants.h:167:37:\x1b[m\x1b[K \x1b[01;36m\x1b[Knote: \x1b[m\x1b[Kdeclared here\n'}
[11.881079] (ros2_orbslam3) StderrLine: {'line': b'  167 | EIGEN_DEPRECATED const unsigned int \x1b[01;36m\x1b[KAlignedBit\x1b[m\x1b[K = 0x80;\n'}
[11.881213] (ros2_orbslam3) StderrLine: {'line': b'      |                                     \x1b[01;36m\x1b[K^~~~~~~~~~\x1b[m\x1b[K\n'}
[11.910126] (ros2_orbslam3) StderrLine: {'line': b'In file included from \x1b[01m\x1b[K/home/henrique/ORB_SLAM3_Modular/Thirdparty/g2o/g2o/types/types_six_dof_expmap.h:38\x1b[m\x1b[K,\n'}
[11.910673] (ros2_orbslam3) StderrLine: {'line': b'                 from \x1b[01m\x1b[K/home/henrique/ORB_SLAM3_Modular/include/Converter.h:26\x1b[m\x1b[K,\n'}
[11.910816] (ros2_orbslam3) StderrLine: {'line': b'                 from \x1b[01m\x1b[K/home/henrique/ORB_SLAM3_Modular/include/Frame.h:33\x1b[m\x1b[K,\n'}
[11.910934] (ros2_orbslam3) StderrLine: {'line': b'                 from \x1b[01m\x1b[K/home/henrique/ORB_SLAM3_Modular/include/KeyFrame.h:28\x1b[m\x1b[K,\n'}
[11.911051] (ros2_orbslam3) StderrLine: {'line': b'                 from \x1b[01m\x1b[K/home/henrique/ORB_SLAM3_Modular/include/MapPoint.h:23\x1b[m\x1b[K,\n'}
[11.911198] (ros2_orbslam3) StderrLine: {'line': b'                 from \x1b[01m\x1b[K/home/henrique/ORB_SLAM3_Modular/include/FrameDrawer.h:24\x1b[m\x1b[K,\n'}
[11.911321] (ros2_orbslam3) StderrLine: {'line': b'                 from \x1b[01m\x1b[K/home/henrique/ORB_SLAM3_Modular/include/Viewer.h:23\x1b[m\x1b[K,\n'}
[11.911440] (ros2_orbslam3) StderrLine: {'line': b'                 from \x1b[01m\x1b[K/home/henrique/ORB_SLAM3_Modular/include/Tracking.h:26\x1b[m\x1b[K,\n'}
[11.911555] (ros2_orbslam3) StderrLine: {'line': b'                 from \x1b[01m\x1b[K/home/henrique/ORB_SLAM3_Modular/include/System.h:31\x1b[m\x1b[K,\n'}
[11.911673] (ros2_orbslam3) StderrLine: {'line': b'                 from \x1b[01m\x1b[K/home/henrique/ws_visao/kinect-orbslam-ws/src/ros2_orbslam3/src/rgbd/rgbd.cpp:16\x1b[m\x1b[K:\n'}
[11.911792] (ros2_orbslam3) StderrLine: {'line': b'\x1b[01m\x1b[K/home/henrique/ORB_SLAM3_Modular/Thirdparty/g2o/g2o/types/../core/base_binary_edge.h:60:80:\x1b[m\x1b[K \x1b[01;35m\x1b[Kwarning: \x1b[m\x1b[K\xe2\x80\x98\x1b[01m\x1b[KEigen::AlignedBit\x1b[m\x1b[K\xe2\x80\x99 is deprecated [\x1b[01;35m\x1b[K\x1b]8;;https://gcc.gnu.org/onlinedocs/gcc/Warning-Options.html#index-Wdeprecated-declarations\x07-Wdeprecated-declarations\x1b]8;;\x07\x1b[m\x1b[K]\n'}
[11.911923] (ros2_orbslam3) StderrLine: {'line': b'   60 |       typedef Eigen::Map<Matrix<double, Dj, Di>, Matrix<double, Dj, Di>::\x1b[01;35m\x1b[KFlags & AlignedBit\x1b[m\x1b[K ? Aligned : Unaligned > HessianBlockTransposedType;\n'}
[11.912045] (ros2_orbslam3) StderrLine: {'line': b'      |                                                                          \x1b[01;35m\x1b[K~~~~~~^~~~~~~~~~~~\x1b[m\x1b[K\n'}
[11.912175] (ros2_orbslam3) StderrLine: {'line': b'In file included from \x1b[01m\x1b[K/usr/include/eigen3/Eigen/Core:161\x1b[m\x1b[K,\n'}
[11.912296] (ros2_orbslam3) StderrLine: {'line': b'                 from \x1b[01m\x1b[K/usr/include/eigen3/Eigen/LU:11\x1b[m\x1b[K,\n'}
[11.912411] (ros2_orbslam3) StderrLine: {'line': b'                 from \x1b[01m\x1b[K/home/henrique/ORB_SLAM3_Modular/Thirdparty/Sophus/sophus/so2.hpp:12\x1b[m\x1b[K,\n'}
[11.912528] (ros2_orbslam3) StderrLine: {'line': b'                 from \x1b[01m\x1b[K/home/henrique/ORB_SLAM3_Modular/Thirdparty/Sophus/sophus/se2.hpp:7\x1b[m\x1b[K,\n'}
[11.912664] (ros2_orbslam3) StderrLine: {'line': b'                 from \x1b[01m\x1b[K/home/henrique/ORB_SLAM3_Modular/Thirdparty/Sophus/sophus/geometry.hpp:7\x1b[m\x1b[K,\n'}
[11.912780] (ros2_orbslam3) StderrLine: {'line': b'                 from \x1b[01m\x1b[K/home/henrique/ORB_SLAM3_Modular/include/Frame.h:28\x1b[m\x1b[K,\n'}
[11.912887] (ros2_orbslam3) StderrLine: {'line': b'                 from \x1b[01m\x1b[K/home/henrique/ORB_SLAM3_Modular/include/KeyFrame.h:28\x1b[m\x1b[K,\n'}
[11.912995] (ros2_orbslam3) StderrLine: {'line': b'                 from \x1b[01m\x1b[K/home/henrique/ORB_SLAM3_Modular/include/MapPoint.h:23\x1b[m\x1b[K,\n'}
[11.913112] (ros2_orbslam3) StderrLine: {'line': b'                 from \x1b[01m\x1b[K/home/henrique/ORB_SLAM3_Modular/include/FrameDrawer.h:24\x1b[m\x1b[K,\n'}
[11.913235] (ros2_orbslam3) StderrLine: {'line': b'                 from \x1b[01m\x1b[K/home/henrique/ORB_SLAM3_Modular/include/Viewer.h:23\x1b[m\x1b[K,\n'}
[11.913340] (ros2_orbslam3) StderrLine: {'line': b'                 from \x1b[01m\x1b[K/home/henrique/ORB_SLAM3_Modular/include/Tracking.h:26\x1b[m\x1b[K,\n'}
[11.913446] (ros2_orbslam3) StderrLine: {'line': b'                 from \x1b[01m\x1b[K/home/henrique/ORB_SLAM3_Modular/include/System.h:31\x1b[m\x1b[K,\n'}
[11.913552] (ros2_orbslam3) StderrLine: {'line': b'                 from \x1b[01m\x1b[K/home/henrique/ws_visao/kinect-orbslam-ws/src/ros2_orbslam3/src/rgbd/rgbd.cpp:16\x1b[m\x1b[K:\n'}
[11.913661] (ros2_orbslam3) StderrLine: {'line': b'\x1b[01m\x1b[K/usr/include/eigen3/Eigen/src/Core/util/Constants.h:167:37:\x1b[m\x1b[K \x1b[01;36m\x1b[Knote: \x1b[m\x1b[Kdeclared here\n'}
[11.913770] (ros2_orbslam3) StderrLine: {'line': b'  167 | EIGEN_DEPRECATED const unsigned int \x1b[01;36m\x1b[KAlignedBit\x1b[m\x1b[K = 0x80;\n'}
[11.913874] (ros2_orbslam3) StderrLine: {'line': b'      |                                     \x1b[01;36m\x1b[K^~~~~~~~~~\x1b[m\x1b[K\n'}
[11.961917] (-) TimerEvent: {}
[12.037162] (ros2_orbslam3) StderrLine: {'line': b'In file included from \x1b[01m\x1b[K/home/henrique/ORB_SLAM3_Modular/Thirdparty/g2o/g2o/types/types_six_dof_expmap.h:38\x1b[m\x1b[K,\n'}
[12.037453] (ros2_orbslam3) StderrLine: {'line': b'                 from \x1b[01m\x1b[K/home/henrique/ORB_SLAM3_Modular/include/Converter.h:26\x1b[m\x1b[K,\n'}
[12.037581] (ros2_orbslam3) StderrLine: {'line': b'                 from \x1b[01m\x1b[K/home/henrique/ORB_SLAM3_Modular/include/Frame.h:33\x1b[m\x1b[K,\n'}
[12.037693] (ros2_orbslam3) StderrLine: {'line': b'                 from \x1b[01m\x1b[K/home/henrique/ORB_SLAM3_Modular/include/KeyFrame.h:28\x1b[m\x1b[K,\n'}
[12.037805] (ros2_orbslam3) StderrLine: {'line': b'                 from \x1b[01m\x1b[K/home/henrique/ORB_SLAM3_Modular/include/MapPoint.h:23\x1b[m\x1b[K,\n'}
[12.037912] (ros2_orbslam3) StderrLine: {'line': b'                 from \x1b[01m\x1b[K/home/henrique/ORB_SLAM3_Modular/include/FrameDrawer.h:24\x1b[m\x1b[K,\n'}
[12.038022] (ros2_orbslam3) StderrLine: {'line': b'                 from \x1b[01m\x1b[K/home/henrique/ORB_SLAM3_Modular/include/Viewer.h:23\x1b[m\x1b[K,\n'}
[12.038140] (ros2_orbslam3) StderrLine: {'line': b'                 from \x1b[01m\x1b[K/home/henrique/ORB_SLAM3_Modular/include/Tracking.h:26\x1b[m\x1b[K,\n'}
[12.038253] (ros2_orbslam3) StderrLine: {'line': b'                 from \x1b[01m\x1b[K/home/henrique/ORB_SLAM3_Modular/include/System.h:31\x1b[m\x1b[K,\n'}
[12.038362] (ros2_orbslam3) StderrLine: {'line': b'                 from \x1b[01m\x1b[K/home/henrique/ws_visao/kinect-orbslam-ws/src/ros2_orbslam3/src/rgbd/rgbd.cpp:16\x1b[m\x1b[K:\n'}
[12.038470] (ros2_orbslam3) StderrLine: {'line': b'/home/henrique/ORB_SLAM3_Modular/Thirdparty/g2o/g2o/types/../core/base_binary_edge.h: In instantiation of \xe2\x80\x98\x1b[01m\x1b[Kclass g2o::BaseBinaryEdge<3, Eigen::Matrix<double, 3, 1>, g2o::VertexSBAPointXYZ, g2o::VertexSE3Expmap>\x1b[m\x1b[K\xe2\x80\x99:\n'}
[12.038582] (ros2_orbslam3) StderrLine: {'line': b'\x1b[01m\x1b[K/home/henrique/ORB_SLAM3_Modular/Thirdparty/g2o/g2o/types/types_six_dof_expmap.h:146:41:\x1b[m\x1b[K   required from here\n'}
[12.038691] (ros2_orbslam3) StderrLine: {'line': b'\x1b[01m\x1b[K/home/henrique/ORB_SLAM3_Modular/Thirdparty/g2o/g2o/types/../core/base_binary_edge.h:59:80:\x1b[m\x1b[K \x1b[01;35m\x1b[Kwarning: \x1b[m\x1b[K\xe2\x80\x98\x1b[01m\x1b[KEigen::AlignedBit\x1b[m\x1b[K\xe2\x80\x99 is deprecated [\x1b[01;35m\x1b[K\x1b]8;;https://gcc.gnu.org/onlinedocs/gcc/Warning-Options.html#index-Wdeprecated-declarations\x07-Wdeprecated-declarations\x1b]8;;\x07\x1b[m\x1b[K]\n'}
[12.038805] (ros2_orbslam3) StderrLine: {'line': b'   59 |       typedef Eigen::Map<Matrix<double, Di, Dj>, Matrix<double, Di, Dj>::\x1b[01;35m\x1b[KFlags & AlignedBit\x1b[m\x1b[K ? Aligned : Unaligned > HessianBlockType;\n'}
[12.039458] (ros2_orbslam3) StderrLine: {'line': b'      |                                                                          \x1b[01;35m\x1b[K~~~~~~^~~~~~~~~~~~\x1b[m\x1b[K\n'}
[12.039585] (ros2_orbslam3) StderrLine: {'line': b'In file included from \x1b[01m\x1b[K/usr/include/eigen3/Eigen/Core:161\x1b[m\x1b[K,\n'}
[12.039690] (ros2_orbslam3) StderrLine: {'line': b'                 from \x1b[01m\x1b[K/usr/include/eigen3/Eigen/LU:11\x1b[m\x1b[K,\n'}
[12.039792] (ros2_orbslam3) StderrLine: {'line': b'                 from \x1b[01m\x1b[K/home/henrique/ORB_SLAM3_Modular/Thirdparty/Sophus/sophus/so2.hpp:12\x1b[m\x1b[K,\n'}
[12.039894] (ros2_orbslam3) StderrLine: {'line': b'                 from \x1b[01m\x1b[K/home/henrique/ORB_SLAM3_Modular/Thirdparty/Sophus/sophus/se2.hpp:7\x1b[m\x1b[K,\n'}
[12.039991] (ros2_orbslam3) StderrLine: {'line': b'                 from \x1b[01m\x1b[K/home/henrique/ORB_SLAM3_Modular/Thirdparty/Sophus/sophus/geometry.hpp:7\x1b[m\x1b[K,\n'}
[12.040087] (ros2_orbslam3) StderrLine: {'line': b'                 from \x1b[01m\x1b[K/home/henrique/ORB_SLAM3_Modular/include/Frame.h:28\x1b[m\x1b[K,\n'}
[12.040203] (ros2_orbslam3) StderrLine: {'line': b'                 from \x1b[01m\x1b[K/home/henrique/ORB_SLAM3_Modular/include/KeyFrame.h:28\x1b[m\x1b[K,\n'}
[12.040304] (ros2_orbslam3) StderrLine: {'line': b'                 from \x1b[01m\x1b[K/home/henrique/ORB_SLAM3_Modular/include/MapPoint.h:23\x1b[m\x1b[K,\n'}
[12.040416] (ros2_orbslam3) StderrLine: {'line': b'                 from \x1b[01m\x1b[K/home/henrique/ORB_SLAM3_Modular/include/FrameDrawer.h:24\x1b[m\x1b[K,\n'}
[12.040516] (ros2_orbslam3) StderrLine: {'line': b'                 from \x1b[01m\x1b[K/home/henrique/ORB_SLAM3_Modular/include/Viewer.h:23\x1b[m\x1b[K,\n'}
[12.040612] (ros2_orbslam3) StderrLine: {'line': b'                 from \x1b[01m\x1b[K/home/henrique/ORB_SLAM3_Modular/include/Tracking.h:26\x1b[m\x1b[K,\n'}
[12.040708] (ros2_orbslam3) StderrLine: {'line': b'                 from \x1b[01m\x1b[K/home/henrique/ORB_SLAM3_Modular/include/System.h:31\x1b[m\x1b[K,\n'}
[12.040811] (ros2_orbslam3) StderrLine: {'line': b'                 from \x1b[01m\x1b[K/home/henrique/ws_visao/kinect-orbslam-ws/src/ros2_orbslam3/src/rgbd/rgbd.cpp:16\x1b[m\x1b[K:\n'}
[12.040909] (ros2_orbslam3) StderrLine: {'line': b'\x1b[01m\x1b[K/usr/include/eigen3/Eigen/src/Core/util/Constants.h:167:37:\x1b[m\x1b[K \x1b[01;36m\x1b[Knote: \x1b[m\x1b[Kdeclared here\n'}
[12.041011] (ros2_orbslam3) StderrLine: {'line': b'  167 | EIGEN_DEPRECATED const unsigned int \x1b[01;36m\x1b[KAlignedBit\x1b[m\x1b[K = 0x80;\n'}
[12.041115] (ros2_orbslam3) StderrLine: {'line': b'      |                                     \x1b[01;36m\x1b[K^~~~~~~~~~\x1b[m\x1b[K\n'}
[12.041220] (ros2_orbslam3) StderrLine: {'line': b'In file included from \x1b[01m\x1b[K/home/henrique/ORB_SLAM3_Modular/Thirdparty/g2o/g2o/types/types_six_dof_expmap.h:38\x1b[m\x1b[K,\n'}
[12.041319] (ros2_orbslam3) StderrLine: {'line': b'                 from \x1b[01m\x1b[K/home/henrique/ORB_SLAM3_Modular/include/Converter.h:26\x1b[m\x1b[K,\n'}
[12.041422] (ros2_orbslam3) StderrLine: {'line': b'                 from \x1b[01m\x1b[K/home/henrique/ORB_SLAM3_Modular/include/Frame.h:33\x1b[m\x1b[K,\n'}
[12.041522] (ros2_orbslam3) StderrLine: {'line': b'                 from \x1b[01m\x1b[K/home/henrique/ORB_SLAM3_Modular/include/KeyFrame.h:28\x1b[m\x1b[K,\n'}
[12.041622] (ros2_orbslam3) StderrLine: {'line': b'                 from \x1b[01m\x1b[K/home/henrique/ORB_SLAM3_Modular/include/MapPoint.h:23\x1b[m\x1b[K,\n'}
[12.041721] (ros2_orbslam3) StderrLine: {'line': b'                 from \x1b[01m\x1b[K/home/henrique/ORB_SLAM3_Modular/include/FrameDrawer.h:24\x1b[m\x1b[K,\n'}
[12.041822] (ros2_orbslam3) StderrLine: {'line': b'                 from \x1b[01m\x1b[K/home/henrique/ORB_SLAM3_Modular/include/Viewer.h:23\x1b[m\x1b[K,\n'}
[12.041920] (ros2_orbslam3) StderrLine: {'line': b'                 from \x1b[01m\x1b[K/home/henrique/ORB_SLAM3_Modular/include/Tracking.h:26\x1b[m\x1b[K,\n'}
[12.042017] (ros2_orbslam3) StderrLine: {'line': b'                 from \x1b[01m\x1b[K/home/henrique/ORB_SLAM3_Modular/include/System.h:31\x1b[m\x1b[K,\n'}
[12.042129] (ros2_orbslam3) StderrLine: {'line': b'                 from \x1b[01m\x1b[K/home/henrique/ws_visao/kinect-orbslam-ws/src/ros2_orbslam3/src/rgbd/rgbd.cpp:16\x1b[m\x1b[K:\n'}
[12.042236] (ros2_orbslam3) StderrLine: {'line': b'\x1b[01m\x1b[K/home/henrique/ORB_SLAM3_Modular/Thirdparty/g2o/g2o/types/../core/base_binary_edge.h:60:80:\x1b[m\x1b[K \x1b[01;35m\x1b[Kwarning: \x1b[m\x1b[K\xe2\x80\x98\x1b[01m\x1b[KEigen::AlignedBit\x1b[m\x1b[K\xe2\x80\x99 is deprecated [\x1b[01;35m\x1b[K\x1b]8;;https://gcc.gnu.org/onlinedocs/gcc/Warning-Options.html#index-Wdeprecated-declarations\x07-Wdeprecated-declarations\x1b]8;;\x07\x1b[m\x1b[K]\n'}
[12.042358] (ros2_orbslam3) StderrLine: {'line': b'   60 |       typedef Eigen::Map<Matrix<double, Dj, Di>, Matrix<double, Dj, Di>::\x1b[01;35m\x1b[KFlags & AlignedBit\x1b[m\x1b[K ? Aligned : Unaligned > HessianBlockTransposedType;\n'}
[12.042459] (ros2_orbslam3) StderrLine: {'line': b'      |                                                                          \x1b[01;35m\x1b[K~~~~~~^~~~~~~~~~~~\x1b[m\x1b[K\n'}
[12.042559] (ros2_orbslam3) StderrLine: {'line': b'In file included from \x1b[01m\x1b[K/usr/include/eigen3/Eigen/Core:161\x1b[m\x1b[K,\n'}
[12.042657] (ros2_orbslam3) StderrLine: {'line': b'                 from \x1b[01m\x1b[K/usr/include/eigen3/Eigen/LU:11\x1b[m\x1b[K,\n'}
[12.042756] (ros2_orbslam3) StderrLine: {'line': b'                 from \x1b[01m\x1b[K/home/henrique/ORB_SLAM3_Modular/Thirdparty/Sophus/sophus/so2.hpp:12\x1b[m\x1b[K,\n'}
[12.042853] (ros2_orbslam3) StderrLine: {'line': b'                 from \x1b[01m\x1b[K/home/henrique/ORB_SLAM3_Modular/Thirdparty/Sophus/sophus/se2.hpp:7\x1b[m\x1b[K,\n'}
[12.042950] (ros2_orbslam3) StderrLine: {'line': b'                 from \x1b[01m\x1b[K/home/henrique/ORB_SLAM3_Modular/Thirdparty/Sophus/sophus/geometry.hpp:7\x1b[m\x1b[K,\n'}
[12.043048] (ros2_orbslam3) StderrLine: {'line': b'                 from \x1b[01m\x1b[K/home/henrique/ORB_SLAM3_Modular/include/Frame.h:28\x1b[m\x1b[K,\n'}
[12.043165] (ros2_orbslam3) StderrLine: {'line': b'                 from \x1b[01m\x1b[K/home/henrique/ORB_SLAM3_Modular/include/KeyFrame.h:28\x1b[m\x1b[K,\n'}
[12.043269] (ros2_orbslam3) StderrLine: {'line': b'                 from \x1b[01m\x1b[K/home/henrique/ORB_SLAM3_Modular/include/MapPoint.h:23\x1b[m\x1b[K,\n'}
[12.043370] (ros2_orbslam3) StderrLine: {'line': b'                 from \x1b[01m\x1b[K/home/henrique/ORB_SLAM3_Modular/include/FrameDrawer.h:24\x1b[m\x1b[K,\n'}
[12.043469] (ros2_orbslam3) StderrLine: {'line': b'                 from \x1b[01m\x1b[K/home/henrique/ORB_SLAM3_Modular/include/Viewer.h:23\x1b[m\x1b[K,\n'}
[12.043569] (ros2_orbslam3) StderrLine: {'line': b'                 from \x1b[01m\x1b[K/home/henrique/ORB_SLAM3_Modular/include/Tracking.h:26\x1b[m\x1b[K,\n'}
[12.043668] (ros2_orbslam3) StderrLine: {'line': b'                 from \x1b[01m\x1b[K/home/henrique/ORB_SLAM3_Modular/include/System.h:31\x1b[m\x1b[K,\n'}
[12.043766] (ros2_orbslam3) StderrLine: {'line': b'                 from \x1b[01m\x1b[K/home/henrique/ws_visao/kinect-orbslam-ws/src/ros2_orbslam3/src/rgbd/rgbd.cpp:16\x1b[m\x1b[K:\n'}
[12.043864] (ros2_orbslam3) StderrLine: {'line': b'\x1b[01m\x1b[K/usr/include/eigen3/Eigen/src/Core/util/Constants.h:167:37:\x1b[m\x1b[K \x1b[01;36m\x1b[Knote: \x1b[m\x1b[Kdeclared here\n'}
[12.043960] (ros2_orbslam3) StderrLine: {'line': b'  167 | EIGEN_DEPRECATED const unsigned int \x1b[01;36m\x1b[KAlignedBit\x1b[m\x1b[K = 0x80;\n'}
[12.044063] (ros2_orbslam3) StderrLine: {'line': b'      |                                     \x1b[01;36m\x1b[K^~~~~~~~~~\x1b[m\x1b[K\n'}
[12.062151] (-) TimerEvent: {}
[12.108541] (ros2_orbslam3) StderrLine: {'line': b'In file included from \x1b[01m\x1b[K/home/henrique/ORB_SLAM3_Modular/Thirdparty/g2o/g2o/types/types_six_dof_expmap.h:37\x1b[m\x1b[K,\n'}
[12.108827] (ros2_orbslam3) StderrLine: {'line': b'                 from \x1b[01m\x1b[K/home/henrique/ORB_SLAM3_Modular/include/Converter.h:26\x1b[m\x1b[K,\n'}
[12.108966] (ros2_orbslam3) StderrLine: {'line': b'                 from \x1b[01m\x1b[K/home/henrique/ORB_SLAM3_Modular/include/Frame.h:33\x1b[m\x1b[K,\n'}
[12.109071] (ros2_orbslam3) StderrLine: {'line': b'                 from \x1b[01m\x1b[K/home/henrique/ORB_SLAM3_Modular/include/KeyFrame.h:28\x1b[m\x1b[K,\n'}
[12.109196] (ros2_orbslam3) StderrLine: {'line': b'                 from \x1b[01m\x1b[K/home/henrique/ORB_SLAM3_Modular/include/MapPoint.h:23\x1b[m\x1b[K,\n'}
[12.109300] (ros2_orbslam3) StderrLine: {'line': b'                 from \x1b[01m\x1b[K/home/henrique/ORB_SLAM3_Modular/include/FrameDrawer.h:24\x1b[m\x1b[K,\n'}
[12.109405] (ros2_orbslam3) StderrLine: {'line': b'                 from \x1b[01m\x1b[K/home/henrique/ORB_SLAM3_Modular/include/Viewer.h:23\x1b[m\x1b[K,\n'}
[12.109505] (ros2_orbslam3) StderrLine: {'line': b'                 from \x1b[01m\x1b[K/home/henrique/ORB_SLAM3_Modular/include/Tracking.h:26\x1b[m\x1b[K,\n'}
[12.109603] (ros2_orbslam3) StderrLine: {'line': b'                 from \x1b[01m\x1b[K/home/henrique/ORB_SLAM3_Modular/include/System.h:31\x1b[m\x1b[K,\n'}
[12.109708] (ros2_orbslam3) StderrLine: {'line': b'                 from \x1b[01m\x1b[K/home/henrique/ws_visao/kinect-orbslam-ws/src/ros2_orbslam3/src/rgbd/rgbd-slam-node.hpp:34\x1b[m\x1b[K,\n'}
[12.109808] (ros2_orbslam3) StderrLine: {'line': b'                 from \x1b[01m\x1b[K/home/henrique/ws_visao/kinect-orbslam-ws/src/ros2_orbslam3/src/rgbd/rgbd-slam-node.cpp:13\x1b[m\x1b[K:\n'}
[12.109906] (ros2_orbslam3) StderrLine: {'line': b'/home/henrique/ORB_SLAM3_Modular/Thirdparty/g2o/g2o/types/../core/base_vertex.h: In instantiation of \xe2\x80\x98\x1b[01m\x1b[Kclass g2o::BaseVertex<3, Eigen::Matrix<double, 3, 1> >\x1b[m\x1b[K\xe2\x80\x99:\n'}
[12.110015] (ros2_orbslam3) StderrLine: {'line': b'\x1b[01m\x1b[K/home/henrique/ORB_SLAM3_Modular/Thirdparty/g2o/g2o/types/types_sba.h:40:35:\x1b[m\x1b[K   required from here\n'}
[12.110121] (ros2_orbslam3) StderrLine: {'line': b'\x1b[01m\x1b[K/home/henrique/ORB_SLAM3_Modular/Thirdparty/g2o/g2o/types/../core/base_vertex.h:62:72:\x1b[m\x1b[K \x1b[01;35m\x1b[Kwarning: \x1b[m\x1b[K\xe2\x80\x98\x1b[01m\x1b[KEigen::AlignedBit\x1b[m\x1b[K\xe2\x80\x99 is deprecated [\x1b[01;35m\x1b[K\x1b]8;;https://gcc.gnu.org/onlinedocs/gcc/Warning-Options.html#index-Wdeprecated-declarations\x07-Wdeprecated-declarations\x1b]8;;\x07\x1b[m\x1b[K]\n'}
[12.110238] (ros2_orbslam3) StderrLine: {'line': b'   62 |     typedef Eigen::Map<Matrix<double, D, D>, Matrix<double,D,D>::\x1b[01;35m\x1b[KFlags & AlignedBit\x1b[m\x1b[K ? Aligned : Unaligned >  HessianBlockType;\n'}
[12.110340] (ros2_orbslam3) StderrLine: {'line': b'      |                                                                  \x1b[01;35m\x1b[K~~~~~~^~~~~~~~~~~~\x1b[m\x1b[K\n'}
[12.110439] (ros2_orbslam3) StderrLine: {'line': b'In file included from \x1b[01m\x1b[K/usr/include/eigen3/Eigen/Core:161\x1b[m\x1b[K,\n'}
[12.110538] (ros2_orbslam3) StderrLine: {'line': b'                 from \x1b[01m\x1b[K/usr/include/eigen3/Eigen/Dense:1\x1b[m\x1b[K,\n'}
[12.110636] (ros2_orbslam3) StderrLine: {'line': b'                 from \x1b[01m\x1b[K/home/henrique/ws_visao/kinect-orbslam-ws/src/ros2_orbslam3/src/rgbd/rgbd-slam-node.cpp:7\x1b[m\x1b[K:\n'}
[12.110733] (ros2_orbslam3) StderrLine: {'line': b'\x1b[01m\x1b[K/usr/include/eigen3/Eigen/src/Core/util/Constants.h:167:37:\x1b[m\x1b[K \x1b[01;36m\x1b[Knote: \x1b[m\x1b[Kdeclared here\n'}
[12.110831] (ros2_orbslam3) StderrLine: {'line': b'  167 | EIGEN_DEPRECATED const unsigned int \x1b[01;36m\x1b[KAlignedBit\x1b[m\x1b[K = 0x80;\n'}
[12.110932] (ros2_orbslam3) StderrLine: {'line': b'      |                                     \x1b[01;36m\x1b[K^~~~~~~~~~\x1b[m\x1b[K\n'}
[12.162397] (-) TimerEvent: {}
[12.164865] (ros2_orbslam3) StderrLine: {'line': b'In file included from \x1b[01m\x1b[K/home/henrique/ORB_SLAM3_Modular/Thirdparty/g2o/g2o/types/types_six_dof_expmap.h:37\x1b[m\x1b[K,\n'}
[12.165137] (ros2_orbslam3) StderrLine: {'line': b'                 from \x1b[01m\x1b[K/home/henrique/ORB_SLAM3_Modular/include/Converter.h:26\x1b[m\x1b[K,\n'}
[12.165284] (ros2_orbslam3) StderrLine: {'line': b'                 from \x1b[01m\x1b[K/home/henrique/ORB_SLAM3_Modular/include/Frame.h:33\x1b[m\x1b[K,\n'}
[12.165391] (ros2_orbslam3) StderrLine: {'line': b'                 from \x1b[01m\x1b[K/home/henrique/ORB_SLAM3_Modular/include/KeyFrame.h:28\x1b[m\x1b[K,\n'}
[12.165495] (ros2_orbslam3) StderrLine: {'line': b'                 from \x1b[01m\x1b[K/home/henrique/ORB_SLAM3_Modular/include/MapPoint.h:23\x1b[m\x1b[K,\n'}
[12.165594] (ros2_orbslam3) StderrLine: {'line': b'                 from \x1b[01m\x1b[K/home/henrique/ORB_SLAM3_Modular/include/FrameDrawer.h:24\x1b[m\x1b[K,\n'}
[12.165693] (ros2_orbslam3) StderrLine: {'line': b'                 from \x1b[01m\x1b[K/home/henrique/ORB_SLAM3_Modular/include/Viewer.h:23\x1b[m\x1b[K,\n'}
[12.165792] (ros2_orbslam3) StderrLine: {'line': b'                 from \x1b[01m\x1b[K/home/henrique/ORB_SLAM3_Modular/include/Tracking.h:26\x1b[m\x1b[K,\n'}
[12.165890] (ros2_orbslam3) StderrLine: {'line': b'                 from \x1b[01m\x1b[K/home/henrique/ORB_SLAM3_Modular/include/System.h:31\x1b[m\x1b[K,\n'}
[12.165990] (ros2_orbslam3) StderrLine: {'line': b'                 from \x1b[01m\x1b[K/home/henrique/ws_visao/kinect-orbslam-ws/src/ros2_orbslam3/src/rgbd/rgbd-slam-node.hpp:34\x1b[m\x1b[K,\n'}
[12.166088] (ros2_orbslam3) StderrLine: {'line': b'                 from \x1b[01m\x1b[K/home/henrique/ws_visao/kinect-orbslam-ws/src/ros2_orbslam3/src/rgbd/rgbd-slam-node.cpp:13\x1b[m\x1b[K:\n'}
[12.166199] (ros2_orbslam3) StderrLine: {'line': b'/home/henrique/ORB_SLAM3_Modular/Thirdparty/g2o/g2o/types/../core/base_vertex.h: In instantiation of \xe2\x80\x98\x1b[01m\x1b[Kclass g2o::BaseVertex<6, g2o::SE3Quat>\x1b[m\x1b[K\xe2\x80\x99:\n'}
[12.166308] (ros2_orbslam3) StderrLine: {'line': b'\x1b[01m\x1b[K/home/henrique/ORB_SLAM3_Modular/Thirdparty/g2o/g2o/types/types_six_dof_expmap.h:59:33:\x1b[m\x1b[K   required from here\n'}
[12.166406] (ros2_orbslam3) StderrLine: {'line': b'\x1b[01m\x1b[K/home/henrique/ORB_SLAM3_Modular/Thirdparty/g2o/g2o/types/../core/base_vertex.h:62:72:\x1b[m\x1b[K \x1b[01;35m\x1b[Kwarning: \x1b[m\x1b[K\xe2\x80\x98\x1b[01m\x1b[KEigen::AlignedBit\x1b[m\x1b[K\xe2\x80\x99 is deprecated [\x1b[01;35m\x1b[K\x1b]8;;https://gcc.gnu.org/onlinedocs/gcc/Warning-Options.html#index-Wdeprecated-declarations\x07-Wdeprecated-declarations\x1b]8;;\x07\x1b[m\x1b[K]\n'}
[12.166514] (ros2_orbslam3) StderrLine: {'line': b'   62 |     typedef Eigen::Map<Matrix<double, D, D>, Matrix<double,D,D>::\x1b[01;35m\x1b[KFlags & AlignedBit\x1b[m\x1b[K ? Aligned : Unaligned >  HessianBlockType;\n'}
[12.166612] (ros2_orbslam3) StderrLine: {'line': b'      |                                                                  \x1b[01;35m\x1b[K~~~~~~^~~~~~~~~~~~\x1b[m\x1b[K\n'}
[12.166710] (ros2_orbslam3) StderrLine: {'line': b'In file included from \x1b[01m\x1b[K/usr/include/eigen3/Eigen/Core:161\x1b[m\x1b[K,\n'}
[12.166807] (ros2_orbslam3) StderrLine: {'line': b'                 from \x1b[01m\x1b[K/usr/include/eigen3/Eigen/Dense:1\x1b[m\x1b[K,\n'}
[12.166905] (ros2_orbslam3) StderrLine: {'line': b'                 from \x1b[01m\x1b[K/home/henrique/ws_visao/kinect-orbslam-ws/src/ros2_orbslam3/src/rgbd/rgbd-slam-node.cpp:7\x1b[m\x1b[K:\n'}
[12.167011] (ros2_orbslam3) StderrLine: {'line': b'\x1b[01m\x1b[K/usr/include/eigen3/Eigen/src/Core/util/Constants.h:167:37:\x1b[m\x1b[K \x1b[01;36m\x1b[Knote: \x1b[m\x1b[Kdeclared here\n'}
[12.167121] (ros2_orbslam3) StderrLine: {'line': b'  167 | EIGEN_DEPRECATED const unsigned int \x1b[01;36m\x1b[KAlignedBit\x1b[m\x1b[K = 0x80;\n'}
[12.167233] (ros2_orbslam3) StderrLine: {'line': b'      |                                     \x1b[01;36m\x1b[K^~~~~~~~~~\x1b[m\x1b[K\n'}
[12.227533] (ros2_orbslam3) StderrLine: {'line': b'In file included from \x1b[01m\x1b[K/home/henrique/ORB_SLAM3_Modular/Thirdparty/g2o/g2o/types/types_six_dof_expmap.h:38\x1b[m\x1b[K,\n'}
[12.228015] (ros2_orbslam3) StderrLine: {'line': b'                 from \x1b[01m\x1b[K/home/henrique/ORB_SLAM3_Modular/include/Converter.h:26\x1b[m\x1b[K,\n'}
[12.228174] (ros2_orbslam3) StderrLine: {'line': b'                 from \x1b[01m\x1b[K/home/henrique/ORB_SLAM3_Modular/include/Frame.h:33\x1b[m\x1b[K,\n'}
[12.228286] (ros2_orbslam3) StderrLine: {'line': b'                 from \x1b[01m\x1b[K/home/henrique/ORB_SLAM3_Modular/include/KeyFrame.h:28\x1b[m\x1b[K,\n'}
[12.228388] (ros2_orbslam3) StderrLine: {'line': b'                 from \x1b[01m\x1b[K/home/henrique/ORB_SLAM3_Modular/include/MapPoint.h:23\x1b[m\x1b[K,\n'}
[12.228488] (ros2_orbslam3) StderrLine: {'line': b'                 from \x1b[01m\x1b[K/home/henrique/ORB_SLAM3_Modular/include/FrameDrawer.h:24\x1b[m\x1b[K,\n'}
[12.228587] (ros2_orbslam3) StderrLine: {'line': b'                 from \x1b[01m\x1b[K/home/henrique/ORB_SLAM3_Modular/include/Viewer.h:23\x1b[m\x1b[K,\n'}
[12.228684] (ros2_orbslam3) StderrLine: {'line': b'                 from \x1b[01m\x1b[K/home/henrique/ORB_SLAM3_Modular/include/Tracking.h:26\x1b[m\x1b[K,\n'}
[12.228783] (ros2_orbslam3) StderrLine: {'line': b'                 from \x1b[01m\x1b[K/home/henrique/ORB_SLAM3_Modular/include/System.h:31\x1b[m\x1b[K,\n'}
[12.228879] (ros2_orbslam3) StderrLine: {'line': b'                 from \x1b[01m\x1b[K/home/henrique/ws_visao/kinect-orbslam-ws/src/ros2_orbslam3/src/rgbd/rgbd-slam-node.hpp:34\x1b[m\x1b[K,\n'}
[12.228979] (ros2_orbslam3) StderrLine: {'line': b'                 from \x1b[01m\x1b[K/home/henrique/ws_visao/kinect-orbslam-ws/src/ros2_orbslam3/src/rgbd/rgbd-slam-node.cpp:13\x1b[m\x1b[K:\n'}
[12.229078] (ros2_orbslam3) StderrLine: {'line': b'/home/henrique/ORB_SLAM3_Modular/Thirdparty/g2o/g2o/types/../core/base_binary_edge.h: In instantiation of \xe2\x80\x98\x1b[01m\x1b[Kclass g2o::BaseBinaryEdge<6, g2o::SE3Quat, g2o::VertexSE3Expmap, g2o::VertexSE3Expmap>\x1b[m\x1b[K\xe2\x80\x99:\n'}
[12.229200] (ros2_orbslam3) StderrLine: {'line': b'\x1b[01m\x1b[K/home/henrique/ORB_SLAM3_Modular/Thirdparty/g2o/g2o/types/types_six_dof_expmap.h:83:24:\x1b[m\x1b[K   required from here\n'}
[12.229303] (ros2_orbslam3) StderrLine: {'line': b'\x1b[01m\x1b[K/home/henrique/ORB_SLAM3_Modular/Thirdparty/g2o/g2o/types/../core/base_binary_edge.h:59:80:\x1b[m\x1b[K \x1b[01;35m\x1b[Kwarning: \x1b[m\x1b[K\xe2\x80\x98\x1b[01m\x1b[KEigen::AlignedBit\x1b[m\x1b[K\xe2\x80\x99 is deprecated [\x1b[01;35m\x1b[K\x1b]8;;https://gcc.gnu.org/onlinedocs/gcc/Warning-Options.html#index-Wdeprecated-declarations\x07-Wdeprecated-declarations\x1b]8;;\x07\x1b[m\x1b[K]\n'}
[12.229408] (ros2_orbslam3) StderrLine: {'line': b'   59 |       typedef Eigen::Map<Matrix<double, Di, Dj>, Matrix<double, Di, Dj>::\x1b[01;35m\x1b[KFlags & AlignedBit\x1b[m\x1b[K ? Aligned : Unaligned > HessianBlockType;\n'}
[12.229507] (ros2_orbslam3) StderrLine: {'line': b'      |                                                                          \x1b[01;35m\x1b[K~~~~~~^~~~~~~~~~~~\x1b[m\x1b[K\n'}
[12.229606] (ros2_orbslam3) StderrLine: {'line': b'In file included from \x1b[01m\x1b[K/usr/include/eigen3/Eigen/Core:161\x1b[m\x1b[K,\n'}
[12.229704] (ros2_orbslam3) StderrLine: {'line': b'                 from \x1b[01m\x1b[K/usr/include/eigen3/Eigen/Dense:1\x1b[m\x1b[K,\n'}
[12.229798] (ros2_orbslam3) StderrLine: {'line': b'                 from \x1b[01m\x1b[K/home/henrique/ws_visao/kinect-orbslam-ws/src/ros2_orbslam3/src/rgbd/rgbd-slam-node.cpp:7\x1b[m\x1b[K:\n'}
[12.229892] (ros2_orbslam3) StderrLine: {'line': b'\x1b[01m\x1b[K/usr/include/eigen3/Eigen/src/Core/util/Constants.h:167:37:\x1b[m\x1b[K \x1b[01;36m\x1b[Knote: \x1b[m\x1b[Kdeclared here\n'}
[12.229997] (ros2_orbslam3) StderrLine: {'line': b'  167 | EIGEN_DEPRECATED const unsigned int \x1b[01;36m\x1b[KAlignedBit\x1b[m\x1b[K = 0x80;\n'}
[12.230094] (ros2_orbslam3) StderrLine: {'line': b'      |                                     \x1b[01;36m\x1b[K^~~~~~~~~~\x1b[m\x1b[K\n'}
[12.230208] (ros2_orbslam3) StderrLine: {'line': b'In file included from \x1b[01m\x1b[K/home/henrique/ORB_SLAM3_Modular/Thirdparty/g2o/g2o/types/types_six_dof_expmap.h:38\x1b[m\x1b[K,\n'}
[12.230305] (ros2_orbslam3) StderrLine: {'line': b'                 from \x1b[01m\x1b[K/home/henrique/ORB_SLAM3_Modular/include/Converter.h:26\x1b[m\x1b[K,\n'}
[12.230405] (ros2_orbslam3) StderrLine: {'line': b'                 from \x1b[01m\x1b[K/home/henrique/ORB_SLAM3_Modular/include/Frame.h:33\x1b[m\x1b[K,\n'}
[12.230502] (ros2_orbslam3) StderrLine: {'line': b'                 from \x1b[01m\x1b[K/home/henrique/ORB_SLAM3_Modular/include/KeyFrame.h:28\x1b[m\x1b[K,\n'}
[12.230600] (ros2_orbslam3) StderrLine: {'line': b'                 from \x1b[01m\x1b[K/home/henrique/ORB_SLAM3_Modular/include/MapPoint.h:23\x1b[m\x1b[K,\n'}
[12.230696] (ros2_orbslam3) StderrLine: {'line': b'                 from \x1b[01m\x1b[K/home/henrique/ORB_SLAM3_Modular/include/FrameDrawer.h:24\x1b[m\x1b[K,\n'}
[12.230792] (ros2_orbslam3) StderrLine: {'line': b'                 from \x1b[01m\x1b[K/home/henrique/ORB_SLAM3_Modular/include/Viewer.h:23\x1b[m\x1b[K,\n'}
[12.230891] (ros2_orbslam3) StderrLine: {'line': b'                 from \x1b[01m\x1b[K/home/henrique/ORB_SLAM3_Modular/include/Tracking.h:26\x1b[m\x1b[K,\n'}
[12.230990] (ros2_orbslam3) StderrLine: {'line': b'                 from \x1b[01m\x1b[K/home/henrique/ORB_SLAM3_Modular/include/System.h:31\x1b[m\x1b[K,\n'}
[12.231087] (ros2_orbslam3) StderrLine: {'line': b'                 from \x1b[01m\x1b[K/home/henrique/ws_visao/kinect-orbslam-ws/src/ros2_orbslam3/src/rgbd/rgbd-slam-node.hpp:34\x1b[m\x1b[K,\n'}
[12.231209] (ros2_orbslam3) StderrLine: {'line': b'                 from \x1b[01m\x1b[K/home/henrique/ws_visao/kinect-orbslam-ws/src/ros2_orbslam3/src/rgbd/rgbd-slam-node.cpp:13\x1b[m\x1b[K:\n'}
[12.231310] (ros2_orbslam3) StderrLine: {'line': b'\x1b[01m\x1b[K/home/henrique/ORB_SLAM3_Modular/Thirdparty/g2o/g2o/types/../core/base_binary_edge.h:60:80:\x1b[m\x1b[K \x1b[01;35m\x1b[Kwarning: \x1b[m\x1b[K\xe2\x80\x98\x1b[01m\x1b[KEigen::AlignedBit\x1b[m\x1b[K\xe2\x80\x99 is deprecated [\x1b[01;35m\x1b[K\x1b]8;;https://gcc.gnu.org/onlinedocs/gcc/Warning-Options.html#index-Wdeprecated-declarations\x07-Wdeprecated-declarations\x1b]8;;\x07\x1b[m\x1b[K]\n'}
[12.231424] (ros2_orbslam3) StderrLine: {'line': b'   60 |       typedef Eigen::Map<Matrix<double, Dj, Di>, Matrix<double, Dj, Di>::\x1b[01;35m\x1b[KFlags & AlignedBit\x1b[m\x1b[K ? Aligned : Unaligned > HessianBlockTransposedType;\n'}
[12.231525] (ros2_orbslam3) StderrLine: {'line': b'      |                                                                          \x1b[01;35m\x1b[K~~~~~~^~~~~~~~~~~~\x1b[m\x1b[K\n'}
[12.231620] (ros2_orbslam3) StderrLine: {'line': b'In file included from \x1b[01m\x1b[K/usr/include/eigen3/Eigen/Core:161\x1b[m\x1b[K,\n'}
[12.231718] (ros2_orbslam3) StderrLine: {'line': b'                 from \x1b[01m\x1b[K/usr/include/eigen3/Eigen/Dense:1\x1b[m\x1b[K,\n'}
[12.231814] (ros2_orbslam3) StderrLine: {'line': b'                 from \x1b[01m\x1b[K/home/henrique/ws_visao/kinect-orbslam-ws/src/ros2_orbslam3/src/rgbd/rgbd-slam-node.cpp:7\x1b[m\x1b[K:\n'}
[12.231910] (ros2_orbslam3) StderrLine: {'line': b'\x1b[01m\x1b[K/usr/include/eigen3/Eigen/src/Core/util/Constants.h:167:37:\x1b[m\x1b[K \x1b[01;36m\x1b[Knote: \x1b[m\x1b[Kdeclared here\n'}
[12.232009] (ros2_orbslam3) StderrLine: {'line': b'  167 | EIGEN_DEPRECATED const unsigned int \x1b[01;36m\x1b[KAlignedBit\x1b[m\x1b[K = 0x80;\n'}
[12.232114] (ros2_orbslam3) StderrLine: {'line': b'      |                                     \x1b[01;36m\x1b[K^~~~~~~~~~\x1b[m\x1b[K\n'}
[12.262632] (-) TimerEvent: {}
[12.363140] (-) TimerEvent: {}
[12.372313] (ros2_orbslam3) StderrLine: {'line': b'In file included from \x1b[01m\x1b[K/home/henrique/ORB_SLAM3_Modular/Thirdparty/g2o/g2o/types/types_six_dof_expmap.h:38\x1b[m\x1b[K,\n'}
[12.372594] (ros2_orbslam3) StderrLine: {'line': b'                 from \x1b[01m\x1b[K/home/henrique/ORB_SLAM3_Modular/include/Converter.h:26\x1b[m\x1b[K,\n'}
[12.372716] (ros2_orbslam3) StderrLine: {'line': b'                 from \x1b[01m\x1b[K/home/henrique/ORB_SLAM3_Modular/include/Frame.h:33\x1b[m\x1b[K,\n'}
[12.372821] (ros2_orbslam3) StderrLine: {'line': b'                 from \x1b[01m\x1b[K/home/henrique/ORB_SLAM3_Modular/include/KeyFrame.h:28\x1b[m\x1b[K,\n'}
[12.372949] (ros2_orbslam3) StderrLine: {'line': b'                 from \x1b[01m\x1b[K/home/henrique/ORB_SLAM3_Modular/include/MapPoint.h:23\x1b[m\x1b[K,\n'}
[12.373050] (ros2_orbslam3) StderrLine: {'line': b'                 from \x1b[01m\x1b[K/home/henrique/ORB_SLAM3_Modular/include/FrameDrawer.h:24\x1b[m\x1b[K,\n'}
[12.373169] (ros2_orbslam3) StderrLine: {'line': b'                 from \x1b[01m\x1b[K/home/henrique/ORB_SLAM3_Modular/include/Viewer.h:23\x1b[m\x1b[K,\n'}
[12.373270] (ros2_orbslam3) StderrLine: {'line': b'                 from \x1b[01m\x1b[K/home/henrique/ORB_SLAM3_Modular/include/Tracking.h:26\x1b[m\x1b[K,\n'}
[12.373369] (ros2_orbslam3) StderrLine: {'line': b'                 from \x1b[01m\x1b[K/home/henrique/ORB_SLAM3_Modular/include/System.h:31\x1b[m\x1b[K,\n'}
[12.373466] (ros2_orbslam3) StderrLine: {'line': b'                 from \x1b[01m\x1b[K/home/henrique/ws_visao/kinect-orbslam-ws/src/ros2_orbslam3/src/rgbd/rgbd-slam-node.hpp:34\x1b[m\x1b[K,\n'}
[12.373577] (ros2_orbslam3) StderrLine: {'line': b'                 from \x1b[01m\x1b[K/home/henrique/ws_visao/kinect-orbslam-ws/src/ros2_orbslam3/src/rgbd/rgbd-slam-node.cpp:13\x1b[m\x1b[K:\n'}
[12.373733] (ros2_orbslam3) StderrLine: {'line': b'/home/henrique/ORB_SLAM3_Modular/Thirdparty/g2o/g2o/types/../core/base_binary_edge.h: In instantiation of \xe2\x80\x98\x1b[01m\x1b[Kclass g2o::BaseBinaryEdge<2, Eigen::Matrix<double, 2, 1>, g2o::VertexSBAPointXYZ, g2o::VertexSE3Expmap>\x1b[m\x1b[K\xe2\x80\x99:\n'}
[12.373913] (ros2_orbslam3) StderrLine: {'line': b'\x1b[01m\x1b[K/home/henrique/ORB_SLAM3_Modular/Thirdparty/g2o/g2o/types/types_six_dof_expmap.h:114:35:\x1b[m\x1b[K   required from here\n'}
[12.374067] (ros2_orbslam3) StderrLine: {'line': b'\x1b[01m\x1b[K/home/henrique/ORB_SLAM3_Modular/Thirdparty/g2o/g2o/types/../core/base_binary_edge.h:59:80:\x1b[m\x1b[K \x1b[01;35m\x1b[Kwarning: \x1b[m\x1b[K\xe2\x80\x98\x1b[01m\x1b[KEigen::AlignedBit\x1b[m\x1b[K\xe2\x80\x99 is deprecated [\x1b[01;35m\x1b[K\x1b]8;;https://gcc.gnu.org/onlinedocs/gcc/Warning-Options.html#index-Wdeprecated-declarations\x07-Wdeprecated-declarations\x1b]8;;\x07\x1b[m\x1b[K]\n'}
[12.374258] (ros2_orbslam3) StderrLine: {'line': b'   59 |       typedef Eigen::Map<Matrix<double, Di, Dj>, Matrix<double, Di, Dj>::\x1b[01;35m\x1b[KFlags & AlignedBit\x1b[m\x1b[K ? Aligned : Unaligned > HessianBlockType;\n'}
[12.374425] (ros2_orbslam3) StderrLine: {'line': b'      |                                                                          \x1b[01;35m\x1b[K~~~~~~^~~~~~~~~~~~\x1b[m\x1b[K\n'}
[12.374553] (ros2_orbslam3) StderrLine: {'line': b'In file included from \x1b[01m\x1b[K/usr/include/eigen3/Eigen/Core:161\x1b[m\x1b[K,\n'}
[12.374654] (ros2_orbslam3) StderrLine: {'line': b'                 from \x1b[01m\x1b[K/usr/include/eigen3/Eigen/Dense:1\x1b[m\x1b[K,\n'}
[12.374754] (ros2_orbslam3) StderrLine: {'line': b'                 from \x1b[01m\x1b[K/home/henrique/ws_visao/kinect-orbslam-ws/src/ros2_orbslam3/src/rgbd/rgbd-slam-node.cpp:7\x1b[m\x1b[K:\n'}
[12.374854] (ros2_orbslam3) StderrLine: {'line': b'\x1b[01m\x1b[K/usr/include/eigen3/Eigen/src/Core/util/Constants.h:167:37:\x1b[m\x1b[K \x1b[01;36m\x1b[Knote: \x1b[m\x1b[Kdeclared here\n'}
[12.374954] (ros2_orbslam3) StderrLine: {'line': b'  167 | EIGEN_DEPRECATED const unsigned int \x1b[01;36m\x1b[KAlignedBit\x1b[m\x1b[K = 0x80;\n'}
[12.375056] (ros2_orbslam3) StderrLine: {'line': b'      |                                     \x1b[01;36m\x1b[K^~~~~~~~~~\x1b[m\x1b[K\n'}
[12.402673] (ros2_orbslam3) StderrLine: {'line': b'In file included from \x1b[01m\x1b[K/home/henrique/ORB_SLAM3_Modular/Thirdparty/g2o/g2o/types/types_six_dof_expmap.h:38\x1b[m\x1b[K,\n'}
[12.402955] (ros2_orbslam3) StderrLine: {'line': b'                 from \x1b[01m\x1b[K/home/henrique/ORB_SLAM3_Modular/include/Converter.h:26\x1b[m\x1b[K,\n'}
[12.403073] (ros2_orbslam3) StderrLine: {'line': b'                 from \x1b[01m\x1b[K/home/henrique/ORB_SLAM3_Modular/include/Frame.h:33\x1b[m\x1b[K,\n'}
[12.403202] (ros2_orbslam3) StderrLine: {'line': b'                 from \x1b[01m\x1b[K/home/henrique/ORB_SLAM3_Modular/include/KeyFrame.h:28\x1b[m\x1b[K,\n'}
[12.403333] (ros2_orbslam3) StderrLine: {'line': b'                 from \x1b[01m\x1b[K/home/henrique/ORB_SLAM3_Modular/include/MapPoint.h:23\x1b[m\x1b[K,\n'}
[12.403435] (ros2_orbslam3) StderrLine: {'line': b'                 from \x1b[01m\x1b[K/home/henrique/ORB_SLAM3_Modular/include/FrameDrawer.h:24\x1b[m\x1b[K,\n'}
[12.403536] (ros2_orbslam3) StderrLine: {'line': b'                 from \x1b[01m\x1b[K/home/henrique/ORB_SLAM3_Modular/include/Viewer.h:23\x1b[m\x1b[K,\n'}
[12.403639] (ros2_orbslam3) StderrLine: {'line': b'                 from \x1b[01m\x1b[K/home/henrique/ORB_SLAM3_Modular/include/Tracking.h:26\x1b[m\x1b[K,\n'}
[12.403738] (ros2_orbslam3) StderrLine: {'line': b'                 from \x1b[01m\x1b[K/home/henrique/ORB_SLAM3_Modular/include/System.h:31\x1b[m\x1b[K,\n'}
[12.403837] (ros2_orbslam3) StderrLine: {'line': b'                 from \x1b[01m\x1b[K/home/henrique/ws_visao/kinect-orbslam-ws/src/ros2_orbslam3/src/rgbd/rgbd-slam-node.hpp:34\x1b[m\x1b[K,\n'}
[12.403935] (ros2_orbslam3) StderrLine: {'line': b'                 from \x1b[01m\x1b[K/home/henrique/ws_visao/kinect-orbslam-ws/src/ros2_orbslam3/src/rgbd/rgbd-slam-node.cpp:13\x1b[m\x1b[K:\n'}
[12.404034] (ros2_orbslam3) StderrLine: {'line': b'\x1b[01m\x1b[K/home/henrique/ORB_SLAM3_Modular/Thirdparty/g2o/g2o/types/../core/base_binary_edge.h:60:80:\x1b[m\x1b[K \x1b[01;35m\x1b[Kwarning: \x1b[m\x1b[K\xe2\x80\x98\x1b[01m\x1b[KEigen::AlignedBit\x1b[m\x1b[K\xe2\x80\x99 is deprecated [\x1b[01;35m\x1b[K\x1b]8;;https://gcc.gnu.org/onlinedocs/gcc/Warning-Options.html#index-Wdeprecated-declarations\x07-Wdeprecated-declarations\x1b]8;;\x07\x1b[m\x1b[K]\n'}
[12.404166] (ros2_orbslam3) StderrLine: {'line': b'   60 |       typedef Eigen::Map<Matrix<double, Dj, Di>, Matrix<double, Dj, Di>::\x1b[01;35m\x1b[KFlags & AlignedBit\x1b[m\x1b[K ? Aligned : Unaligned > HessianBlockTransposedType;\n'}
[12.404274] (ros2_orbslam3) StderrLine: {'line': b'      |                                                                          \x1b[01;35m\x1b[K~~~~~~^~~~~~~~~~~~\x1b[m\x1b[K\n'}
[12.404373] (ros2_orbslam3) StderrLine: {'line': b'In file included from \x1b[01m\x1b[K/usr/include/eigen3/Eigen/Core:161\x1b[m\x1b[K,\n'}
[12.404472] (ros2_orbslam3) StderrLine: {'line': b'                 from \x1b[01m\x1b[K/usr/include/eigen3/Eigen/Dense:1\x1b[m\x1b[K,\n'}
[12.404569] (ros2_orbslam3) StderrLine: {'line': b'                 from \x1b[01m\x1b[K/home/henrique/ws_visao/kinect-orbslam-ws/src/ros2_orbslam3/src/rgbd/rgbd-slam-node.cpp:7\x1b[m\x1b[K:\n'}
[12.404667] (ros2_orbslam3) StderrLine: {'line': b'\x1b[01m\x1b[K/usr/include/eigen3/Eigen/src/Core/util/Constants.h:167:37:\x1b[m\x1b[K \x1b[01;36m\x1b[Knote: \x1b[m\x1b[Kdeclared here\n'}
[12.404766] (ros2_orbslam3) StderrLine: {'line': b'  167 | EIGEN_DEPRECATED const unsigned int \x1b[01;36m\x1b[KAlignedBit\x1b[m\x1b[K = 0x80;\n'}
[12.404863] (ros2_orbslam3) StderrLine: {'line': b'      |                                     \x1b[01;36m\x1b[K^~~~~~~~~~\x1b[m\x1b[K\n'}
[12.463375] (-) TimerEvent: {}
[12.475082] (ros2_orbslam3) StderrLine: {'line': b'In file included from \x1b[01m\x1b[K/home/henrique/ORB_SLAM3_Modular/Thirdparty/g2o/g2o/types/types_six_dof_expmap.h:37\x1b[m\x1b[K,\n'}
[12.475373] (ros2_orbslam3) StderrLine: {'line': b'                 from \x1b[01m\x1b[K/home/henrique/ORB_SLAM3_Modular/include/Converter.h:26\x1b[m\x1b[K,\n'}
[12.475493] (ros2_orbslam3) StderrLine: {'line': b'                 from \x1b[01m\x1b[K/home/henrique/ORB_SLAM3_Modular/include/Frame.h:33\x1b[m\x1b[K,\n'}
[12.475613] (ros2_orbslam3) StderrLine: {'line': b'                 from \x1b[01m\x1b[K/home/henrique/ORB_SLAM3_Modular/include/KeyFrame.h:28\x1b[m\x1b[K,\n'}
[12.475717] (ros2_orbslam3) StderrLine: {'line': b'                 from \x1b[01m\x1b[K/home/henrique/ORB_SLAM3_Modular/include/MapPoint.h:23\x1b[m\x1b[K,\n'}
[12.475818] (ros2_orbslam3) StderrLine: {'line': b'                 from \x1b[01m\x1b[K/home/henrique/ORB_SLAM3_Modular/include/FrameDrawer.h:24\x1b[m\x1b[K,\n'}
[12.475923] (ros2_orbslam3) StderrLine: {'line': b'                 from \x1b[01m\x1b[K/home/henrique/ORB_SLAM3_Modular/include/Viewer.h:23\x1b[m\x1b[K,\n'}
[12.476020] (ros2_orbslam3) StderrLine: {'line': b'                 from \x1b[01m\x1b[K/home/henrique/ORB_SLAM3_Modular/include/Tracking.h:26\x1b[m\x1b[K,\n'}
[12.476123] (ros2_orbslam3) StderrLine: {'line': b'                 from \x1b[01m\x1b[K/home/henrique/ORB_SLAM3_Modular/include/System.h:31\x1b[m\x1b[K,\n'}
[12.476229] (ros2_orbslam3) StderrLine: {'line': b'                 from \x1b[01m\x1b[K/home/henrique/ws_visao/kinect-orbslam-ws/src/ros2_orbslam3/src/rgbd/rgbd.cpp:16\x1b[m\x1b[K:\n'}
[12.476327] (ros2_orbslam3) StderrLine: {'line': b'/home/henrique/ORB_SLAM3_Modular/Thirdparty/g2o/g2o/types/../core/base_vertex.h: In instantiation of \xe2\x80\x98\x1b[01m\x1b[Kclass g2o::BaseVertex<7, g2o::Sim3>\x1b[m\x1b[K\xe2\x80\x99:\n'}
[12.476428] (ros2_orbslam3) StderrLine: {'line': b'\x1b[01m\x1b[K/home/henrique/ORB_SLAM3_Modular/Thirdparty/g2o/g2o/types/types_seven_dof_expmap.h:48:35:\x1b[m\x1b[K   required from here\n'}
[12.476526] (ros2_orbslam3) StderrLine: {'line': b'\x1b[01m\x1b[K/home/henrique/ORB_SLAM3_Modular/Thirdparty/g2o/g2o/types/../core/base_vertex.h:62:72:\x1b[m\x1b[K \x1b[01;35m\x1b[Kwarning: \x1b[m\x1b[K\xe2\x80\x98\x1b[01m\x1b[KEigen::AlignedBit\x1b[m\x1b[K\xe2\x80\x99 is deprecated [\x1b[01;35m\x1b[K\x1b]8;;https://gcc.gnu.org/onlinedocs/gcc/Warning-Options.html#index-Wdeprecated-declarations\x07-Wdeprecated-declarations\x1b]8;;\x07\x1b[m\x1b[K]\n'}
[12.476630] (ros2_orbslam3) StderrLine: {'line': b'   62 |     typedef Eigen::Map<Matrix<double, D, D>, Matrix<double,D,D>::\x1b[01;35m\x1b[KFlags & AlignedBit\x1b[m\x1b[K ? Aligned : Unaligned >  HessianBlockType;\n'}
[12.476730] (ros2_orbslam3) StderrLine: {'line': b'      |                                                                  \x1b[01;35m\x1b[K~~~~~~^~~~~~~~~~~~\x1b[m\x1b[K\n'}
[12.476828] (ros2_orbslam3) StderrLine: {'line': b'In file included from \x1b[01m\x1b[K/usr/include/eigen3/Eigen/Core:161\x1b[m\x1b[K,\n'}
[12.476926] (ros2_orbslam3) StderrLine: {'line': b'                 from \x1b[01m\x1b[K/usr/include/eigen3/Eigen/LU:11\x1b[m\x1b[K,\n'}
[12.477024] (ros2_orbslam3) StderrLine: {'line': b'                 from \x1b[01m\x1b[K/home/henrique/ORB_SLAM3_Modular/Thirdparty/Sophus/sophus/so2.hpp:12\x1b[m\x1b[K,\n'}
[12.477133] (ros2_orbslam3) StderrLine: {'line': b'                 from \x1b[01m\x1b[K/home/henrique/ORB_SLAM3_Modular/Thirdparty/Sophus/sophus/se2.hpp:7\x1b[m\x1b[K,\n'}
[12.477235] (ros2_orbslam3) StderrLine: {'line': b'                 from \x1b[01m\x1b[K/home/henrique/ORB_SLAM3_Modular/Thirdparty/Sophus/sophus/geometry.hpp:7\x1b[m\x1b[K,\n'}
[12.477349] (ros2_orbslam3) StderrLine: {'line': b'                 from \x1b[01m\x1b[K/home/henrique/ORB_SLAM3_Modular/include/Frame.h:28\x1b[m\x1b[K,\n'}
[12.477449] (ros2_orbslam3) StderrLine: {'line': b'                 from \x1b[01m\x1b[K/home/henrique/ORB_SLAM3_Modular/include/KeyFrame.h:28\x1b[m\x1b[K,\n'}
[12.477545] (ros2_orbslam3) StderrLine: {'line': b'                 from \x1b[01m\x1b[K/home/henrique/ORB_SLAM3_Modular/include/MapPoint.h:23\x1b[m\x1b[K,\n'}
[12.477648] (ros2_orbslam3) StderrLine: {'line': b'                 from \x1b[01m\x1b[K/home/henrique/ORB_SLAM3_Modular/include/FrameDrawer.h:24\x1b[m\x1b[K,\n'}
[12.477744] (ros2_orbslam3) StderrLine: {'line': b'                 from \x1b[01m\x1b[K/home/henrique/ORB_SLAM3_Modular/include/Viewer.h:23\x1b[m\x1b[K,\n'}
[12.477841] (ros2_orbslam3) StderrLine: {'line': b'                 from \x1b[01m\x1b[K/home/henrique/ORB_SLAM3_Modular/include/Tracking.h:26\x1b[m\x1b[K,\n'}
[12.477941] (ros2_orbslam3) StderrLine: {'line': b'                 from \x1b[01m\x1b[K/home/henrique/ORB_SLAM3_Modular/include/System.h:31\x1b[m\x1b[K,\n'}
[12.478037] (ros2_orbslam3) StderrLine: {'line': b'                 from \x1b[01m\x1b[K/home/henrique/ws_visao/kinect-orbslam-ws/src/ros2_orbslam3/src/rgbd/rgbd.cpp:16\x1b[m\x1b[K:\n'}
[12.478143] (ros2_orbslam3) StderrLine: {'line': b'\x1b[01m\x1b[K/usr/include/eigen3/Eigen/src/Core/util/Constants.h:167:37:\x1b[m\x1b[K \x1b[01;36m\x1b[Knote: \x1b[m\x1b[Kdeclared here\n'}
[12.478251] (ros2_orbslam3) StderrLine: {'line': b'  167 | EIGEN_DEPRECATED const unsigned int \x1b[01;36m\x1b[KAlignedBit\x1b[m\x1b[K = 0x80;\n'}
[12.478349] (ros2_orbslam3) StderrLine: {'line': b'      |                                     \x1b[01;36m\x1b[K^~~~~~~~~~\x1b[m\x1b[K\n'}
[12.526589] (ros2_orbslam3) StderrLine: {'line': b'In file included from \x1b[01m\x1b[K/home/henrique/ORB_SLAM3_Modular/Thirdparty/g2o/g2o/types/types_six_dof_expmap.h:38\x1b[m\x1b[K,\n'}
[12.526876] (ros2_orbslam3) StderrLine: {'line': b'                 from \x1b[01m\x1b[K/home/henrique/ORB_SLAM3_Modular/include/Converter.h:26\x1b[m\x1b[K,\n'}
[12.526999] (ros2_orbslam3) StderrLine: {'line': b'                 from \x1b[01m\x1b[K/home/henrique/ORB_SLAM3_Modular/include/Frame.h:33\x1b[m\x1b[K,\n'}
[12.527118] (ros2_orbslam3) StderrLine: {'line': b'                 from \x1b[01m\x1b[K/home/henrique/ORB_SLAM3_Modular/include/KeyFrame.h:28\x1b[m\x1b[K,\n'}
[12.527234] (ros2_orbslam3) StderrLine: {'line': b'                 from \x1b[01m\x1b[K/home/henrique/ORB_SLAM3_Modular/include/MapPoint.h:23\x1b[m\x1b[K,\n'}
[12.527337] (ros2_orbslam3) StderrLine: {'line': b'                 from \x1b[01m\x1b[K/home/henrique/ORB_SLAM3_Modular/include/FrameDrawer.h:24\x1b[m\x1b[K,\n'}
[12.527438] (ros2_orbslam3) StderrLine: {'line': b'                 from \x1b[01m\x1b[K/home/henrique/ORB_SLAM3_Modular/include/Viewer.h:23\x1b[m\x1b[K,\n'}
[12.527556] (ros2_orbslam3) StderrLine: {'line': b'                 from \x1b[01m\x1b[K/home/henrique/ORB_SLAM3_Modular/include/Tracking.h:26\x1b[m\x1b[K,\n'}
[12.527657] (ros2_orbslam3) StderrLine: {'line': b'                 from \x1b[01m\x1b[K/home/henrique/ORB_SLAM3_Modular/include/System.h:31\x1b[m\x1b[K,\n'}
[12.527755] (ros2_orbslam3) StderrLine: {'line': b'                 from \x1b[01m\x1b[K/home/henrique/ws_visao/kinect-orbslam-ws/src/ros2_orbslam3/src/rgbd/rgbd-slam-node.hpp:34\x1b[m\x1b[K,\n'}
[12.527855] (ros2_orbslam3) StderrLine: {'line': b'                 from \x1b[01m\x1b[K/home/henrique/ws_visao/kinect-orbslam-ws/src/ros2_orbslam3/src/rgbd/rgbd-slam-node.cpp:13\x1b[m\x1b[K:\n'}
[12.527955] (ros2_orbslam3) StderrLine: {'line': b'/home/henrique/ORB_SLAM3_Modular/Thirdparty/g2o/g2o/types/../core/base_binary_edge.h: In instantiation of \xe2\x80\x98\x1b[01m\x1b[Kclass g2o::BaseBinaryEdge<3, Eigen::Matrix<double, 3, 1>, g2o::VertexSBAPointXYZ, g2o::VertexSE3Expmap>\x1b[m\x1b[K\xe2\x80\x99:\n'}
[12.528060] (ros2_orbslam3) StderrLine: {'line': b'\x1b[01m\x1b[K/home/henrique/ORB_SLAM3_Modular/Thirdparty/g2o/g2o/types/types_six_dof_expmap.h:146:41:\x1b[m\x1b[K   required from here\n'}
[12.528172] (ros2_orbslam3) StderrLine: {'line': b'\x1b[01m\x1b[K/home/henrique/ORB_SLAM3_Modular/Thirdparty/g2o/g2o/types/../core/base_binary_edge.h:59:80:\x1b[m\x1b[K \x1b[01;35m\x1b[Kwarning: \x1b[m\x1b[K\xe2\x80\x98\x1b[01m\x1b[KEigen::AlignedBit\x1b[m\x1b[K\xe2\x80\x99 is deprecated [\x1b[01;35m\x1b[K\x1b]8;;https://gcc.gnu.org/onlinedocs/gcc/Warning-Options.html#index-Wdeprecated-declarations\x07-Wdeprecated-declarations\x1b]8;;\x07\x1b[m\x1b[K]\n'}
[12.528284] (ros2_orbslam3) StderrLine: {'line': b'   59 |       typedef Eigen::Map<Matrix<double, Di, Dj>, Matrix<double, Di, Dj>::\x1b[01;35m\x1b[KFlags & AlignedBit\x1b[m\x1b[K ? Aligned : Unaligned > HessianBlockType;\n'}
[12.528386] (ros2_orbslam3) StderrLine: {'line': b'      |                                                                          \x1b[01;35m\x1b[K~~~~~~^~~~~~~~~~~~\x1b[m\x1b[K\n'}
[12.528486] (ros2_orbslam3) StderrLine: {'line': b'In file included from \x1b[01m\x1b[K/usr/include/eigen3/Eigen/Core:161\x1b[m\x1b[K,\n'}
[12.528585] (ros2_orbslam3) StderrLine: {'line': b'                 from \x1b[01m\x1b[K/usr/include/eigen3/Eigen/Dense:1\x1b[m\x1b[K,\n'}
[12.528682] (ros2_orbslam3) StderrLine: {'line': b'                 from \x1b[01m\x1b[K/home/henrique/ws_visao/kinect-orbslam-ws/src/ros2_orbslam3/src/rgbd/rgbd-slam-node.cpp:7\x1b[m\x1b[K:\n'}
[12.528788] (ros2_orbslam3) StderrLine: {'line': b'\x1b[01m\x1b[K/usr/include/eigen3/Eigen/src/Core/util/Constants.h:167:37:\x1b[m\x1b[K \x1b[01;36m\x1b[Knote: \x1b[m\x1b[Kdeclared here\n'}
[12.528888] (ros2_orbslam3) StderrLine: {'line': b'  167 | EIGEN_DEPRECATED const unsigned int \x1b[01;36m\x1b[KAlignedBit\x1b[m\x1b[K = 0x80;\n'}
[12.528984] (ros2_orbslam3) StderrLine: {'line': b'      |                                     \x1b[01;36m\x1b[K^~~~~~~~~~\x1b[m\x1b[K\n'}
[12.529083] (ros2_orbslam3) StderrLine: {'line': b'In file included from \x1b[01m\x1b[K/home/henrique/ORB_SLAM3_Modular/Thirdparty/g2o/g2o/types/types_six_dof_expmap.h:38\x1b[m\x1b[K,\n'}
[12.529193] (ros2_orbslam3) StderrLine: {'line': b'                 from \x1b[01m\x1b[K/home/henrique/ORB_SLAM3_Modular/include/Converter.h:26\x1b[m\x1b[K,\n'}
[12.529291] (ros2_orbslam3) StderrLine: {'line': b'                 from \x1b[01m\x1b[K/home/henrique/ORB_SLAM3_Modular/include/Frame.h:33\x1b[m\x1b[K,\n'}
[12.529389] (ros2_orbslam3) StderrLine: {'line': b'                 from \x1b[01m\x1b[K/home/henrique/ORB_SLAM3_Modular/include/KeyFrame.h:28\x1b[m\x1b[K,\n'}
[12.529487] (ros2_orbslam3) StderrLine: {'line': b'                 from \x1b[01m\x1b[K/home/henrique/ORB_SLAM3_Modular/include/MapPoint.h:23\x1b[m\x1b[K,\n'}
[12.529591] (ros2_orbslam3) StderrLine: {'line': b'                 from \x1b[01m\x1b[K/home/henrique/ORB_SLAM3_Modular/include/FrameDrawer.h:24\x1b[m\x1b[K,\n'}
[12.529689] (ros2_orbslam3) StderrLine: {'line': b'                 from \x1b[01m\x1b[K/home/henrique/ORB_SLAM3_Modular/include/Viewer.h:23\x1b[m\x1b[K,\n'}
[12.529797] (ros2_orbslam3) StderrLine: {'line': b'                 from \x1b[01m\x1b[K/home/henrique/ORB_SLAM3_Modular/include/Tracking.h:26\x1b[m\x1b[K,\n'}
[12.529896] (ros2_orbslam3) StderrLine: {'line': b'                 from \x1b[01m\x1b[K/home/henrique/ORB_SLAM3_Modular/include/System.h:31\x1b[m\x1b[K,\n'}
[12.529996] (ros2_orbslam3) StderrLine: {'line': b'                 from \x1b[01m\x1b[K/home/henrique/ws_visao/kinect-orbslam-ws/src/ros2_orbslam3/src/rgbd/rgbd-slam-node.hpp:34\x1b[m\x1b[K,\n'}
[12.530094] (ros2_orbslam3) StderrLine: {'line': b'                 from \x1b[01m\x1b[K/home/henrique/ws_visao/kinect-orbslam-ws/src/ros2_orbslam3/src/rgbd/rgbd-slam-node.cpp:13\x1b[m\x1b[K:\n'}
[12.530209] (ros2_orbslam3) StderrLine: {'line': b'\x1b[01m\x1b[K/home/henrique/ORB_SLAM3_Modular/Thirdparty/g2o/g2o/types/../core/base_binary_edge.h:60:80:\x1b[m\x1b[K \x1b[01;35m\x1b[Kwarning: \x1b[m\x1b[K\xe2\x80\x98\x1b[01m\x1b[KEigen::AlignedBit\x1b[m\x1b[K\xe2\x80\x99 is deprecated [\x1b[01;35m\x1b[K\x1b]8;;https://gcc.gnu.org/onlinedocs/gcc/Warning-Options.html#index-Wdeprecated-declarations\x07-Wdeprecated-declarations\x1b]8;;\x07\x1b[m\x1b[K]\n'}
[12.530314] (ros2_orbslam3) StderrLine: {'line': b'   60 |       typedef Eigen::Map<Matrix<double, Dj, Di>, Matrix<double, Dj, Di>::\x1b[01;35m\x1b[KFlags & AlignedBit\x1b[m\x1b[K ? Aligned : Unaligned > HessianBlockTransposedType;\n'}
[12.530413] (ros2_orbslam3) StderrLine: {'line': b'      |                                                                          \x1b[01;35m\x1b[K~~~~~~^~~~~~~~~~~~\x1b[m\x1b[K\n'}
[12.530512] (ros2_orbslam3) StderrLine: {'line': b'In file included from \x1b[01m\x1b[K/usr/include/eigen3/Eigen/Core:161\x1b[m\x1b[K,\n'}
[12.530611] (ros2_orbslam3) StderrLine: {'line': b'                 from \x1b[01m\x1b[K/usr/include/eigen3/Eigen/Dense:1\x1b[m\x1b[K,\n'}
[12.530715] (ros2_orbslam3) StderrLine: {'line': b'                 from \x1b[01m\x1b[K/home/henrique/ws_visao/kinect-orbslam-ws/src/ros2_orbslam3/src/rgbd/rgbd-slam-node.cpp:7\x1b[m\x1b[K:\n'}
[12.530816] (ros2_orbslam3) StderrLine: {'line': b'\x1b[01m\x1b[K/usr/include/eigen3/Eigen/src/Core/util/Constants.h:167:37:\x1b[m\x1b[K \x1b[01;36m\x1b[Knote: \x1b[m\x1b[Kdeclared here\n'}
[12.530913] (ros2_orbslam3) StderrLine: {'line': b'  167 | EIGEN_DEPRECATED const unsigned int \x1b[01;36m\x1b[KAlignedBit\x1b[m\x1b[K = 0x80;\n'}
[12.531012] (ros2_orbslam3) StderrLine: {'line': b'      |                                     \x1b[01;36m\x1b[K^~~~~~~~~~\x1b[m\x1b[K\n'}
[12.540090] (ros2_orbslam3) StderrLine: {'line': b'In file included from \x1b[01m\x1b[K/home/henrique/ORB_SLAM3_Modular/Thirdparty/g2o/g2o/types/types_six_dof_expmap.h:38\x1b[m\x1b[K,\n'}
[12.540384] (ros2_orbslam3) StderrLine: {'line': b'                 from \x1b[01m\x1b[K/home/henrique/ORB_SLAM3_Modular/include/Converter.h:26\x1b[m\x1b[K,\n'}
[12.540514] (ros2_orbslam3) StderrLine: {'line': b'                 from \x1b[01m\x1b[K/home/henrique/ORB_SLAM3_Modular/include/Frame.h:33\x1b[m\x1b[K,\n'}
[12.540628] (ros2_orbslam3) StderrLine: {'line': b'                 from \x1b[01m\x1b[K/home/henrique/ORB_SLAM3_Modular/include/KeyFrame.h:28\x1b[m\x1b[K,\n'}
[12.540742] (ros2_orbslam3) StderrLine: {'line': b'                 from \x1b[01m\x1b[K/home/henrique/ORB_SLAM3_Modular/include/MapPoint.h:23\x1b[m\x1b[K,\n'}
[12.540851] (ros2_orbslam3) StderrLine: {'line': b'                 from \x1b[01m\x1b[K/home/henrique/ORB_SLAM3_Modular/include/FrameDrawer.h:24\x1b[m\x1b[K,\n'}
[12.540959] (ros2_orbslam3) StderrLine: {'line': b'                 from \x1b[01m\x1b[K/home/henrique/ORB_SLAM3_Modular/include/Viewer.h:23\x1b[m\x1b[K,\n'}
[12.541064] (ros2_orbslam3) StderrLine: {'line': b'                 from \x1b[01m\x1b[K/home/henrique/ORB_SLAM3_Modular/include/Tracking.h:26\x1b[m\x1b[K,\n'}
[12.541196] (ros2_orbslam3) StderrLine: {'line': b'                 from \x1b[01m\x1b[K/home/henrique/ORB_SLAM3_Modular/include/System.h:31\x1b[m\x1b[K,\n'}
[12.541303] (ros2_orbslam3) StderrLine: {'line': b'                 from \x1b[01m\x1b[K/home/henrique/ws_visao/kinect-orbslam-ws/src/ros2_orbslam3/src/rgbd/rgbd.cpp:16\x1b[m\x1b[K:\n'}
[12.541412] (ros2_orbslam3) StderrLine: {'line': b'/home/henrique/ORB_SLAM3_Modular/Thirdparty/g2o/g2o/types/../core/base_binary_edge.h: In instantiation of \xe2\x80\x98\x1b[01m\x1b[Kclass g2o::BaseBinaryEdge<7, g2o::Sim3, g2o::VertexSim3Expmap, g2o::VertexSim3Expmap>\x1b[m\x1b[K\xe2\x80\x99:\n'}
[12.541525] (ros2_orbslam3) StderrLine: {'line': b'\x1b[01m\x1b[K/home/henrique/ORB_SLAM3_Modular/Thirdparty/g2o/g2o/types/types_seven_dof_expmap.h:99:27:\x1b[m\x1b[K   required from here\n'}
[12.541644] (ros2_orbslam3) StderrLine: {'line': b'\x1b[01m\x1b[K/home/henrique/ORB_SLAM3_Modular/Thirdparty/g2o/g2o/types/../core/base_binary_edge.h:59:80:\x1b[m\x1b[K \x1b[01;35m\x1b[Kwarning: \x1b[m\x1b[K\xe2\x80\x98\x1b[01m\x1b[KEigen::AlignedBit\x1b[m\x1b[K\xe2\x80\x99 is deprecated [\x1b[01;35m\x1b[K\x1b]8;;https://gcc.gnu.org/onlinedocs/gcc/Warning-Options.html#index-Wdeprecated-declarations\x07-Wdeprecated-declarations\x1b]8;;\x07\x1b[m\x1b[K]\n'}
[12.541784] (ros2_orbslam3) StderrLine: {'line': b'   59 |       typedef Eigen::Map<Matrix<double, Di, Dj>, Matrix<double, Di, Dj>::\x1b[01;35m\x1b[KFlags & AlignedBit\x1b[m\x1b[K ? Aligned : Unaligned > HessianBlockType;\n'}
[12.541897] (ros2_orbslam3) StderrLine: {'line': b'      |                                                                          \x1b[01;35m\x1b[K~~~~~~^~~~~~~~~~~~\x1b[m\x1b[K\n'}
[12.542005] (ros2_orbslam3) StderrLine: {'line': b'In file included from \x1b[01m\x1b[K/usr/include/eigen3/Eigen/Core:161\x1b[m\x1b[K,\n'}
[12.542120] (ros2_orbslam3) StderrLine: {'line': b'                 from \x1b[01m\x1b[K/usr/include/eigen3/Eigen/LU:11\x1b[m\x1b[K,\n'}
[12.542240] (ros2_orbslam3) StderrLine: {'line': b'                 from \x1b[01m\x1b[K/home/henrique/ORB_SLAM3_Modular/Thirdparty/Sophus/sophus/so2.hpp:12\x1b[m\x1b[K,\n'}
[12.542348] (ros2_orbslam3) StderrLine: {'line': b'                 from \x1b[01m\x1b[K/home/henrique/ORB_SLAM3_Modular/Thirdparty/Sophus/sophus/se2.hpp:7\x1b[m\x1b[K,\n'}
[12.542666] (ros2_orbslam3) StderrLine: {'line': b'                 from \x1b[01m\x1b[K/home/henrique/ORB_SLAM3_Modular/Thirdparty/Sophus/sophus/geometry.hpp:7\x1b[m\x1b[K,\n'}
[12.542773] (ros2_orbslam3) StderrLine: {'line': b'                 from \x1b[01m\x1b[K/home/henrique/ORB_SLAM3_Modular/include/Frame.h:28\x1b[m\x1b[K,\n'}
[12.542879] (ros2_orbslam3) StderrLine: {'line': b'                 from \x1b[01m\x1b[K/home/henrique/ORB_SLAM3_Modular/include/KeyFrame.h:28\x1b[m\x1b[K,\n'}
[12.542997] (ros2_orbslam3) StderrLine: {'line': b'                 from \x1b[01m\x1b[K/home/henrique/ORB_SLAM3_Modular/include/MapPoint.h:23\x1b[m\x1b[K,\n'}
[12.543110] (ros2_orbslam3) StderrLine: {'line': b'                 from \x1b[01m\x1b[K/home/henrique/ORB_SLAM3_Modular/include/FrameDrawer.h:24\x1b[m\x1b[K,\n'}
[12.543225] (ros2_orbslam3) StderrLine: {'line': b'                 from \x1b[01m\x1b[K/home/henrique/ORB_SLAM3_Modular/include/Viewer.h:23\x1b[m\x1b[K,\n'}
[12.543331] (ros2_orbslam3) StderrLine: {'line': b'                 from \x1b[01m\x1b[K/home/henrique/ORB_SLAM3_Modular/include/Tracking.h:26\x1b[m\x1b[K,\n'}
[12.543436] (ros2_orbslam3) StderrLine: {'line': b'                 from \x1b[01m\x1b[K/home/henrique/ORB_SLAM3_Modular/include/System.h:31\x1b[m\x1b[K,\n'}
[12.543540] (ros2_orbslam3) StderrLine: {'line': b'                 from \x1b[01m\x1b[K/home/henrique/ws_visao/kinect-orbslam-ws/src/ros2_orbslam3/src/rgbd/rgbd.cpp:16\x1b[m\x1b[K:\n'}
[12.543646] (ros2_orbslam3) StderrLine: {'line': b'\x1b[01m\x1b[K/usr/include/eigen3/Eigen/src/Core/util/Constants.h:167:37:\x1b[m\x1b[K \x1b[01;36m\x1b[Knote: \x1b[m\x1b[Kdeclared here\n'}
[12.543753] (ros2_orbslam3) StderrLine: {'line': b'  167 | EIGEN_DEPRECATED const unsigned int \x1b[01;36m\x1b[KAlignedBit\x1b[m\x1b[K = 0x80;\n'}
[12.543861] (ros2_orbslam3) StderrLine: {'line': b'      |                                     \x1b[01;36m\x1b[K^~~~~~~~~~\x1b[m\x1b[K\n'}
[12.543971] (ros2_orbslam3) StderrLine: {'line': b'In file included from \x1b[01m\x1b[K/home/henrique/ORB_SLAM3_Modular/Thirdparty/g2o/g2o/types/types_six_dof_expmap.h:38\x1b[m\x1b[K,\n'}
[12.544078] (ros2_orbslam3) StderrLine: {'line': b'                 from \x1b[01m\x1b[K/home/henrique/ORB_SLAM3_Modular/include/Converter.h:26\x1b[m\x1b[K,\n'}
[12.544194] (ros2_orbslam3) StderrLine: {'line': b'                 from \x1b[01m\x1b[K/home/henrique/ORB_SLAM3_Modular/include/Frame.h:33\x1b[m\x1b[K,\n'}
[12.544302] (ros2_orbslam3) StderrLine: {'line': b'                 from \x1b[01m\x1b[K/home/henrique/ORB_SLAM3_Modular/include/KeyFrame.h:28\x1b[m\x1b[K,\n'}
[12.544408] (ros2_orbslam3) StderrLine: {'line': b'                 from \x1b[01m\x1b[K/home/henrique/ORB_SLAM3_Modular/include/MapPoint.h:23\x1b[m\x1b[K,\n'}
[12.544514] (ros2_orbslam3) StderrLine: {'line': b'                 from \x1b[01m\x1b[K/home/henrique/ORB_SLAM3_Modular/include/FrameDrawer.h:24\x1b[m\x1b[K,\n'}
[12.544621] (ros2_orbslam3) StderrLine: {'line': b'                 from \x1b[01m\x1b[K/home/henrique/ORB_SLAM3_Modular/include/Viewer.h:23\x1b[m\x1b[K,\n'}
[12.544726] (ros2_orbslam3) StderrLine: {'line': b'                 from \x1b[01m\x1b[K/home/henrique/ORB_SLAM3_Modular/include/Tracking.h:26\x1b[m\x1b[K,\n'}
[12.544831] (ros2_orbslam3) StderrLine: {'line': b'                 from \x1b[01m\x1b[K/home/henrique/ORB_SLAM3_Modular/include/System.h:31\x1b[m\x1b[K,\n'}
[12.544937] (ros2_orbslam3) StderrLine: {'line': b'                 from \x1b[01m\x1b[K/home/henrique/ws_visao/kinect-orbslam-ws/src/ros2_orbslam3/src/rgbd/rgbd.cpp:16\x1b[m\x1b[K:\n'}
[12.545040] (ros2_orbslam3) StderrLine: {'line': b'\x1b[01m\x1b[K/home/henrique/ORB_SLAM3_Modular/Thirdparty/g2o/g2o/types/../core/base_binary_edge.h:60:80:\x1b[m\x1b[K \x1b[01;35m\x1b[Kwarning: \x1b[m\x1b[K\xe2\x80\x98\x1b[01m\x1b[KEigen::AlignedBit\x1b[m\x1b[K\xe2\x80\x99 is deprecated [\x1b[01;35m\x1b[K\x1b]8;;https://gcc.gnu.org/onlinedocs/gcc/Warning-Options.html#index-Wdeprecated-declarations\x07-Wdeprecated-declarations\x1b]8;;\x07\x1b[m\x1b[K]\n'}
[12.545513] (ros2_orbslam3) StderrLine: {'line': b'   60 |       typedef Eigen::Map<Matrix<double, Dj, Di>, Matrix<double, Dj, Di>::\x1b[01;35m\x1b[KFlags & AlignedBit\x1b[m\x1b[K ? Aligned : Unaligned > HessianBlockTransposedType;\n'}
[12.545670] (ros2_orbslam3) StderrLine: {'line': b'      |                                                                          \x1b[01;35m\x1b[K~~~~~~^~~~~~~~~~~~\x1b[m\x1b[K\n'}
[12.545792] (ros2_orbslam3) StderrLine: {'line': b'In file included from \x1b[01m\x1b[K/usr/include/eigen3/Eigen/Core:161\x1b[m\x1b[K,\n'}
[12.545895] (ros2_orbslam3) StderrLine: {'line': b'                 from \x1b[01m\x1b[K/usr/include/eigen3/Eigen/LU:11\x1b[m\x1b[K,\n'}
[12.545997] (ros2_orbslam3) StderrLine: {'line': b'                 from \x1b[01m\x1b[K/home/henrique/ORB_SLAM3_Modular/Thirdparty/Sophus/sophus/so2.hpp:12\x1b[m\x1b[K,\n'}
[12.546111] (ros2_orbslam3) StderrLine: {'line': b'                 from \x1b[01m\x1b[K/home/henrique/ORB_SLAM3_Modular/Thirdparty/Sophus/sophus/se2.hpp:7\x1b[m\x1b[K,\n'}
[12.546220] (ros2_orbslam3) StderrLine: {'line': b'                 from \x1b[01m\x1b[K/home/henrique/ORB_SLAM3_Modular/Thirdparty/Sophus/sophus/geometry.hpp:7\x1b[m\x1b[K,\n'}
[12.546320] (ros2_orbslam3) StderrLine: {'line': b'                 from \x1b[01m\x1b[K/home/henrique/ORB_SLAM3_Modular/include/Frame.h:28\x1b[m\x1b[K,\n'}
[12.546420] (ros2_orbslam3) StderrLine: {'line': b'                 from \x1b[01m\x1b[K/home/henrique/ORB_SLAM3_Modular/include/KeyFrame.h:28\x1b[m\x1b[K,\n'}
[12.546520] (ros2_orbslam3) StderrLine: {'line': b'                 from \x1b[01m\x1b[K/home/henrique/ORB_SLAM3_Modular/include/MapPoint.h:23\x1b[m\x1b[K,\n'}
[12.546619] (ros2_orbslam3) StderrLine: {'line': b'                 from \x1b[01m\x1b[K/home/henrique/ORB_SLAM3_Modular/include/FrameDrawer.h:24\x1b[m\x1b[K,\n'}
[12.546717] (ros2_orbslam3) StderrLine: {'line': b'                 from \x1b[01m\x1b[K/home/henrique/ORB_SLAM3_Modular/include/Viewer.h:23\x1b[m\x1b[K,\n'}
[12.546816] (ros2_orbslam3) StderrLine: {'line': b'                 from \x1b[01m\x1b[K/home/henrique/ORB_SLAM3_Modular/include/Tracking.h:26\x1b[m\x1b[K,\n'}
[12.546914] (ros2_orbslam3) StderrLine: {'line': b'                 from \x1b[01m\x1b[K/home/henrique/ORB_SLAM3_Modular/include/System.h:31\x1b[m\x1b[K,\n'}
[12.547011] (ros2_orbslam3) StderrLine: {'line': b'                 from \x1b[01m\x1b[K/home/henrique/ws_visao/kinect-orbslam-ws/src/ros2_orbslam3/src/rgbd/rgbd.cpp:16\x1b[m\x1b[K:\n'}
[12.547116] (ros2_orbslam3) StderrLine: {'line': b'\x1b[01m\x1b[K/usr/include/eigen3/Eigen/src/Core/util/Constants.h:167:37:\x1b[m\x1b[K \x1b[01;36m\x1b[Knote: \x1b[m\x1b[Kdeclared here\n'}
[12.547225] (ros2_orbslam3) StderrLine: {'line': b'  167 | EIGEN_DEPRECATED const unsigned int \x1b[01;36m\x1b[KAlignedBit\x1b[m\x1b[K = 0x80;\n'}
[12.547333] (ros2_orbslam3) StderrLine: {'line': b'      |                                     \x1b[01;36m\x1b[K^~~~~~~~~~\x1b[m\x1b[K\n'}
[12.563612] (-) TimerEvent: {}
[12.633623] (ros2_orbslam3) StderrLine: {'line': b'In file included from \x1b[01m\x1b[K/home/henrique/ORB_SLAM3_Modular/Thirdparty/g2o/g2o/types/types_six_dof_expmap.h:38\x1b[m\x1b[K,\n'}
[12.633909] (ros2_orbslam3) StderrLine: {'line': b'                 from \x1b[01m\x1b[K/home/henrique/ORB_SLAM3_Modular/include/Converter.h:26\x1b[m\x1b[K,\n'}
[12.634049] (ros2_orbslam3) StderrLine: {'line': b'                 from \x1b[01m\x1b[K/home/henrique/ORB_SLAM3_Modular/include/Frame.h:33\x1b[m\x1b[K,\n'}
[12.634174] (ros2_orbslam3) StderrLine: {'line': b'                 from \x1b[01m\x1b[K/home/henrique/ORB_SLAM3_Modular/include/KeyFrame.h:28\x1b[m\x1b[K,\n'}
[12.634282] (ros2_orbslam3) StderrLine: {'line': b'                 from \x1b[01m\x1b[K/home/henrique/ORB_SLAM3_Modular/include/MapPoint.h:23\x1b[m\x1b[K,\n'}
[12.634382] (ros2_orbslam3) StderrLine: {'line': b'                 from \x1b[01m\x1b[K/home/henrique/ORB_SLAM3_Modular/include/FrameDrawer.h:24\x1b[m\x1b[K,\n'}
[12.634483] (ros2_orbslam3) StderrLine: {'line': b'                 from \x1b[01m\x1b[K/home/henrique/ORB_SLAM3_Modular/include/Viewer.h:23\x1b[m\x1b[K,\n'}
[12.634590] (ros2_orbslam3) StderrLine: {'line': b'                 from \x1b[01m\x1b[K/home/henrique/ORB_SLAM3_Modular/include/Tracking.h:26\x1b[m\x1b[K,\n'}
[12.634689] (ros2_orbslam3) StderrLine: {'line': b'                 from \x1b[01m\x1b[K/home/henrique/ORB_SLAM3_Modular/include/System.h:31\x1b[m\x1b[K,\n'}
[12.634785] (ros2_orbslam3) StderrLine: {'line': b'                 from \x1b[01m\x1b[K/home/henrique/ws_visao/kinect-orbslam-ws/src/ros2_orbslam3/src/rgbd/rgbd.cpp:16\x1b[m\x1b[K:\n'}
[12.634888] (ros2_orbslam3) StderrLine: {'line': b'/home/henrique/ORB_SLAM3_Modular/Thirdparty/g2o/g2o/types/../core/base_binary_edge.h: In instantiation of \xe2\x80\x98\x1b[01m\x1b[Kclass g2o::BaseBinaryEdge<2, Eigen::Matrix<double, 2, 1>, g2o::VertexSBAPointXYZ, g2o::VertexSim3Expmap>\x1b[m\x1b[K\xe2\x80\x99:\n'}
[12.634989] (ros2_orbslam3) StderrLine: {'line': b'\x1b[01m\x1b[K/home/henrique/ORB_SLAM3_Modular/Thirdparty/g2o/g2o/types/types_seven_dof_expmap.h:130:36:\x1b[m\x1b[K   required from here\n'}
[12.635089] (ros2_orbslam3) StderrLine: {'line': b'\x1b[01m\x1b[K/home/henrique/ORB_SLAM3_Modular/Thirdparty/g2o/g2o/types/../core/base_binary_edge.h:59:80:\x1b[m\x1b[K \x1b[01;35m\x1b[Kwarning: \x1b[m\x1b[K\xe2\x80\x98\x1b[01m\x1b[KEigen::AlignedBit\x1b[m\x1b[K\xe2\x80\x99 is deprecated [\x1b[01;35m\x1b[K\x1b]8;;https://gcc.gnu.org/onlinedocs/gcc/Warning-Options.html#index-Wdeprecated-declarations\x07-Wdeprecated-declarations\x1b]8;;\x07\x1b[m\x1b[K]\n'}
[12.635214] (ros2_orbslam3) StderrLine: {'line': b'   59 |       typedef Eigen::Map<Matrix<double, Di, Dj>, Matrix<double, Di, Dj>::\x1b[01;35m\x1b[KFlags & AlignedBit\x1b[m\x1b[K ? Aligned : Unaligned > HessianBlockType;\n'}
[12.635317] (ros2_orbslam3) StderrLine: {'line': b'      |                                                                          \x1b[01;35m\x1b[K~~~~~~^~~~~~~~~~~~\x1b[m\x1b[K\n'}
[12.635414] (ros2_orbslam3) StderrLine: {'line': b'In file included from \x1b[01m\x1b[K/usr/include/eigen3/Eigen/Core:161\x1b[m\x1b[K,\n'}
[12.635513] (ros2_orbslam3) StderrLine: {'line': b'                 from \x1b[01m\x1b[K/usr/include/eigen3/Eigen/LU:11\x1b[m\x1b[K,\n'}
[12.635607] (ros2_orbslam3) StderrLine: {'line': b'                 from \x1b[01m\x1b[K/home/henrique/ORB_SLAM3_Modular/Thirdparty/Sophus/sophus/so2.hpp:12\x1b[m\x1b[K,\n'}
[12.635705] (ros2_orbslam3) StderrLine: {'line': b'                 from \x1b[01m\x1b[K/home/henrique/ORB_SLAM3_Modular/Thirdparty/Sophus/sophus/se2.hpp:7\x1b[m\x1b[K,\n'}
[12.635803] (ros2_orbslam3) StderrLine: {'line': b'                 from \x1b[01m\x1b[K/home/henrique/ORB_SLAM3_Modular/Thirdparty/Sophus/sophus/geometry.hpp:7\x1b[m\x1b[K,\n'}
[12.635900] (ros2_orbslam3) StderrLine: {'line': b'                 from \x1b[01m\x1b[K/home/henrique/ORB_SLAM3_Modular/include/Frame.h:28\x1b[m\x1b[K,\n'}
[12.635996] (ros2_orbslam3) StderrLine: {'line': b'                 from \x1b[01m\x1b[K/home/henrique/ORB_SLAM3_Modular/include/KeyFrame.h:28\x1b[m\x1b[K,\n'}
[12.636093] (ros2_orbslam3) StderrLine: {'line': b'                 from \x1b[01m\x1b[K/home/henrique/ORB_SLAM3_Modular/include/MapPoint.h:23\x1b[m\x1b[K,\n'}
[12.636201] (ros2_orbslam3) StderrLine: {'line': b'                 from \x1b[01m\x1b[K/home/henrique/ORB_SLAM3_Modular/include/FrameDrawer.h:24\x1b[m\x1b[K,\n'}
[12.636298] (ros2_orbslam3) StderrLine: {'line': b'                 from \x1b[01m\x1b[K/home/henrique/ORB_SLAM3_Modular/include/Viewer.h:23\x1b[m\x1b[K,\n'}
[12.636397] (ros2_orbslam3) StderrLine: {'line': b'                 from \x1b[01m\x1b[K/home/henrique/ORB_SLAM3_Modular/include/Tracking.h:26\x1b[m\x1b[K,\n'}
[12.636494] (ros2_orbslam3) StderrLine: {'line': b'                 from \x1b[01m\x1b[K/home/henrique/ORB_SLAM3_Modular/include/System.h:31\x1b[m\x1b[K,\n'}
[12.636592] (ros2_orbslam3) StderrLine: {'line': b'                 from \x1b[01m\x1b[K/home/henrique/ws_visao/kinect-orbslam-ws/src/ros2_orbslam3/src/rgbd/rgbd.cpp:16\x1b[m\x1b[K:\n'}
[12.636690] (ros2_orbslam3) StderrLine: {'line': b'\x1b[01m\x1b[K/usr/include/eigen3/Eigen/src/Core/util/Constants.h:167:37:\x1b[m\x1b[K \x1b[01;36m\x1b[Knote: \x1b[m\x1b[Kdeclared here\n'}
[12.636789] (ros2_orbslam3) StderrLine: {'line': b'  167 | EIGEN_DEPRECATED const unsigned int \x1b[01;36m\x1b[KAlignedBit\x1b[m\x1b[K = 0x80;\n'}
[12.636888] (ros2_orbslam3) StderrLine: {'line': b'      |                                     \x1b[01;36m\x1b[K^~~~~~~~~~\x1b[m\x1b[K\n'}
[12.663839] (-) TimerEvent: {}
[12.664611] (ros2_orbslam3) StderrLine: {'line': b'In file included from \x1b[01m\x1b[K/home/henrique/ORB_SLAM3_Modular/Thirdparty/g2o/g2o/types/types_six_dof_expmap.h:38\x1b[m\x1b[K,\n'}
[12.664857] (ros2_orbslam3) StderrLine: {'line': b'                 from \x1b[01m\x1b[K/home/henrique/ORB_SLAM3_Modular/include/Converter.h:26\x1b[m\x1b[K,\n'}
[12.664977] (ros2_orbslam3) StderrLine: {'line': b'                 from \x1b[01m\x1b[K/home/henrique/ORB_SLAM3_Modular/include/Frame.h:33\x1b[m\x1b[K,\n'}
[12.665083] (ros2_orbslam3) StderrLine: {'line': b'                 from \x1b[01m\x1b[K/home/henrique/ORB_SLAM3_Modular/include/KeyFrame.h:28\x1b[m\x1b[K,\n'}
[12.665209] (ros2_orbslam3) StderrLine: {'line': b'                 from \x1b[01m\x1b[K/home/henrique/ORB_SLAM3_Modular/include/MapPoint.h:23\x1b[m\x1b[K,\n'}
[12.665310] (ros2_orbslam3) StderrLine: {'line': b'                 from \x1b[01m\x1b[K/home/henrique/ORB_SLAM3_Modular/include/FrameDrawer.h:24\x1b[m\x1b[K,\n'}
[12.665425] (ros2_orbslam3) StderrLine: {'line': b'                 from \x1b[01m\x1b[K/home/henrique/ORB_SLAM3_Modular/include/Viewer.h:23\x1b[m\x1b[K,\n'}
[12.665525] (ros2_orbslam3) StderrLine: {'line': b'                 from \x1b[01m\x1b[K/home/henrique/ORB_SLAM3_Modular/include/Tracking.h:26\x1b[m\x1b[K,\n'}
[12.665624] (ros2_orbslam3) StderrLine: {'line': b'                 from \x1b[01m\x1b[K/home/henrique/ORB_SLAM3_Modular/include/System.h:31\x1b[m\x1b[K,\n'}
[12.665728] (ros2_orbslam3) StderrLine: {'line': b'                 from \x1b[01m\x1b[K/home/henrique/ws_visao/kinect-orbslam-ws/src/ros2_orbslam3/src/rgbd/rgbd.cpp:16\x1b[m\x1b[K:\n'}
[12.665838] (ros2_orbslam3) StderrLine: {'line': b'\x1b[01m\x1b[K/home/henrique/ORB_SLAM3_Modular/Thirdparty/g2o/g2o/types/../core/base_binary_edge.h:60:80:\x1b[m\x1b[K \x1b[01;35m\x1b[Kwarning: \x1b[m\x1b[K\xe2\x80\x98\x1b[01m\x1b[KEigen::AlignedBit\x1b[m\x1b[K\xe2\x80\x99 is deprecated [\x1b[01;35m\x1b[K\x1b]8;;https://gcc.gnu.org/onlinedocs/gcc/Warning-Options.html#index-Wdeprecated-declarations\x07-Wdeprecated-declarations\x1b]8;;\x07\x1b[m\x1b[K]\n'}
[12.665948] (ros2_orbslam3) StderrLine: {'line': b'   60 |       typedef Eigen::Map<Matrix<double, Dj, Di>, Matrix<double, Dj, Di>::\x1b[01;35m\x1b[KFlags & AlignedBit\x1b[m\x1b[K ? Aligned : Unaligned > HessianBlockTransposedType;\n'}
[12.666050] (ros2_orbslam3) StderrLine: {'line': b'      |                                                                          \x1b[01;35m\x1b[K~~~~~~^~~~~~~~~~~~\x1b[m\x1b[K\n'}
[12.666160] (ros2_orbslam3) StderrLine: {'line': b'In file included from \x1b[01m\x1b[K/usr/include/eigen3/Eigen/Core:161\x1b[m\x1b[K,\n'}
[12.666263] (ros2_orbslam3) StderrLine: {'line': b'                 from \x1b[01m\x1b[K/usr/include/eigen3/Eigen/LU:11\x1b[m\x1b[K,\n'}
[12.666361] (ros2_orbslam3) StderrLine: {'line': b'                 from \x1b[01m\x1b[K/home/henrique/ORB_SLAM3_Modular/Thirdparty/Sophus/sophus/so2.hpp:12\x1b[m\x1b[K,\n'}
[12.666460] (ros2_orbslam3) StderrLine: {'line': b'                 from \x1b[01m\x1b[K/home/henrique/ORB_SLAM3_Modular/Thirdparty/Sophus/sophus/se2.hpp:7\x1b[m\x1b[K,\n'}
[12.666557] (ros2_orbslam3) StderrLine: {'line': b'                 from \x1b[01m\x1b[K/home/henrique/ORB_SLAM3_Modular/Thirdparty/Sophus/sophus/geometry.hpp:7\x1b[m\x1b[K,\n'}
[12.666656] (ros2_orbslam3) StderrLine: {'line': b'                 from \x1b[01m\x1b[K/home/henrique/ORB_SLAM3_Modular/include/Frame.h:28\x1b[m\x1b[K,\n'}
[12.666752] (ros2_orbslam3) StderrLine: {'line': b'                 from \x1b[01m\x1b[K/home/henrique/ORB_SLAM3_Modular/include/KeyFrame.h:28\x1b[m\x1b[K,\n'}
[12.666847] (ros2_orbslam3) StderrLine: {'line': b'                 from \x1b[01m\x1b[K/home/henrique/ORB_SLAM3_Modular/include/MapPoint.h:23\x1b[m\x1b[K,\n'}
[12.666944] (ros2_orbslam3) StderrLine: {'line': b'                 from \x1b[01m\x1b[K/home/henrique/ORB_SLAM3_Modular/include/FrameDrawer.h:24\x1b[m\x1b[K,\n'}
[12.667040] (ros2_orbslam3) StderrLine: {'line': b'                 from \x1b[01m\x1b[K/home/henrique/ORB_SLAM3_Modular/include/Viewer.h:23\x1b[m\x1b[K,\n'}
[12.667152] (ros2_orbslam3) StderrLine: {'line': b'                 from \x1b[01m\x1b[K/home/henrique/ORB_SLAM3_Modular/include/Tracking.h:26\x1b[m\x1b[K,\n'}
[12.667257] (ros2_orbslam3) StderrLine: {'line': b'                 from \x1b[01m\x1b[K/home/henrique/ORB_SLAM3_Modular/include/System.h:31\x1b[m\x1b[K,\n'}
[12.667356] (ros2_orbslam3) StderrLine: {'line': b'                 from \x1b[01m\x1b[K/home/henrique/ws_visao/kinect-orbslam-ws/src/ros2_orbslam3/src/rgbd/rgbd.cpp:16\x1b[m\x1b[K:\n'}
[12.667454] (ros2_orbslam3) StderrLine: {'line': b'\x1b[01m\x1b[K/usr/include/eigen3/Eigen/src/Core/util/Constants.h:167:37:\x1b[m\x1b[K \x1b[01;36m\x1b[Knote: \x1b[m\x1b[Kdeclared here\n'}
[12.667553] (ros2_orbslam3) StderrLine: {'line': b'  167 | EIGEN_DEPRECATED const unsigned int \x1b[01;36m\x1b[KAlignedBit\x1b[m\x1b[K = 0x80;\n'}
[12.667652] (ros2_orbslam3) StderrLine: {'line': b'      |                                     \x1b[01;36m\x1b[K^~~~~~~~~~\x1b[m\x1b[K\n'}
[12.764061] (-) TimerEvent: {}
[12.864499] (-) TimerEvent: {}
[12.961670] (ros2_orbslam3) StderrLine: {'line': b'In file included from \x1b[01m\x1b[K/home/henrique/ORB_SLAM3_Modular/Thirdparty/g2o/g2o/types/types_six_dof_expmap.h:37\x1b[m\x1b[K,\n'}
[12.961985] (ros2_orbslam3) StderrLine: {'line': b'                 from \x1b[01m\x1b[K/home/henrique/ORB_SLAM3_Modular/include/Converter.h:26\x1b[m\x1b[K,\n'}
[12.962122] (ros2_orbslam3) StderrLine: {'line': b'                 from \x1b[01m\x1b[K/home/henrique/ORB_SLAM3_Modular/include/Frame.h:33\x1b[m\x1b[K,\n'}
[12.962235] (ros2_orbslam3) StderrLine: {'line': b'                 from \x1b[01m\x1b[K/home/henrique/ORB_SLAM3_Modular/include/KeyFrame.h:28\x1b[m\x1b[K,\n'}
[12.962339] (ros2_orbslam3) StderrLine: {'line': b'                 from \x1b[01m\x1b[K/home/henrique/ORB_SLAM3_Modular/include/MapPoint.h:23\x1b[m\x1b[K,\n'}
[12.962440] (ros2_orbslam3) StderrLine: {'line': b'                 from \x1b[01m\x1b[K/home/henrique/ORB_SLAM3_Modular/include/FrameDrawer.h:24\x1b[m\x1b[K,\n'}
[12.962538] (ros2_orbslam3) StderrLine: {'line': b'                 from \x1b[01m\x1b[K/home/henrique/ORB_SLAM3_Modular/include/Viewer.h:23\x1b[m\x1b[K,\n'}
[12.962634] (ros2_orbslam3) StderrLine: {'line': b'                 from \x1b[01m\x1b[K/home/henrique/ORB_SLAM3_Modular/include/Tracking.h:26\x1b[m\x1b[K,\n'}
[12.962732] (ros2_orbslam3) StderrLine: {'line': b'                 from \x1b[01m\x1b[K/home/henrique/ORB_SLAM3_Modular/include/System.h:31\x1b[m\x1b[K,\n'}
[12.962831] (ros2_orbslam3) StderrLine: {'line': b'                 from \x1b[01m\x1b[K/home/henrique/ws_visao/kinect-orbslam-ws/src/ros2_orbslam3/src/rgbd/rgbd-slam-node.hpp:34\x1b[m\x1b[K,\n'}
[12.962932] (ros2_orbslam3) StderrLine: {'line': b'                 from \x1b[01m\x1b[K/home/henrique/ws_visao/kinect-orbslam-ws/src/ros2_orbslam3/src/rgbd/rgbd-slam-node.cpp:13\x1b[m\x1b[K:\n'}
[12.963031] (ros2_orbslam3) StderrLine: {'line': b'/home/henrique/ORB_SLAM3_Modular/Thirdparty/g2o/g2o/types/../core/base_vertex.h: In instantiation of \xe2\x80\x98\x1b[01m\x1b[Kclass g2o::BaseVertex<7, g2o::Sim3>\x1b[m\x1b[K\xe2\x80\x99:\n'}
[12.963141] (ros2_orbslam3) StderrLine: {'line': b'\x1b[01m\x1b[K/home/henrique/ORB_SLAM3_Modular/Thirdparty/g2o/g2o/types/types_seven_dof_expmap.h:48:35:\x1b[m\x1b[K   required from here\n'}
[12.963247] (ros2_orbslam3) StderrLine: {'line': b'\x1b[01m\x1b[K/home/henrique/ORB_SLAM3_Modular/Thirdparty/g2o/g2o/types/../core/base_vertex.h:62:72:\x1b[m\x1b[K \x1b[01;35m\x1b[Kwarning: \x1b[m\x1b[K\xe2\x80\x98\x1b[01m\x1b[KEigen::AlignedBit\x1b[m\x1b[K\xe2\x80\x99 is deprecated [\x1b[01;35m\x1b[K\x1b]8;;https://gcc.gnu.org/onlinedocs/gcc/Warning-Options.html#index-Wdeprecated-declarations\x07-Wdeprecated-declarations\x1b]8;;\x07\x1b[m\x1b[K]\n'}
[12.963381] (ros2_orbslam3) StderrLine: {'line': b'   62 |     typedef Eigen::Map<Matrix<double, D, D>, Matrix<double,D,D>::\x1b[01;35m\x1b[KFlags & AlignedBit\x1b[m\x1b[K ? Aligned : Unaligned >  HessianBlockType;\n'}
[12.963485] (ros2_orbslam3) StderrLine: {'line': b'      |                                                                  \x1b[01;35m\x1b[K~~~~~~^~~~~~~~~~~~\x1b[m\x1b[K\n'}
[12.963587] (ros2_orbslam3) StderrLine: {'line': b'In file included from \x1b[01m\x1b[K/usr/include/eigen3/Eigen/Core:161\x1b[m\x1b[K,\n'}
[12.963686] (ros2_orbslam3) StderrLine: {'line': b'                 from \x1b[01m\x1b[K/usr/include/eigen3/Eigen/Dense:1\x1b[m\x1b[K,\n'}
[12.963784] (ros2_orbslam3) StderrLine: {'line': b'                 from \x1b[01m\x1b[K/home/henrique/ws_visao/kinect-orbslam-ws/src/ros2_orbslam3/src/rgbd/rgbd-slam-node.cpp:7\x1b[m\x1b[K:\n'}
[12.963880] (ros2_orbslam3) StderrLine: {'line': b'\x1b[01m\x1b[K/usr/include/eigen3/Eigen/src/Core/util/Constants.h:167:37:\x1b[m\x1b[K \x1b[01;36m\x1b[Knote: \x1b[m\x1b[Kdeclared here\n'}
[12.963978] (ros2_orbslam3) StderrLine: {'line': b'  167 | EIGEN_DEPRECATED const unsigned int \x1b[01;36m\x1b[KAlignedBit\x1b[m\x1b[K = 0x80;\n'}
[12.964073] (ros2_orbslam3) StderrLine: {'line': b'      |                                     \x1b[01;36m\x1b[K^~~~~~~~~~\x1b[m\x1b[K\n'}
[12.964580] (-) TimerEvent: {}
[13.026445] (ros2_orbslam3) StderrLine: {'line': b'In file included from \x1b[01m\x1b[K/home/henrique/ORB_SLAM3_Modular/Thirdparty/g2o/g2o/types/types_six_dof_expmap.h:38\x1b[m\x1b[K,\n'}
[13.026742] (ros2_orbslam3) StderrLine: {'line': b'                 from \x1b[01m\x1b[K/home/henrique/ORB_SLAM3_Modular/include/Converter.h:26\x1b[m\x1b[K,\n'}
[13.026865] (ros2_orbslam3) StderrLine: {'line': b'                 from \x1b[01m\x1b[K/home/henrique/ORB_SLAM3_Modular/include/Frame.h:33\x1b[m\x1b[K,\n'}
[13.026971] (ros2_orbslam3) StderrLine: {'line': b'                 from \x1b[01m\x1b[K/home/henrique/ORB_SLAM3_Modular/include/KeyFrame.h:28\x1b[m\x1b[K,\n'}
[13.027073] (ros2_orbslam3) StderrLine: {'line': b'                 from \x1b[01m\x1b[K/home/henrique/ORB_SLAM3_Modular/include/MapPoint.h:23\x1b[m\x1b[K,\n'}
[13.027197] (ros2_orbslam3) StderrLine: {'line': b'                 from \x1b[01m\x1b[K/home/henrique/ORB_SLAM3_Modular/include/FrameDrawer.h:24\x1b[m\x1b[K,\n'}
[13.027298] (ros2_orbslam3) StderrLine: {'line': b'                 from \x1b[01m\x1b[K/home/henrique/ORB_SLAM3_Modular/include/Viewer.h:23\x1b[m\x1b[K,\n'}
[13.027398] (ros2_orbslam3) StderrLine: {'line': b'                 from \x1b[01m\x1b[K/home/henrique/ORB_SLAM3_Modular/include/Tracking.h:26\x1b[m\x1b[K,\n'}
[13.027497] (ros2_orbslam3) StderrLine: {'line': b'                 from \x1b[01m\x1b[K/home/henrique/ORB_SLAM3_Modular/include/System.h:31\x1b[m\x1b[K,\n'}
[13.027597] (ros2_orbslam3) StderrLine: {'line': b'                 from \x1b[01m\x1b[K/home/henrique/ws_visao/kinect-orbslam-ws/src/ros2_orbslam3/src/rgbd/rgbd-slam-node.hpp:34\x1b[m\x1b[K,\n'}
[13.027696] (ros2_orbslam3) StderrLine: {'line': b'                 from \x1b[01m\x1b[K/home/henrique/ws_visao/kinect-orbslam-ws/src/ros2_orbslam3/src/rgbd/rgbd-slam-node.cpp:13\x1b[m\x1b[K:\n'}
[13.027795] (ros2_orbslam3) StderrLine: {'line': b'/home/henrique/ORB_SLAM3_Modular/Thirdparty/g2o/g2o/types/../core/base_binary_edge.h: In instantiation of \xe2\x80\x98\x1b[01m\x1b[Kclass g2o::BaseBinaryEdge<7, g2o::Sim3, g2o::VertexSim3Expmap, g2o::VertexSim3Expmap>\x1b[m\x1b[K\xe2\x80\x99:\n'}
[13.027897] (ros2_orbslam3) StderrLine: {'line': b'\x1b[01m\x1b[K/home/henrique/ORB_SLAM3_Modular/Thirdparty/g2o/g2o/types/types_seven_dof_expmap.h:99:27:\x1b[m\x1b[K   required from here\n'}
[13.027996] (ros2_orbslam3) StderrLine: {'line': b'\x1b[01m\x1b[K/home/henrique/ORB_SLAM3_Modular/Thirdparty/g2o/g2o/types/../core/base_binary_edge.h:59:80:\x1b[m\x1b[K \x1b[01;35m\x1b[Kwarning: \x1b[m\x1b[K\xe2\x80\x98\x1b[01m\x1b[KEigen::AlignedBit\x1b[m\x1b[K\xe2\x80\x99 is deprecated [\x1b[01;35m\x1b[K\x1b]8;;https://gcc.gnu.org/onlinedocs/gcc/Warning-Options.html#index-Wdeprecated-declarations\x07-Wdeprecated-declarations\x1b]8;;\x07\x1b[m\x1b[K]\n'}
[13.028115] (ros2_orbslam3) StderrLine: {'line': b'   59 |       typedef Eigen::Map<Matrix<double, Di, Dj>, Matrix<double, Di, Dj>::\x1b[01;35m\x1b[KFlags & AlignedBit\x1b[m\x1b[K ? Aligned : Unaligned > HessianBlockType;\n'}
[13.028244] (ros2_orbslam3) StderrLine: {'line': b'      |                                                                          \x1b[01;35m\x1b[K~~~~~~^~~~~~~~~~~~\x1b[m\x1b[K\n'}
[13.028344] (ros2_orbslam3) StderrLine: {'line': b'In file included from \x1b[01m\x1b[K/usr/include/eigen3/Eigen/Core:161\x1b[m\x1b[K,\n'}
[13.028445] (ros2_orbslam3) StderrLine: {'line': b'                 from \x1b[01m\x1b[K/usr/include/eigen3/Eigen/Dense:1\x1b[m\x1b[K,\n'}
[13.028545] (ros2_orbslam3) StderrLine: {'line': b'                 from \x1b[01m\x1b[K/home/henrique/ws_visao/kinect-orbslam-ws/src/ros2_orbslam3/src/rgbd/rgbd-slam-node.cpp:7\x1b[m\x1b[K:\n'}
[13.028646] (ros2_orbslam3) StderrLine: {'line': b'\x1b[01m\x1b[K/usr/include/eigen3/Eigen/src/Core/util/Constants.h:167:37:\x1b[m\x1b[K \x1b[01;36m\x1b[Knote: \x1b[m\x1b[Kdeclared here\n'}
[13.028745] (ros2_orbslam3) StderrLine: {'line': b'  167 | EIGEN_DEPRECATED const unsigned int \x1b[01;36m\x1b[KAlignedBit\x1b[m\x1b[K = 0x80;\n'}
[13.028842] (ros2_orbslam3) StderrLine: {'line': b'      |                                     \x1b[01;36m\x1b[K^~~~~~~~~~\x1b[m\x1b[K\n'}
[13.028939] (ros2_orbslam3) StderrLine: {'line': b'In file included from \x1b[01m\x1b[K/home/henrique/ORB_SLAM3_Modular/Thirdparty/g2o/g2o/types/types_six_dof_expmap.h:38\x1b[m\x1b[K,\n'}
[13.029039] (ros2_orbslam3) StderrLine: {'line': b'                 from \x1b[01m\x1b[K/home/henrique/ORB_SLAM3_Modular/include/Converter.h:26\x1b[m\x1b[K,\n'}
[13.029153] (ros2_orbslam3) StderrLine: {'line': b'                 from \x1b[01m\x1b[K/home/henrique/ORB_SLAM3_Modular/include/Frame.h:33\x1b[m\x1b[K,\n'}
[13.029260] (ros2_orbslam3) StderrLine: {'line': b'                 from \x1b[01m\x1b[K/home/henrique/ORB_SLAM3_Modular/include/KeyFrame.h:28\x1b[m\x1b[K,\n'}
[13.029357] (ros2_orbslam3) StderrLine: {'line': b'                 from \x1b[01m\x1b[K/home/henrique/ORB_SLAM3_Modular/include/MapPoint.h:23\x1b[m\x1b[K,\n'}
[13.029452] (ros2_orbslam3) StderrLine: {'line': b'                 from \x1b[01m\x1b[K/home/henrique/ORB_SLAM3_Modular/include/FrameDrawer.h:24\x1b[m\x1b[K,\n'}
[13.029548] (ros2_orbslam3) StderrLine: {'line': b'                 from \x1b[01m\x1b[K/home/henrique/ORB_SLAM3_Modular/include/Viewer.h:23\x1b[m\x1b[K,\n'}
[13.029649] (ros2_orbslam3) StderrLine: {'line': b'                 from \x1b[01m\x1b[K/home/henrique/ORB_SLAM3_Modular/include/Tracking.h:26\x1b[m\x1b[K,\n'}
[13.029746] (ros2_orbslam3) StderrLine: {'line': b'                 from \x1b[01m\x1b[K/home/henrique/ORB_SLAM3_Modular/include/System.h:31\x1b[m\x1b[K,\n'}
[13.029849] (ros2_orbslam3) StderrLine: {'line': b'                 from \x1b[01m\x1b[K/home/henrique/ws_visao/kinect-orbslam-ws/src/ros2_orbslam3/src/rgbd/rgbd-slam-node.hpp:34\x1b[m\x1b[K,\n'}
[13.029946] (ros2_orbslam3) StderrLine: {'line': b'                 from \x1b[01m\x1b[K/home/henrique/ws_visao/kinect-orbslam-ws/src/ros2_orbslam3/src/rgbd/rgbd-slam-node.cpp:13\x1b[m\x1b[K:\n'}
[13.030041] (ros2_orbslam3) StderrLine: {'line': b'\x1b[01m\x1b[K/home/henrique/ORB_SLAM3_Modular/Thirdparty/g2o/g2o/types/../core/base_binary_edge.h:60:80:\x1b[m\x1b[K \x1b[01;35m\x1b[Kwarning: \x1b[m\x1b[K\xe2\x80\x98\x1b[01m\x1b[KEigen::AlignedBit\x1b[m\x1b[K\xe2\x80\x99 is deprecated [\x1b[01;35m\x1b[K\x1b]8;;https://gcc.gnu.org/onlinedocs/gcc/Warning-Options.html#index-Wdeprecated-declarations\x07-Wdeprecated-declarations\x1b]8;;\x07\x1b[m\x1b[K]\n'}
[13.030168] (ros2_orbslam3) StderrLine: {'line': b'   60 |       typedef Eigen::Map<Matrix<double, Dj, Di>, Matrix<double, Dj, Di>::\x1b[01;35m\x1b[KFlags & AlignedBit\x1b[m\x1b[K ? Aligned : Unaligned > HessianBlockTransposedType;\n'}
[13.030273] (ros2_orbslam3) StderrLine: {'line': b'      |                                                                          \x1b[01;35m\x1b[K~~~~~~^~~~~~~~~~~~\x1b[m\x1b[K\n'}
[13.030370] (ros2_orbslam3) StderrLine: {'line': b'In file included from \x1b[01m\x1b[K/usr/include/eigen3/Eigen/Core:161\x1b[m\x1b[K,\n'}
[13.030468] (ros2_orbslam3) StderrLine: {'line': b'                 from \x1b[01m\x1b[K/usr/include/eigen3/Eigen/Dense:1\x1b[m\x1b[K,\n'}
[13.030570] (ros2_orbslam3) StderrLine: {'line': b'                 from \x1b[01m\x1b[K/home/henrique/ws_visao/kinect-orbslam-ws/src/ros2_orbslam3/src/rgbd/rgbd-slam-node.cpp:7\x1b[m\x1b[K:\n'}
[13.030670] (ros2_orbslam3) StderrLine: {'line': b'\x1b[01m\x1b[K/usr/include/eigen3/Eigen/src/Core/util/Constants.h:167:37:\x1b[m\x1b[K \x1b[01;36m\x1b[Knote: \x1b[m\x1b[Kdeclared here\n'}
[13.030769] (ros2_orbslam3) StderrLine: {'line': b'  167 | EIGEN_DEPRECATED const unsigned int \x1b[01;36m\x1b[KAlignedBit\x1b[m\x1b[K = 0x80;\n'}
[13.030867] (ros2_orbslam3) StderrLine: {'line': b'      |                                     \x1b[01;36m\x1b[K^~~~~~~~~~\x1b[m\x1b[K\n'}
[13.064824] (-) TimerEvent: {}
[13.117513] (ros2_orbslam3) StderrLine: {'line': b'In file included from \x1b[01m\x1b[K/home/henrique/ORB_SLAM3_Modular/Thirdparty/g2o/g2o/types/types_six_dof_expmap.h:38\x1b[m\x1b[K,\n'}
[13.117871] (ros2_orbslam3) StderrLine: {'line': b'                 from \x1b[01m\x1b[K/home/henrique/ORB_SLAM3_Modular/include/Converter.h:26\x1b[m\x1b[K,\n'}
[13.117991] (ros2_orbslam3) StderrLine: {'line': b'                 from \x1b[01m\x1b[K/home/henrique/ORB_SLAM3_Modular/include/Frame.h:33\x1b[m\x1b[K,\n'}
[13.118107] (ros2_orbslam3) StderrLine: {'line': b'                 from \x1b[01m\x1b[K/home/henrique/ORB_SLAM3_Modular/include/KeyFrame.h:28\x1b[m\x1b[K,\n'}
[13.118232] (ros2_orbslam3) StderrLine: {'line': b'                 from \x1b[01m\x1b[K/home/henrique/ORB_SLAM3_Modular/include/MapPoint.h:23\x1b[m\x1b[K,\n'}
[13.118333] (ros2_orbslam3) StderrLine: {'line': b'                 from \x1b[01m\x1b[K/home/henrique/ORB_SLAM3_Modular/include/FrameDrawer.h:24\x1b[m\x1b[K,\n'}
[13.118434] (ros2_orbslam3) StderrLine: {'line': b'                 from \x1b[01m\x1b[K/home/henrique/ORB_SLAM3_Modular/include/Viewer.h:23\x1b[m\x1b[K,\n'}
[13.118533] (ros2_orbslam3) StderrLine: {'line': b'                 from \x1b[01m\x1b[K/home/henrique/ORB_SLAM3_Modular/include/Tracking.h:26\x1b[m\x1b[K,\n'}
[13.118632] (ros2_orbslam3) StderrLine: {'line': b'                 from \x1b[01m\x1b[K/home/henrique/ORB_SLAM3_Modular/include/System.h:31\x1b[m\x1b[K,\n'}
[13.118731] (ros2_orbslam3) StderrLine: {'line': b'                 from \x1b[01m\x1b[K/home/henrique/ws_visao/kinect-orbslam-ws/src/ros2_orbslam3/src/rgbd/rgbd-slam-node.hpp:34\x1b[m\x1b[K,\n'}
[13.118830] (ros2_orbslam3) StderrLine: {'line': b'                 from \x1b[01m\x1b[K/home/henrique/ws_visao/kinect-orbslam-ws/src/ros2_orbslam3/src/rgbd/rgbd-slam-node.cpp:13\x1b[m\x1b[K:\n'}
[13.118929] (ros2_orbslam3) StderrLine: {'line': b'/home/henrique/ORB_SLAM3_Modular/Thirdparty/g2o/g2o/types/../core/base_binary_edge.h: In instantiation of \xe2\x80\x98\x1b[01m\x1b[Kclass g2o::BaseBinaryEdge<2, Eigen::Matrix<double, 2, 1>, g2o::VertexSBAPointXYZ, g2o::VertexSim3Expmap>\x1b[m\x1b[K\xe2\x80\x99:\n'}
[13.119035] (ros2_orbslam3) StderrLine: {'line': b'\x1b[01m\x1b[K/home/henrique/ORB_SLAM3_Modular/Thirdparty/g2o/g2o/types/types_seven_dof_expmap.h:130:36:\x1b[m\x1b[K   required from here\n'}
[13.119160] (ros2_orbslam3) StderrLine: {'line': b'\x1b[01m\x1b[K/home/henrique/ORB_SLAM3_Modular/Thirdparty/g2o/g2o/types/../core/base_binary_edge.h:59:80:\x1b[m\x1b[K \x1b[01;35m\x1b[Kwarning: \x1b[m\x1b[K\xe2\x80\x98\x1b[01m\x1b[KEigen::AlignedBit\x1b[m\x1b[K\xe2\x80\x99 is deprecated [\x1b[01;35m\x1b[K\x1b]8;;https://gcc.gnu.org/onlinedocs/gcc/Warning-Options.html#index-Wdeprecated-declarations\x07-Wdeprecated-declarations\x1b]8;;\x07\x1b[m\x1b[K]\n'}
[13.119273] (ros2_orbslam3) StderrLine: {'line': b'   59 |       typedef Eigen::Map<Matrix<double, Di, Dj>, Matrix<double, Di, Dj>::\x1b[01;35m\x1b[KFlags & AlignedBit\x1b[m\x1b[K ? Aligned : Unaligned > HessianBlockType;\n'}
[13.119390] (ros2_orbslam3) StderrLine: {'line': b'      |                                                                          \x1b[01;35m\x1b[K~~~~~~^~~~~~~~~~~~\x1b[m\x1b[K\n'}
[13.119490] (ros2_orbslam3) StderrLine: {'line': b'In file included from \x1b[01m\x1b[K/usr/include/eigen3/Eigen/Core:161\x1b[m\x1b[K,\n'}
[13.119592] (ros2_orbslam3) StderrLine: {'line': b'                 from \x1b[01m\x1b[K/usr/include/eigen3/Eigen/Dense:1\x1b[m\x1b[K,\n'}
[13.119688] (ros2_orbslam3) StderrLine: {'line': b'                 from \x1b[01m\x1b[K/home/henrique/ws_visao/kinect-orbslam-ws/src/ros2_orbslam3/src/rgbd/rgbd-slam-node.cpp:7\x1b[m\x1b[K:\n'}
[13.119786] (ros2_orbslam3) StderrLine: {'line': b'\x1b[01m\x1b[K/usr/include/eigen3/Eigen/src/Core/util/Constants.h:167:37:\x1b[m\x1b[K \x1b[01;36m\x1b[Knote: \x1b[m\x1b[Kdeclared here\n'}
[13.119886] (ros2_orbslam3) StderrLine: {'line': b'  167 | EIGEN_DEPRECATED const unsigned int \x1b[01;36m\x1b[KAlignedBit\x1b[m\x1b[K = 0x80;\n'}
[13.119981] (ros2_orbslam3) StderrLine: {'line': b'      |                                     \x1b[01;36m\x1b[K^~~~~~~~~~\x1b[m\x1b[K\n'}
[13.147913] (ros2_orbslam3) StderrLine: {'line': b'In file included from \x1b[01m\x1b[K/home/henrique/ORB_SLAM3_Modular/Thirdparty/g2o/g2o/types/types_six_dof_expmap.h:38\x1b[m\x1b[K,\n'}
[13.148305] (ros2_orbslam3) StderrLine: {'line': b'                 from \x1b[01m\x1b[K/home/henrique/ORB_SLAM3_Modular/include/Converter.h:26\x1b[m\x1b[K,\n'}
[13.148430] (ros2_orbslam3) StderrLine: {'line': b'                 from \x1b[01m\x1b[K/home/henrique/ORB_SLAM3_Modular/include/Frame.h:33\x1b[m\x1b[K,\n'}
[13.148536] (ros2_orbslam3) StderrLine: {'line': b'                 from \x1b[01m\x1b[K/home/henrique/ORB_SLAM3_Modular/include/KeyFrame.h:28\x1b[m\x1b[K,\n'}
[13.148641] (ros2_orbslam3) StderrLine: {'line': b'                 from \x1b[01m\x1b[K/home/henrique/ORB_SLAM3_Modular/include/MapPoint.h:23\x1b[m\x1b[K,\n'}
[13.148741] (ros2_orbslam3) StderrLine: {'line': b'                 from \x1b[01m\x1b[K/home/henrique/ORB_SLAM3_Modular/include/FrameDrawer.h:24\x1b[m\x1b[K,\n'}
[13.148841] (ros2_orbslam3) StderrLine: {'line': b'                 from \x1b[01m\x1b[K/home/henrique/ORB_SLAM3_Modular/include/Viewer.h:23\x1b[m\x1b[K,\n'}
[13.148940] (ros2_orbslam3) StderrLine: {'line': b'                 from \x1b[01m\x1b[K/home/henrique/ORB_SLAM3_Modular/include/Tracking.h:26\x1b[m\x1b[K,\n'}
[13.149041] (ros2_orbslam3) StderrLine: {'line': b'                 from \x1b[01m\x1b[K/home/henrique/ORB_SLAM3_Modular/include/System.h:31\x1b[m\x1b[K,\n'}
[13.149156] (ros2_orbslam3) StderrLine: {'line': b'                 from \x1b[01m\x1b[K/home/henrique/ws_visao/kinect-orbslam-ws/src/ros2_orbslam3/src/rgbd/rgbd-slam-node.hpp:34\x1b[m\x1b[K,\n'}
[13.149261] (ros2_orbslam3) StderrLine: {'line': b'                 from \x1b[01m\x1b[K/home/henrique/ws_visao/kinect-orbslam-ws/src/ros2_orbslam3/src/rgbd/rgbd-slam-node.cpp:13\x1b[m\x1b[K:\n'}
[13.149357] (ros2_orbslam3) StderrLine: {'line': b'\x1b[01m\x1b[K/home/henrique/ORB_SLAM3_Modular/Thirdparty/g2o/g2o/types/../core/base_binary_edge.h:60:80:\x1b[m\x1b[K \x1b[01;35m\x1b[Kwarning: \x1b[m\x1b[K\xe2\x80\x98\x1b[01m\x1b[KEigen::AlignedBit\x1b[m\x1b[K\xe2\x80\x99 is deprecated [\x1b[01;35m\x1b[K\x1b]8;;https://gcc.gnu.org/onlinedocs/gcc/Warning-Options.html#index-Wdeprecated-declarations\x07-Wdeprecated-declarations\x1b]8;;\x07\x1b[m\x1b[K]\n'}
[13.149467] (ros2_orbslam3) StderrLine: {'line': b'   60 |       typedef Eigen::Map<Matrix<double, Dj, Di>, Matrix<double, Dj, Di>::\x1b[01;35m\x1b[KFlags & AlignedBit\x1b[m\x1b[K ? Aligned : Unaligned > HessianBlockTransposedType;\n'}
[13.149565] (ros2_orbslam3) StderrLine: {'line': b'      |                                                                          \x1b[01;35m\x1b[K~~~~~~^~~~~~~~~~~~\x1b[m\x1b[K\n'}
[13.149661] (ros2_orbslam3) StderrLine: {'line': b'In file included from \x1b[01m\x1b[K/usr/include/eigen3/Eigen/Core:161\x1b[m\x1b[K,\n'}
[13.149759] (ros2_orbslam3) StderrLine: {'line': b'                 from \x1b[01m\x1b[K/usr/include/eigen3/Eigen/Dense:1\x1b[m\x1b[K,\n'}
[13.149853] (ros2_orbslam3) StderrLine: {'line': b'                 from \x1b[01m\x1b[K/home/henrique/ws_visao/kinect-orbslam-ws/src/ros2_orbslam3/src/rgbd/rgbd-slam-node.cpp:7\x1b[m\x1b[K:\n'}
[13.149946] (ros2_orbslam3) StderrLine: {'line': b'\x1b[01m\x1b[K/usr/include/eigen3/Eigen/src/Core/util/Constants.h:167:37:\x1b[m\x1b[K \x1b[01;36m\x1b[Knote: \x1b[m\x1b[Kdeclared here\n'}
[13.150050] (ros2_orbslam3) StderrLine: {'line': b'  167 | EIGEN_DEPRECATED const unsigned int \x1b[01;36m\x1b[KAlignedBit\x1b[m\x1b[K = 0x80;\n'}
[13.150162] (ros2_orbslam3) StderrLine: {'line': b'      |                                     \x1b[01;36m\x1b[K^~~~~~~~~~\x1b[m\x1b[K\n'}
[13.165049] (-) TimerEvent: {}
[13.265460] (-) TimerEvent: {}
[13.365956] (-) TimerEvent: {}
[13.466380] (-) TimerEvent: {}
[13.566885] (-) TimerEvent: {}
[13.667404] (-) TimerEvent: {}
[13.767901] (-) TimerEvent: {}
[13.868331] (-) TimerEvent: {}
[13.968770] (-) TimerEvent: {}
[14.069322] (-) TimerEvent: {}
[14.169875] (-) TimerEvent: {}
[14.270438] (-) TimerEvent: {}
[14.357831] (ros2_orbslam3) StderrLine: {'line': b'In file included from \x1b[01m\x1b[K/home/henrique/ORB_SLAM3_Modular/include/Atlas.h:26\x1b[m\x1b[K,\n'}
[14.358120] (ros2_orbslam3) StderrLine: {'line': b'                 from \x1b[01m\x1b[K/home/henrique/ORB_SLAM3_Modular/include/FrameDrawer.h:25\x1b[m\x1b[K,\n'}
[14.358251] (ros2_orbslam3) StderrLine: {'line': b'                 from \x1b[01m\x1b[K/home/henrique/ORB_SLAM3_Modular/include/Viewer.h:23\x1b[m\x1b[K,\n'}
[14.358355] (ros2_orbslam3) StderrLine: {'line': b'                 from \x1b[01m\x1b[K/home/henrique/ORB_SLAM3_Modular/include/Tracking.h:26\x1b[m\x1b[K,\n'}
[14.358454] (ros2_orbslam3) StderrLine: {'line': b'                 from \x1b[01m\x1b[K/home/henrique/ORB_SLAM3_Modular/include/System.h:31\x1b[m\x1b[K,\n'}
[14.358548] (ros2_orbslam3) StderrLine: {'line': b'                 from \x1b[01m\x1b[K/home/henrique/ws_visao/kinect-orbslam-ws/src/ros2_orbslam3/src/rgbd/rgbd-slam-node.hpp:34\x1b[m\x1b[K,\n'}
[14.358642] (ros2_orbslam3) StderrLine: {'line': b'                 from \x1b[01m\x1b[K/home/henrique/ws_visao/kinect-orbslam-ws/src/ros2_orbslam3/src/rgbd/rgbd-slam-node.cpp:13\x1b[m\x1b[K:\n'}
[14.358739] (ros2_orbslam3) StderrLine: {'line': b'\x1b[01m\x1b[K/home/henrique/ORB_SLAM3_Modular/include/CameraModels/Pinhole.h:\x1b[m\x1b[K In member function \xe2\x80\x98\x1b[01m\x1b[Kvirtual bool ORB_SLAM3::Pinhole::matchAndtriangulate(const cv::KeyPoint&, const cv::KeyPoint&, ORB_SLAM3::GeometricCamera*, Sophus::SE3f&, Sophus::SE3f&, float, float, Eigen::Vector3f&)\x1b[m\x1b[K\xe2\x80\x99:\n'}
[14.358866] (ros2_orbslam3) StderrLine: {'line': b'\x1b[01m\x1b[K/home/henrique/ORB_SLAM3_Modular/include/CameraModels/Pinhole.h:83:54:\x1b[m\x1b[K \x1b[01;35m\x1b[Kwarning: \x1b[m\x1b[Kunused parameter \xe2\x80\x98\x1b[01m\x1b[Kkp1\x1b[m\x1b[K\xe2\x80\x99 [\x1b[01;35m\x1b[K\x1b]8;;https://gcc.gnu.org/onlinedocs/gcc/Warning-Options.html#index-Wunused-parameter\x07-Wunused-parameter\x1b]8;;\x07\x1b[m\x1b[K]\n'}
[14.358969] (ros2_orbslam3) StderrLine: {'line': b'   83 |         bool matchAndtriangulate(\x1b[01;35m\x1b[Kconst cv::KeyPoint& kp1\x1b[m\x1b[K, const cv::KeyPoint& kp2, GeometricCamera* pOther,\n'}
[14.359067] (ros2_orbslam3) StderrLine: {'line': b'      |                                  \x1b[01;35m\x1b[K~~~~~~~~~~~~~~~~~~~~^~~\x1b[m\x1b[K\n'}
[14.359180] (ros2_orbslam3) StderrLine: {'line': b'\x1b[01m\x1b[K/home/henrique/ORB_SLAM3_Modular/include/CameraModels/Pinhole.h:83:79:\x1b[m\x1b[K \x1b[01;35m\x1b[Kwarning: \x1b[m\x1b[Kunused parameter \xe2\x80\x98\x1b[01m\x1b[Kkp2\x1b[m\x1b[K\xe2\x80\x99 [\x1b[01;35m\x1b[K\x1b]8;;https://gcc.gnu.org/onlinedocs/gcc/Warning-Options.html#index-Wunused-parameter\x07-Wunused-parameter\x1b]8;;\x07\x1b[m\x1b[K]\n'}
[14.359290] (ros2_orbslam3) StderrLine: {'line': b'   83 |         bool matchAndtriangulate(const cv::KeyPoint& kp1, \x1b[01;35m\x1b[Kconst cv::KeyPoint& kp2\x1b[m\x1b[K, GeometricCamera* pOther,\n'}
[14.359395] (ros2_orbslam3) StderrLine: {'line': b'      |                                                           \x1b[01;35m\x1b[K~~~~~~~~~~~~~~~~~~~~^~~\x1b[m\x1b[K\n'}
[14.359493] (ros2_orbslam3) StderrLine: {'line': b'\x1b[01m\x1b[K/home/henrique/ORB_SLAM3_Modular/include/CameraModels/Pinhole.h:83:101:\x1b[m\x1b[K \x1b[01;35m\x1b[Kwarning: \x1b[m\x1b[Kunused parameter \xe2\x80\x98\x1b[01m\x1b[KpOther\x1b[m\x1b[K\xe2\x80\x99 [\x1b[01;35m\x1b[K\x1b]8;;https://gcc.gnu.org/onlinedocs/gcc/Warning-Options.html#index-Wunused-parameter\x07-Wunused-parameter\x1b]8;;\x07\x1b[m\x1b[K]\n'}
[14.359602] (ros2_orbslam3) StderrLine: {'line': b'   83 |         bool matchAndtriangulate(const cv::KeyPoint& kp1, const cv::KeyPoint& kp2, \x1b[01;35m\x1b[KGeometricCamera* pOther\x1b[m\x1b[K,\n'}
[14.359704] (ros2_orbslam3) StderrLine: {'line': b'      |                                                                                    \x1b[01;35m\x1b[K~~~~~~~~~~~~~~~~~^~~~~~\x1b[m\x1b[K\n'}
[14.359809] (ros2_orbslam3) StderrLine: {'line': b'\x1b[01m\x1b[K/home/henrique/ORB_SLAM3_Modular/include/CameraModels/Pinhole.h:84:48:\x1b[m\x1b[K \x1b[01;35m\x1b[Kwarning: \x1b[m\x1b[Kunused parameter \xe2\x80\x98\x1b[01m\x1b[KTcw1\x1b[m\x1b[K\xe2\x80\x99 [\x1b[01;35m\x1b[K\x1b]8;;https://gcc.gnu.org/onlinedocs/gcc/Warning-Options.html#index-Wunused-parameter\x07-Wunused-parameter\x1b]8;;\x07\x1b[m\x1b[K]\n'}
[14.359918] (ros2_orbslam3) StderrLine: {'line': b'   84 |                                  \x1b[01;35m\x1b[KSophus::SE3f& Tcw1\x1b[m\x1b[K, Sophus::SE3f& Tcw2,\n'}
[14.360022] (ros2_orbslam3) StderrLine: {'line': b'      |                                  \x1b[01;35m\x1b[K~~~~~~~~~~~~~~^~~~\x1b[m\x1b[K\n'}
[14.360133] (ros2_orbslam3) StderrLine: {'line': b'\x1b[01m\x1b[K/home/henrique/ORB_SLAM3_Modular/include/CameraModels/Pinhole.h:84:68:\x1b[m\x1b[K \x1b[01;35m\x1b[Kwarning: \x1b[m\x1b[Kunused parameter \xe2\x80\x98\x1b[01m\x1b[KTcw2\x1b[m\x1b[K\xe2\x80\x99 [\x1b[01;35m\x1b[K\x1b]8;;https://gcc.gnu.org/onlinedocs/gcc/Warning-Options.html#index-Wunused-parameter\x07-Wunused-parameter\x1b]8;;\x07\x1b[m\x1b[K]\n'}
[14.360244] (ros2_orbslam3) StderrLine: {'line': b'   84 |                                  Sophus::SE3f& Tcw1, \x1b[01;35m\x1b[KSophus::SE3f& Tcw2\x1b[m\x1b[K,\n'}
[14.360351] (ros2_orbslam3) StderrLine: {'line': b'      |                                                      \x1b[01;35m\x1b[K~~~~~~~~~~~~~~^~~~\x1b[m\x1b[K\n'}
[14.360454] (ros2_orbslam3) StderrLine: {'line': b'\x1b[01m\x1b[K/home/henrique/ORB_SLAM3_Modular/include/CameraModels/Pinhole.h:85:46:\x1b[m\x1b[K \x1b[01;35m\x1b[Kwarning: \x1b[m\x1b[Kunused parameter \xe2\x80\x98\x1b[01m\x1b[KsigmaLevel1\x1b[m\x1b[K\xe2\x80\x99 [\x1b[01;35m\x1b[K\x1b]8;;https://gcc.gnu.org/onlinedocs/gcc/Warning-Options.html#index-Wunused-parameter\x07-Wunused-parameter\x1b]8;;\x07\x1b[m\x1b[K]\n'}
[14.360561] (ros2_orbslam3) StderrLine: {'line': b'   85 |                                  \x1b[01;35m\x1b[Kconst float sigmaLevel1\x1b[m\x1b[K, const float sigmaLevel2,\n'}
[14.360664] (ros2_orbslam3) StderrLine: {'line': b'      |                                  \x1b[01;35m\x1b[K~~~~~~~~~~~~^~~~~~~~~~~\x1b[m\x1b[K\n'}
[14.360767] (ros2_orbslam3) StderrLine: {'line': b'\x1b[01m\x1b[K/home/henrique/ORB_SLAM3_Modular/include/CameraModels/Pinhole.h:85:71:\x1b[m\x1b[K \x1b[01;35m\x1b[Kwarning: \x1b[m\x1b[Kunused parameter \xe2\x80\x98\x1b[01m\x1b[KsigmaLevel2\x1b[m\x1b[K\xe2\x80\x99 [\x1b[01;35m\x1b[K\x1b]8;;https://gcc.gnu.org/onlinedocs/gcc/Warning-Options.html#index-Wunused-parameter\x07-Wunused-parameter\x1b]8;;\x07\x1b[m\x1b[K]\n'}
[14.360883] (ros2_orbslam3) StderrLine: {'line': b'   85 |                                  const float sigmaLevel1, \x1b[01;35m\x1b[Kconst float sigmaLevel2\x1b[m\x1b[K,\n'}
[14.360988] (ros2_orbslam3) StderrLine: {'line': b'      |                                                           \x1b[01;35m\x1b[K~~~~~~~~~~~~^~~~~~~~~~~\x1b[m\x1b[K\n'}
[14.361090] (ros2_orbslam3) StderrLine: {'line': b'\x1b[01m\x1b[K/home/henrique/ORB_SLAM3_Modular/include/CameraModels/Pinhole.h:86:51:\x1b[m\x1b[K \x1b[01;35m\x1b[Kwarning: \x1b[m\x1b[Kunused parameter \xe2\x80\x98\x1b[01m\x1b[Kx3Dtriangulated\x1b[m\x1b[K\xe2\x80\x99 [\x1b[01;35m\x1b[K\x1b]8;;https://gcc.gnu.org/onlinedocs/gcc/Warning-Options.html#index-Wunused-parameter\x07-Wunused-parameter\x1b]8;;\x07\x1b[m\x1b[K]\n'}
[14.361219] (ros2_orbslam3) StderrLine: {'line': b'   86 |                                  \x1b[01;35m\x1b[KEigen::Vector3f& x3Dtriangulated\x1b[m\x1b[K) { return false;}\n'}
[14.361330] (ros2_orbslam3) StderrLine: {'line': b'      |                                  \x1b[01;35m\x1b[K~~~~~~~~~~~~~~~~~^~~~~~~~~~~~~~~\x1b[m\x1b[K\n'}
[14.361676] (ros2_orbslam3) StderrLine: {'line': b'In file included from \x1b[01m\x1b[K/home/henrique/ORB_SLAM3_Modular/include/Atlas.h:27\x1b[m\x1b[K,\n'}
[14.361881] (ros2_orbslam3) StderrLine: {'line': b'                 from \x1b[01m\x1b[K/home/henrique/ORB_SLAM3_Modular/include/FrameDrawer.h:25\x1b[m\x1b[K,\n'}
[14.362003] (ros2_orbslam3) StderrLine: {'line': b'                 from \x1b[01m\x1b[K/home/henrique/ORB_SLAM3_Modular/include/Viewer.h:23\x1b[m\x1b[K,\n'}
[14.362129] (ros2_orbslam3) StderrLine: {'line': b'                 from \x1b[01m\x1b[K/home/henrique/ORB_SLAM3_Modular/include/Tracking.h:26\x1b[m\x1b[K,\n'}
[14.362251] (ros2_orbslam3) StderrLine: {'line': b'                 from \x1b[01m\x1b[K/home/henrique/ORB_SLAM3_Modular/include/System.h:31\x1b[m\x1b[K,\n'}
[14.362357] (ros2_orbslam3) StderrLine: {'line': b'                 from \x1b[01m\x1b[K/home/henrique/ws_visao/kinect-orbslam-ws/src/ros2_orbslam3/src/rgbd/rgbd-slam-node.hpp:34\x1b[m\x1b[K,\n'}
[14.362464] (ros2_orbslam3) StderrLine: {'line': b'                 from \x1b[01m\x1b[K/home/henrique/ws_visao/kinect-orbslam-ws/src/ros2_orbslam3/src/rgbd/rgbd-slam-node.cpp:13\x1b[m\x1b[K:\n'}
[14.362567] (ros2_orbslam3) StderrLine: {'line': b'\x1b[01m\x1b[K/home/henrique/ORB_SLAM3_Modular/include/CameraModels/KannalaBrandt8.h:\x1b[m\x1b[K In constructor \xe2\x80\x98\x1b[01m\x1b[KORB_SLAM3::KannalaBrandt8::KannalaBrandt8(std::vector<float>)\x1b[m\x1b[K\xe2\x80\x99:\n'}
[14.363121] (ros2_orbslam3) StderrLine: {'line': b'\x1b[01m\x1b[K/home/henrique/ORB_SLAM3_Modular/include/CameraModels/KannalaBrandt8.h:102:21:\x1b[m\x1b[K \x1b[01;35m\x1b[Kwarning: \x1b[m\x1b[K\xe2\x80\x98\x1b[01m\x1b[KORB_SLAM3::KannalaBrandt8::precision\x1b[m\x1b[K\xe2\x80\x99 will be initialized after [\x1b[01;35m\x1b[K\x1b]8;;https://gcc.gnu.org/onlinedocs/gcc/Warning-Options.html#index-Wreorder\x07-Wreorder\x1b]8;;\x07\x1b[m\x1b[K]\n'}
[14.363245] (ros2_orbslam3) StderrLine: {'line': b'  102 |         const float \x1b[01;35m\x1b[Kprecision\x1b[m\x1b[K;\n'}
[14.363343] (ros2_orbslam3) StderrLine: {'line': b'      |                     \x1b[01;35m\x1b[K^~~~~~~~~\x1b[m\x1b[K\n'}
[14.363441] (ros2_orbslam3) StderrLine: {'line': b'\x1b[01m\x1b[K/home/henrique/ORB_SLAM3_Modular/include/CameraModels/KannalaBrandt8.h:88:26:\x1b[m\x1b[K \x1b[01;35m\x1b[Kwarning: \x1b[m\x1b[K  \xe2\x80\x98\x1b[01m\x1b[Kstd::vector<int> ORB_SLAM3::KannalaBrandt8::mvLappingArea\x1b[m\x1b[K\xe2\x80\x99 [\x1b[01;35m\x1b[K\x1b]8;;https://gcc.gnu.org/onlinedocs/gcc/Warning-Options.html#index-Wreorder\x07-Wreorder\x1b]8;;\x07\x1b[m\x1b[K]\n'}
[14.363554] (ros2_orbslam3) StderrLine: {'line': b'   88 |         std::vector<int> \x1b[01;35m\x1b[KmvLappingArea\x1b[m\x1b[K;\n'}
[14.363653] (ros2_orbslam3) StderrLine: {'line': b'      |                          \x1b[01;35m\x1b[K^~~~~~~~~~~~~\x1b[m\x1b[K\n'}
[14.363752] (ros2_orbslam3) StderrLine: {'line': b'In file included from \x1b[01m\x1b[K/home/henrique/ORB_SLAM3_Modular/include/Atlas.h:27\x1b[m\x1b[K,\n'}
[14.363852] (ros2_orbslam3) StderrLine: {'line': b'                 from \x1b[01m\x1b[K/home/henrique/ORB_SLAM3_Modular/include/FrameDrawer.h:25\x1b[m\x1b[K,\n'}
[14.363950] (ros2_orbslam3) StderrLine: {'line': b'                 from \x1b[01m\x1b[K/home/henrique/ORB_SLAM3_Modular/include/Viewer.h:23\x1b[m\x1b[K,\n'}
[14.364046] (ros2_orbslam3) StderrLine: {'line': b'                 from \x1b[01m\x1b[K/home/henrique/ORB_SLAM3_Modular/include/Tracking.h:26\x1b[m\x1b[K,\n'}
[14.364155] (ros2_orbslam3) StderrLine: {'line': b'                 from \x1b[01m\x1b[K/home/henrique/ORB_SLAM3_Modular/include/System.h:31\x1b[m\x1b[K,\n'}
[14.364255] (ros2_orbslam3) StderrLine: {'line': b'                 from \x1b[01m\x1b[K/home/henrique/ws_visao/kinect-orbslam-ws/src/ros2_orbslam3/src/rgbd/rgbd-slam-node.hpp:34\x1b[m\x1b[K,\n'}
[14.364358] (ros2_orbslam3) StderrLine: {'line': b'                 from \x1b[01m\x1b[K/home/henrique/ws_visao/kinect-orbslam-ws/src/ros2_orbslam3/src/rgbd/rgbd-slam-node.cpp:13\x1b[m\x1b[K:\n'}
[14.364454] (ros2_orbslam3) StderrLine: {'line': b'\x1b[01m\x1b[K/home/henrique/ORB_SLAM3_Modular/include/CameraModels/KannalaBrandt8.h:47:9:\x1b[m\x1b[K \x1b[01;35m\x1b[Kwarning: \x1b[m\x1b[K  when initialized here [\x1b[01;35m\x1b[K\x1b]8;;https://gcc.gnu.org/onlinedocs/gcc/Warning-Options.html#index-Wreorder\x07-Wreorder\x1b]8;;\x07\x1b[m\x1b[K]\n'}
[14.364554] (ros2_orbslam3) StderrLine: {'line': b'   47 |         \x1b[01;35m\x1b[KKannalaBrandt8\x1b[m\x1b[K(const std::vector<float> _vParameters) : GeometricCamera(_vParameters), precision(1e-6), mvLappingArea(2,0) ,tvr(nullptr) {\n'}
[14.364652] (ros2_orbslam3) StderrLine: {'line': b'      |         \x1b[01;35m\x1b[K^~~~~~~~~~~~~~\x1b[m\x1b[K\n'}
[14.364747] (ros2_orbslam3) StderrLine: {'line': b'In file included from \x1b[01m\x1b[K/home/henrique/ORB_SLAM3_Modular/include/Atlas.h:27\x1b[m\x1b[K,\n'}
[14.364844] (ros2_orbslam3) StderrLine: {'line': b'                 from \x1b[01m\x1b[K/home/henrique/ORB_SLAM3_Modular/include/FrameDrawer.h:25\x1b[m\x1b[K,\n'}
[14.364939] (ros2_orbslam3) StderrLine: {'line': b'                 from \x1b[01m\x1b[K/home/henrique/ORB_SLAM3_Modular/include/Viewer.h:23\x1b[m\x1b[K,\n'}
[14.365036] (ros2_orbslam3) StderrLine: {'line': b'                 from \x1b[01m\x1b[K/home/henrique/ORB_SLAM3_Modular/include/Tracking.h:26\x1b[m\x1b[K,\n'}
[14.365139] (ros2_orbslam3) StderrLine: {'line': b'                 from \x1b[01m\x1b[K/home/henrique/ORB_SLAM3_Modular/include/System.h:31\x1b[m\x1b[K,\n'}
[14.365246] (ros2_orbslam3) StderrLine: {'line': b'                 from \x1b[01m\x1b[K/home/henrique/ws_visao/kinect-orbslam-ws/src/ros2_orbslam3/src/rgbd/rgbd-slam-node.hpp:34\x1b[m\x1b[K,\n'}
[14.365346] (ros2_orbslam3) StderrLine: {'line': b'                 from \x1b[01m\x1b[K/home/henrique/ws_visao/kinect-orbslam-ws/src/ros2_orbslam3/src/rgbd/rgbd-slam-node.cpp:13\x1b[m\x1b[K:\n'}
[14.365446] (ros2_orbslam3) StderrLine: {'line': b'\x1b[01m\x1b[K/home/henrique/ORB_SLAM3_Modular/include/CameraModels/KannalaBrandt8.h:\x1b[m\x1b[K In constructor \xe2\x80\x98\x1b[01m\x1b[KORB_SLAM3::KannalaBrandt8::KannalaBrandt8(std::vector<float>, float)\x1b[m\x1b[K\xe2\x80\x99:\n'}
[14.365545] (ros2_orbslam3) StderrLine: {'line': b'\x1b[01m\x1b[K/home/henrique/ORB_SLAM3_Modular/include/CameraModels/KannalaBrandt8.h:102:21:\x1b[m\x1b[K \x1b[01;35m\x1b[Kwarning: \x1b[m\x1b[K\xe2\x80\x98\x1b[01m\x1b[KORB_SLAM3::KannalaBrandt8::precision\x1b[m\x1b[K\xe2\x80\x99 will be initialized after [\x1b[01;35m\x1b[K\x1b]8;;https://gcc.gnu.org/onlinedocs/gcc/Warning-Options.html#index-Wreorder\x07-Wreorder\x1b]8;;\x07\x1b[m\x1b[K]\n'}
[14.365645] (ros2_orbslam3) StderrLine: {'line': b'  102 |         const float \x1b[01;35m\x1b[Kprecision\x1b[m\x1b[K;\n'}
[14.365742] (ros2_orbslam3) StderrLine: {'line': b'      |                     \x1b[01;35m\x1b[K^~~~~~~~~\x1b[m\x1b[K\n'}
[14.365838] (ros2_orbslam3) StderrLine: {'line': b'\x1b[01m\x1b[K/home/henrique/ORB_SLAM3_Modular/include/CameraModels/KannalaBrandt8.h:88:26:\x1b[m\x1b[K \x1b[01;35m\x1b[Kwarning: \x1b[m\x1b[K  \xe2\x80\x98\x1b[01m\x1b[Kstd::vector<int> ORB_SLAM3::KannalaBrandt8::mvLappingArea\x1b[m\x1b[K\xe2\x80\x99 [\x1b[01;35m\x1b[K\x1b]8;;https://gcc.gnu.org/onlinedocs/gcc/Warning-Options.html#index-Wreorder\x07-Wreorder\x1b]8;;\x07\x1b[m\x1b[K]\n'}
[14.365938] (ros2_orbslam3) StderrLine: {'line': b'   88 |         std::vector<int> \x1b[01;35m\x1b[KmvLappingArea\x1b[m\x1b[K;\n'}
[14.366033] (ros2_orbslam3) StderrLine: {'line': b'      |                          \x1b[01;35m\x1b[K^~~~~~~~~~~~~\x1b[m\x1b[K\n'}
[14.366139] (ros2_orbslam3) StderrLine: {'line': b'\x1b[01m\x1b[K/home/henrique/ORB_SLAM3_Modular/include/CameraModels/KannalaBrandt8.h:53:9:\x1b[m\x1b[K \x1b[01;35m\x1b[Kwarning: \x1b[m\x1b[K  when initialized here [\x1b[01;35m\x1b[K\x1b]8;;https://gcc.gnu.org/onlinedocs/gcc/Warning-Options.html#index-Wreorder\x07-Wreorder\x1b]8;;\x07\x1b[m\x1b[K]\n'}
[14.366260] (ros2_orbslam3) StderrLine: {'line': b'   53 |         \x1b[01;35m\x1b[KKannalaBrandt8\x1b[m\x1b[K(const std::vector<float> _vParameters, const float _precision) : GeometricCamera(_vParameters),\n'}
[14.366358] (ros2_orbslam3) StderrLine: {'line': b'      |         \x1b[01;35m\x1b[K^~~~~~~~~~~~~~\x1b[m\x1b[K\n'}
[14.366462] (ros2_orbslam3) StderrLine: {'line': b'\x1b[01m\x1b[K/home/henrique/ORB_SLAM3_Modular/include/CameraModels/KannalaBrandt8.h:\x1b[m\x1b[K In constructor \xe2\x80\x98\x1b[01m\x1b[KORB_SLAM3::KannalaBrandt8::KannalaBrandt8(ORB_SLAM3::KannalaBrandt8*)\x1b[m\x1b[K\xe2\x80\x99:\n'}
[14.366559] (ros2_orbslam3) StderrLine: {'line': b'\x1b[01m\x1b[K/home/henrique/ORB_SLAM3_Modular/include/CameraModels/KannalaBrandt8.h:102:21:\x1b[m\x1b[K \x1b[01;35m\x1b[Kwarning: \x1b[m\x1b[K\xe2\x80\x98\x1b[01m\x1b[KORB_SLAM3::KannalaBrandt8::precision\x1b[m\x1b[K\xe2\x80\x99 will be initialized after [\x1b[01;35m\x1b[K\x1b]8;;https://gcc.gnu.org/onlinedocs/gcc/Warning-Options.html#index-Wreorder\x07-Wreorder\x1b]8;;\x07\x1b[m\x1b[K]\n'}
[14.366660] (ros2_orbslam3) StderrLine: {'line': b'  102 |         const float \x1b[01;35m\x1b[Kprecision\x1b[m\x1b[K;\n'}
[14.366757] (ros2_orbslam3) StderrLine: {'line': b'      |                     \x1b[01;35m\x1b[K^~~~~~~~~\x1b[m\x1b[K\n'}
[14.366853] (ros2_orbslam3) StderrLine: {'line': b'\x1b[01m\x1b[K/home/henrique/ORB_SLAM3_Modular/include/CameraModels/KannalaBrandt8.h:88:26:\x1b[m\x1b[K \x1b[01;35m\x1b[Kwarning: \x1b[m\x1b[K  \xe2\x80\x98\x1b[01m\x1b[Kstd::vector<int> ORB_SLAM3::KannalaBrandt8::mvLappingArea\x1b[m\x1b[K\xe2\x80\x99 [\x1b[01;35m\x1b[K\x1b]8;;https://gcc.gnu.org/onlinedocs/gcc/Warning-Options.html#index-Wreorder\x07-Wreorder\x1b]8;;\x07\x1b[m\x1b[K]\n'}
[14.366964] (ros2_orbslam3) StderrLine: {'line': b'   88 |         std::vector<int> \x1b[01;35m\x1b[KmvLappingArea\x1b[m\x1b[K;\n'}
[14.367059] (ros2_orbslam3) StderrLine: {'line': b'      |                          \x1b[01;35m\x1b[K^~~~~~~~~~~~~\x1b[m\x1b[K\n'}
[14.367169] (ros2_orbslam3) StderrLine: {'line': b'\x1b[01m\x1b[K/home/henrique/ORB_SLAM3_Modular/include/CameraModels/KannalaBrandt8.h:59:9:\x1b[m\x1b[K \x1b[01;35m\x1b[Kwarning: \x1b[m\x1b[K  when initialized here [\x1b[01;35m\x1b[K\x1b]8;;https://gcc.gnu.org/onlinedocs/gcc/Warning-Options.html#index-Wreorder\x07-Wreorder\x1b]8;;\x07\x1b[m\x1b[K]\n'}
[14.367272] (ros2_orbslam3) StderrLine: {'line': b'   59 |         \x1b[01;35m\x1b[KKannalaBrandt8\x1b[m\x1b[K(KannalaBrandt8* pKannala) : GeometricCamera(pKannala->mvParameters), precision(pKannala->precision), mvLappingArea(2,0) ,tvr(nullptr) {\n'}
[14.367371] (ros2_orbslam3) StderrLine: {'line': b'      |         \x1b[01;35m\x1b[K^~~~~~~~~~~~~~\x1b[m\x1b[K\n'}
[14.370562] (-) TimerEvent: {}
[14.470944] (-) TimerEvent: {}
[14.571345] (-) TimerEvent: {}
[14.632529] (ros2_orbslam3) StderrLine: {'line': b'In file included from \x1b[01m\x1b[K/home/henrique/ORB_SLAM3_Modular/include/Atlas.h:26\x1b[m\x1b[K,\n'}
[14.633083] (ros2_orbslam3) StderrLine: {'line': b'                 from \x1b[01m\x1b[K/home/henrique/ORB_SLAM3_Modular/include/FrameDrawer.h:25\x1b[m\x1b[K,\n'}
[14.633218] (ros2_orbslam3) StderrLine: {'line': b'                 from \x1b[01m\x1b[K/home/henrique/ORB_SLAM3_Modular/include/Viewer.h:23\x1b[m\x1b[K,\n'}
[14.633323] (ros2_orbslam3) StderrLine: {'line': b'                 from \x1b[01m\x1b[K/home/henrique/ORB_SLAM3_Modular/include/Tracking.h:26\x1b[m\x1b[K,\n'}
[14.633423] (ros2_orbslam3) StderrLine: {'line': b'                 from \x1b[01m\x1b[K/home/henrique/ORB_SLAM3_Modular/include/System.h:31\x1b[m\x1b[K,\n'}
[14.633519] (ros2_orbslam3) StderrLine: {'line': b'                 from \x1b[01m\x1b[K/home/henrique/ws_visao/kinect-orbslam-ws/src/ros2_orbslam3/src/rgbd/rgbd.cpp:16\x1b[m\x1b[K:\n'}
[14.633640] (ros2_orbslam3) StderrLine: {'line': b'\x1b[01m\x1b[K/home/henrique/ORB_SLAM3_Modular/include/CameraModels/Pinhole.h:\x1b[m\x1b[K In member function \xe2\x80\x98\x1b[01m\x1b[Kvirtual bool ORB_SLAM3::Pinhole::matchAndtriangulate(const cv::KeyPoint&, const cv::KeyPoint&, ORB_SLAM3::GeometricCamera*, Sophus::SE3f&, Sophus::SE3f&, float, float, Eigen::Vector3f&)\x1b[m\x1b[K\xe2\x80\x99:\n'}
[14.633751] (ros2_orbslam3) StderrLine: {'line': b'\x1b[01m\x1b[K/home/henrique/ORB_SLAM3_Modular/include/CameraModels/Pinhole.h:83:54:\x1b[m\x1b[K \x1b[01;35m\x1b[Kwarning: \x1b[m\x1b[Kunused parameter \xe2\x80\x98\x1b[01m\x1b[Kkp1\x1b[m\x1b[K\xe2\x80\x99 [\x1b[01;35m\x1b[K\x1b]8;;https://gcc.gnu.org/onlinedocs/gcc/Warning-Options.html#index-Wunused-parameter\x07-Wunused-parameter\x1b]8;;\x07\x1b[m\x1b[K]\n'}
[14.633861] (ros2_orbslam3) StderrLine: {'line': b'   83 |         bool matchAndtriangulate(\x1b[01;35m\x1b[Kconst cv::KeyPoint& kp1\x1b[m\x1b[K, const cv::KeyPoint& kp2, GeometricCamera* pOther,\n'}
[14.633960] (ros2_orbslam3) StderrLine: {'line': b'      |                                  \x1b[01;35m\x1b[K~~~~~~~~~~~~~~~~~~~~^~~\x1b[m\x1b[K\n'}
[14.634058] (ros2_orbslam3) StderrLine: {'line': b'\x1b[01m\x1b[K/home/henrique/ORB_SLAM3_Modular/include/CameraModels/Pinhole.h:83:79:\x1b[m\x1b[K \x1b[01;35m\x1b[Kwarning: \x1b[m\x1b[Kunused parameter \xe2\x80\x98\x1b[01m\x1b[Kkp2\x1b[m\x1b[K\xe2\x80\x99 [\x1b[01;35m\x1b[K\x1b]8;;https://gcc.gnu.org/onlinedocs/gcc/Warning-Options.html#index-Wunused-parameter\x07-Wunused-parameter\x1b]8;;\x07\x1b[m\x1b[K]\n'}
[14.634177] (ros2_orbslam3) StderrLine: {'line': b'   83 |         bool matchAndtriangulate(const cv::KeyPoint& kp1, \x1b[01;35m\x1b[Kconst cv::KeyPoint& kp2\x1b[m\x1b[K, GeometricCamera* pOther,\n'}
[14.634276] (ros2_orbslam3) StderrLine: {'line': b'      |                                                           \x1b[01;35m\x1b[K~~~~~~~~~~~~~~~~~~~~^~~\x1b[m\x1b[K\n'}
[14.634374] (ros2_orbslam3) StderrLine: {'line': b'\x1b[01m\x1b[K/home/henrique/ORB_SLAM3_Modular/include/CameraModels/Pinhole.h:83:101:\x1b[m\x1b[K \x1b[01;35m\x1b[Kwarning: \x1b[m\x1b[Kunused parameter \xe2\x80\x98\x1b[01m\x1b[KpOther\x1b[m\x1b[K\xe2\x80\x99 [\x1b[01;35m\x1b[K\x1b]8;;https://gcc.gnu.org/onlinedocs/gcc/Warning-Options.html#index-Wunused-parameter\x07-Wunused-parameter\x1b]8;;\x07\x1b[m\x1b[K]\n'}
[14.634475] (ros2_orbslam3) StderrLine: {'line': b'   83 |         bool matchAndtriangulate(const cv::KeyPoint& kp1, const cv::KeyPoint& kp2, \x1b[01;35m\x1b[KGeometricCamera* pOther\x1b[m\x1b[K,\n'}
[14.634575] (ros2_orbslam3) StderrLine: {'line': b'      |                                                                                    \x1b[01;35m\x1b[K~~~~~~~~~~~~~~~~~^~~~~~\x1b[m\x1b[K\n'}
[14.634672] (ros2_orbslam3) StderrLine: {'line': b'\x1b[01m\x1b[K/home/henrique/ORB_SLAM3_Modular/include/CameraModels/Pinhole.h:84:48:\x1b[m\x1b[K \x1b[01;35m\x1b[Kwarning: \x1b[m\x1b[Kunused parameter \xe2\x80\x98\x1b[01m\x1b[KTcw1\x1b[m\x1b[K\xe2\x80\x99 [\x1b[01;35m\x1b[K\x1b]8;;https://gcc.gnu.org/onlinedocs/gcc/Warning-Options.html#index-Wunused-parameter\x07-Wunused-parameter\x1b]8;;\x07\x1b[m\x1b[K]\n'}
[14.634786] (ros2_orbslam3) StderrLine: {'line': b'   84 |                                  \x1b[01;35m\x1b[KSophus::SE3f& Tcw1\x1b[m\x1b[K, Sophus::SE3f& Tcw2,\n'}
[14.634898] (ros2_orbslam3) StderrLine: {'line': b'      |                                  \x1b[01;35m\x1b[K~~~~~~~~~~~~~~^~~~\x1b[m\x1b[K\n'}
[14.634994] (ros2_orbslam3) StderrLine: {'line': b'\x1b[01m\x1b[K/home/henrique/ORB_SLAM3_Modular/include/CameraModels/Pinhole.h:84:68:\x1b[m\x1b[K \x1b[01;35m\x1b[Kwarning: \x1b[m\x1b[Kunused parameter \xe2\x80\x98\x1b[01m\x1b[KTcw2\x1b[m\x1b[K\xe2\x80\x99 [\x1b[01;35m\x1b[K\x1b]8;;https://gcc.gnu.org/onlinedocs/gcc/Warning-Options.html#index-Wunused-parameter\x07-Wunused-parameter\x1b]8;;\x07\x1b[m\x1b[K]\n'}
[14.635124] (ros2_orbslam3) StderrLine: {'line': b'   84 |                                  Sophus::SE3f& Tcw1, \x1b[01;35m\x1b[KSophus::SE3f& Tcw2\x1b[m\x1b[K,\n'}
[14.635287] (ros2_orbslam3) StderrLine: {'line': b'      |                                                      \x1b[01;35m\x1b[K~~~~~~~~~~~~~~^~~~\x1b[m\x1b[K\n'}
[14.635437] (ros2_orbslam3) StderrLine: {'line': b'\x1b[01m\x1b[K/home/henrique/ORB_SLAM3_Modular/include/CameraModels/Pinhole.h:85:46:\x1b[m\x1b[K \x1b[01;35m\x1b[Kwarning: \x1b[m\x1b[Kunused parameter \xe2\x80\x98\x1b[01m\x1b[KsigmaLevel1\x1b[m\x1b[K\xe2\x80\x99 [\x1b[01;35m\x1b[K\x1b]8;;https://gcc.gnu.org/onlinedocs/gcc/Warning-Options.html#index-Wunused-parameter\x07-Wunused-parameter\x1b]8;;\x07\x1b[m\x1b[K]\n'}
[14.635720] (ros2_orbslam3) StderrLine: {'line': b'   85 |                                  \x1b[01;35m\x1b[Kconst float sigmaLevel1\x1b[m\x1b[K, const float sigmaLevel2,\n'}
[14.635863] (ros2_orbslam3) StderrLine: {'line': b'      |                                  \x1b[01;35m\x1b[K~~~~~~~~~~~~^~~~~~~~~~~\x1b[m\x1b[K\n'}
[14.636003] (ros2_orbslam3) StderrLine: {'line': b'\x1b[01m\x1b[K/home/henrique/ORB_SLAM3_Modular/include/CameraModels/Pinhole.h:85:71:\x1b[m\x1b[K \x1b[01;35m\x1b[Kwarning: \x1b[m\x1b[Kunused parameter \xe2\x80\x98\x1b[01m\x1b[KsigmaLevel2\x1b[m\x1b[K\xe2\x80\x99 [\x1b[01;35m\x1b[K\x1b]8;;https://gcc.gnu.org/onlinedocs/gcc/Warning-Options.html#index-Wunused-parameter\x07-Wunused-parameter\x1b]8;;\x07\x1b[m\x1b[K]\n'}
[14.636159] (ros2_orbslam3) StderrLine: {'line': b'   85 |                                  const float sigmaLevel1, \x1b[01;35m\x1b[Kconst float sigmaLevel2\x1b[m\x1b[K,\n'}
[14.636305] (ros2_orbslam3) StderrLine: {'line': b'      |                                                           \x1b[01;35m\x1b[K~~~~~~~~~~~~^~~~~~~~~~~\x1b[m\x1b[K\n'}
[14.636442] (ros2_orbslam3) StderrLine: {'line': b'\x1b[01m\x1b[K/home/henrique/ORB_SLAM3_Modular/include/CameraModels/Pinhole.h:86:51:\x1b[m\x1b[K \x1b[01;35m\x1b[Kwarning: \x1b[m\x1b[Kunused parameter \xe2\x80\x98\x1b[01m\x1b[Kx3Dtriangulated\x1b[m\x1b[K\xe2\x80\x99 [\x1b[01;35m\x1b[K\x1b]8;;https://gcc.gnu.org/onlinedocs/gcc/Warning-Options.html#index-Wunused-parameter\x07-Wunused-parameter\x1b]8;;\x07\x1b[m\x1b[K]\n'}
[14.636693] (ros2_orbslam3) StderrLine: {'line': b'   86 |                                  \x1b[01;35m\x1b[KEigen::Vector3f& x3Dtriangulated\x1b[m\x1b[K) { return false;}\n'}
[14.636842] (ros2_orbslam3) StderrLine: {'line': b'      |                                  \x1b[01;35m\x1b[K~~~~~~~~~~~~~~~~~^~~~~~~~~~~~~~~\x1b[m\x1b[K\n'}
[14.636981] (ros2_orbslam3) StderrLine: {'line': b'In file included from \x1b[01m\x1b[K/home/henrique/ORB_SLAM3_Modular/include/Atlas.h:27\x1b[m\x1b[K,\n'}
[14.637125] (ros2_orbslam3) StderrLine: {'line': b'                 from \x1b[01m\x1b[K/home/henrique/ORB_SLAM3_Modular/include/FrameDrawer.h:25\x1b[m\x1b[K,\n'}
[14.637273] (ros2_orbslam3) StderrLine: {'line': b'                 from \x1b[01m\x1b[K/home/henrique/ORB_SLAM3_Modular/include/Viewer.h:23\x1b[m\x1b[K,\n'}
[14.637412] (ros2_orbslam3) StderrLine: {'line': b'                 from \x1b[01m\x1b[K/home/henrique/ORB_SLAM3_Modular/include/Tracking.h:26\x1b[m\x1b[K,\n'}
[14.637549] (ros2_orbslam3) StderrLine: {'line': b'                 from \x1b[01m\x1b[K/home/henrique/ORB_SLAM3_Modular/include/System.h:31\x1b[m\x1b[K,\n'}
[14.637683] (ros2_orbslam3) StderrLine: {'line': b'                 from \x1b[01m\x1b[K/home/henrique/ws_visao/kinect-orbslam-ws/src/ros2_orbslam3/src/rgbd/rgbd.cpp:16\x1b[m\x1b[K:\n'}
[14.637821] (ros2_orbslam3) StderrLine: {'line': b'\x1b[01m\x1b[K/home/henrique/ORB_SLAM3_Modular/include/CameraModels/KannalaBrandt8.h:\x1b[m\x1b[K In constructor \xe2\x80\x98\x1b[01m\x1b[KORB_SLAM3::KannalaBrandt8::KannalaBrandt8(std::vector<float>)\x1b[m\x1b[K\xe2\x80\x99:\n'}
[14.637959] (ros2_orbslam3) StderrLine: {'line': b'\x1b[01m\x1b[K/home/henrique/ORB_SLAM3_Modular/include/CameraModels/KannalaBrandt8.h:102:21:\x1b[m\x1b[K \x1b[01;35m\x1b[Kwarning: \x1b[m\x1b[K\xe2\x80\x98\x1b[01m\x1b[KORB_SLAM3::KannalaBrandt8::precision\x1b[m\x1b[K\xe2\x80\x99 will be initialized after [\x1b[01;35m\x1b[K\x1b]8;;https://gcc.gnu.org/onlinedocs/gcc/Warning-Options.html#index-Wreorder\x07-Wreorder\x1b]8;;\x07\x1b[m\x1b[K]\n'}
[14.638110] (ros2_orbslam3) StderrLine: {'line': b'  102 |         const float \x1b[01;35m\x1b[Kprecision\x1b[m\x1b[K;\n'}
[14.638272] (ros2_orbslam3) StderrLine: {'line': b'      |                     \x1b[01;35m\x1b[K^~~~~~~~~\x1b[m\x1b[K\n'}
[14.638598] (ros2_orbslam3) StderrLine: {'line': b'\x1b[01m\x1b[K/home/henrique/ORB_SLAM3_Modular/include/CameraModels/KannalaBrandt8.h:88:26:\x1b[m\x1b[K \x1b[01;35m\x1b[Kwarning: \x1b[m\x1b[K  \xe2\x80\x98\x1b[01m\x1b[Kstd::vector<int> ORB_SLAM3::KannalaBrandt8::mvLappingArea\x1b[m\x1b[K\xe2\x80\x99 [\x1b[01;35m\x1b[K\x1b]8;;https://gcc.gnu.org/onlinedocs/gcc/Warning-Options.html#index-Wreorder\x07-Wreorder\x1b]8;;\x07\x1b[m\x1b[K]\n'}
[14.638710] (ros2_orbslam3) StderrLine: {'line': b'   88 |         std::vector<int> \x1b[01;35m\x1b[KmvLappingArea\x1b[m\x1b[K;\n'}
[14.638818] (ros2_orbslam3) StderrLine: {'line': b'      |                          \x1b[01;35m\x1b[K^~~~~~~~~~~~~\x1b[m\x1b[K\n'}
[14.638918] (ros2_orbslam3) StderrLine: {'line': b'In file included from \x1b[01m\x1b[K/home/henrique/ORB_SLAM3_Modular/include/Atlas.h:27\x1b[m\x1b[K,\n'}
[14.639017] (ros2_orbslam3) StderrLine: {'line': b'                 from \x1b[01m\x1b[K/home/henrique/ORB_SLAM3_Modular/include/FrameDrawer.h:25\x1b[m\x1b[K,\n'}
[14.639137] (ros2_orbslam3) StderrLine: {'line': b'                 from \x1b[01m\x1b[K/home/henrique/ORB_SLAM3_Modular/include/Viewer.h:23\x1b[m\x1b[K,\n'}
[14.639245] (ros2_orbslam3) StderrLine: {'line': b'                 from \x1b[01m\x1b[K/home/henrique/ORB_SLAM3_Modular/include/Tracking.h:26\x1b[m\x1b[K,\n'}
[14.639347] (ros2_orbslam3) StderrLine: {'line': b'                 from \x1b[01m\x1b[K/home/henrique/ORB_SLAM3_Modular/include/System.h:31\x1b[m\x1b[K,\n'}
[14.639445] (ros2_orbslam3) StderrLine: {'line': b'                 from \x1b[01m\x1b[K/home/henrique/ws_visao/kinect-orbslam-ws/src/ros2_orbslam3/src/rgbd/rgbd.cpp:16\x1b[m\x1b[K:\n'}
[14.639543] (ros2_orbslam3) StderrLine: {'line': b'\x1b[01m\x1b[K/home/henrique/ORB_SLAM3_Modular/include/CameraModels/KannalaBrandt8.h:47:9:\x1b[m\x1b[K \x1b[01;35m\x1b[Kwarning: \x1b[m\x1b[K  when initialized here [\x1b[01;35m\x1b[K\x1b]8;;https://gcc.gnu.org/onlinedocs/gcc/Warning-Options.html#index-Wreorder\x07-Wreorder\x1b]8;;\x07\x1b[m\x1b[K]\n'}
[14.639644] (ros2_orbslam3) StderrLine: {'line': b'   47 |         \x1b[01;35m\x1b[KKannalaBrandt8\x1b[m\x1b[K(const std::vector<float> _vParameters) : GeometricCamera(_vParameters), precision(1e-6), mvLappingArea(2,0) ,tvr(nullptr) {\n'}
[14.639745] (ros2_orbslam3) StderrLine: {'line': b'      |         \x1b[01;35m\x1b[K^~~~~~~~~~~~~~\x1b[m\x1b[K\n'}
[14.639842] (ros2_orbslam3) StderrLine: {'line': b'In file included from \x1b[01m\x1b[K/home/henrique/ORB_SLAM3_Modular/include/Atlas.h:27\x1b[m\x1b[K,\n'}
[14.639939] (ros2_orbslam3) StderrLine: {'line': b'                 from \x1b[01m\x1b[K/home/henrique/ORB_SLAM3_Modular/include/FrameDrawer.h:25\x1b[m\x1b[K,\n'}
[14.640036] (ros2_orbslam3) StderrLine: {'line': b'                 from \x1b[01m\x1b[K/home/henrique/ORB_SLAM3_Modular/include/Viewer.h:23\x1b[m\x1b[K,\n'}
[14.640151] (ros2_orbslam3) StderrLine: {'line': b'                 from \x1b[01m\x1b[K/home/henrique/ORB_SLAM3_Modular/include/Tracking.h:26\x1b[m\x1b[K,\n'}
[14.640255] (ros2_orbslam3) StderrLine: {'line': b'                 from \x1b[01m\x1b[K/home/henrique/ORB_SLAM3_Modular/include/System.h:31\x1b[m\x1b[K,\n'}
[14.640353] (ros2_orbslam3) StderrLine: {'line': b'                 from \x1b[01m\x1b[K/home/henrique/ws_visao/kinect-orbslam-ws/src/ros2_orbslam3/src/rgbd/rgbd.cpp:16\x1b[m\x1b[K:\n'}
[14.640452] (ros2_orbslam3) StderrLine: {'line': b'\x1b[01m\x1b[K/home/henrique/ORB_SLAM3_Modular/include/CameraModels/KannalaBrandt8.h:\x1b[m\x1b[K In constructor \xe2\x80\x98\x1b[01m\x1b[KORB_SLAM3::KannalaBrandt8::KannalaBrandt8(std::vector<float>, float)\x1b[m\x1b[K\xe2\x80\x99:\n'}
[14.640569] (ros2_orbslam3) StderrLine: {'line': b'\x1b[01m\x1b[K/home/henrique/ORB_SLAM3_Modular/include/CameraModels/KannalaBrandt8.h:102:21:\x1b[m\x1b[K \x1b[01;35m\x1b[Kwarning: \x1b[m\x1b[K\xe2\x80\x98\x1b[01m\x1b[KORB_SLAM3::KannalaBrandt8::precision\x1b[m\x1b[K\xe2\x80\x99 will be initialized after [\x1b[01;35m\x1b[K\x1b]8;;https://gcc.gnu.org/onlinedocs/gcc/Warning-Options.html#index-Wreorder\x07-Wreorder\x1b]8;;\x07\x1b[m\x1b[K]\n'}
[14.640681] (ros2_orbslam3) StderrLine: {'line': b'  102 |         const float \x1b[01;35m\x1b[Kprecision\x1b[m\x1b[K;\n'}
[14.640779] (ros2_orbslam3) StderrLine: {'line': b'      |                     \x1b[01;35m\x1b[K^~~~~~~~~\x1b[m\x1b[K\n'}
[14.640875] (ros2_orbslam3) StderrLine: {'line': b'\x1b[01m\x1b[K/home/henrique/ORB_SLAM3_Modular/include/CameraModels/KannalaBrandt8.h:88:26:\x1b[m\x1b[K \x1b[01;35m\x1b[Kwarning: \x1b[m\x1b[K  \xe2\x80\x98\x1b[01m\x1b[Kstd::vector<int> ORB_SLAM3::KannalaBrandt8::mvLappingArea\x1b[m\x1b[K\xe2\x80\x99 [\x1b[01;35m\x1b[K\x1b]8;;https://gcc.gnu.org/onlinedocs/gcc/Warning-Options.html#index-Wreorder\x07-Wreorder\x1b]8;;\x07\x1b[m\x1b[K]\n'}
[14.640978] (ros2_orbslam3) StderrLine: {'line': b'   88 |         std::vector<int> \x1b[01;35m\x1b[KmvLappingArea\x1b[m\x1b[K;\n'}
[14.641074] (ros2_orbslam3) StderrLine: {'line': b'      |                          \x1b[01;35m\x1b[K^~~~~~~~~~~~~\x1b[m\x1b[K\n'}
[14.641179] (ros2_orbslam3) StderrLine: {'line': b'\x1b[01m\x1b[K/home/henrique/ORB_SLAM3_Modular/include/CameraModels/KannalaBrandt8.h:53:9:\x1b[m\x1b[K \x1b[01;35m\x1b[Kwarning: \x1b[m\x1b[K  when initialized here [\x1b[01;35m\x1b[K\x1b]8;;https://gcc.gnu.org/onlinedocs/gcc/Warning-Options.html#index-Wreorder\x07-Wreorder\x1b]8;;\x07\x1b[m\x1b[K]\n'}
[14.641280] (ros2_orbslam3) StderrLine: {'line': b'   53 |         \x1b[01;35m\x1b[KKannalaBrandt8\x1b[m\x1b[K(const std::vector<float> _vParameters, const float _precision) : GeometricCamera(_vParameters),\n'}
[14.641376] (ros2_orbslam3) StderrLine: {'line': b'      |         \x1b[01;35m\x1b[K^~~~~~~~~~~~~~\x1b[m\x1b[K\n'}
[14.641471] (ros2_orbslam3) StderrLine: {'line': b'\x1b[01m\x1b[K/home/henrique/ORB_SLAM3_Modular/include/CameraModels/KannalaBrandt8.h:\x1b[m\x1b[K In constructor \xe2\x80\x98\x1b[01m\x1b[KORB_SLAM3::KannalaBrandt8::KannalaBrandt8(ORB_SLAM3::KannalaBrandt8*)\x1b[m\x1b[K\xe2\x80\x99:\n'}
[14.641567] (ros2_orbslam3) StderrLine: {'line': b'\x1b[01m\x1b[K/home/henrique/ORB_SLAM3_Modular/include/CameraModels/KannalaBrandt8.h:102:21:\x1b[m\x1b[K \x1b[01;35m\x1b[Kwarning: \x1b[m\x1b[K\xe2\x80\x98\x1b[01m\x1b[KORB_SLAM3::KannalaBrandt8::precision\x1b[m\x1b[K\xe2\x80\x99 will be initialized after [\x1b[01;35m\x1b[K\x1b]8;;https://gcc.gnu.org/onlinedocs/gcc/Warning-Options.html#index-Wreorder\x07-Wreorder\x1b]8;;\x07\x1b[m\x1b[K]\n'}
[14.641668] (ros2_orbslam3) StderrLine: {'line': b'  102 |         const float \x1b[01;35m\x1b[Kprecision\x1b[m\x1b[K;\n'}
[14.641763] (ros2_orbslam3) StderrLine: {'line': b'      |                     \x1b[01;35m\x1b[K^~~~~~~~~\x1b[m\x1b[K\n'}
[14.641856] (ros2_orbslam3) StderrLine: {'line': b'\x1b[01m\x1b[K/home/henrique/ORB_SLAM3_Modular/include/CameraModels/KannalaBrandt8.h:88:26:\x1b[m\x1b[K \x1b[01;35m\x1b[Kwarning: \x1b[m\x1b[K  \xe2\x80\x98\x1b[01m\x1b[Kstd::vector<int> ORB_SLAM3::KannalaBrandt8::mvLappingArea\x1b[m\x1b[K\xe2\x80\x99 [\x1b[01;35m\x1b[K\x1b]8;;https://gcc.gnu.org/onlinedocs/gcc/Warning-Options.html#index-Wreorder\x07-Wreorder\x1b]8;;\x07\x1b[m\x1b[K]\n'}
[14.641965] (ros2_orbslam3) StderrLine: {'line': b'   88 |         std::vector<int> \x1b[01;35m\x1b[KmvLappingArea\x1b[m\x1b[K;\n'}
[14.642062] (ros2_orbslam3) StderrLine: {'line': b'      |                          \x1b[01;35m\x1b[K^~~~~~~~~~~~~\x1b[m\x1b[K\n'}
[14.642169] (ros2_orbslam3) StderrLine: {'line': b'\x1b[01m\x1b[K/home/henrique/ORB_SLAM3_Modular/include/CameraModels/KannalaBrandt8.h:59:9:\x1b[m\x1b[K \x1b[01;35m\x1b[Kwarning: \x1b[m\x1b[K  when initialized here [\x1b[01;35m\x1b[K\x1b]8;;https://gcc.gnu.org/onlinedocs/gcc/Warning-Options.html#index-Wreorder\x07-Wreorder\x1b]8;;\x07\x1b[m\x1b[K]\n'}
[14.642274] (ros2_orbslam3) StderrLine: {'line': b'   59 |         \x1b[01;35m\x1b[KKannalaBrandt8\x1b[m\x1b[K(KannalaBrandt8* pKannala) : GeometricCamera(pKannala->mvParameters), precision(pKannala->precision), mvLappingArea(2,0) ,tvr(nullptr) {\n'}
[14.642373] (ros2_orbslam3) StderrLine: {'line': b'      |         \x1b[01;35m\x1b[K^~~~~~~~~~~~~~\x1b[m\x1b[K\n'}
[14.671485] (-) TimerEvent: {}
[14.771974] (-) TimerEvent: {}
[14.872408] (-) TimerEvent: {}
[14.972843] (-) TimerEvent: {}
[15.073272] (-) TimerEvent: {}
[15.173687] (-) TimerEvent: {}
[15.274122] (-) TimerEvent: {}
[15.374533] (-) TimerEvent: {}
[15.474960] (-) TimerEvent: {}
[15.575387] (-) TimerEvent: {}
[15.675797] (-) TimerEvent: {}
[15.776207] (-) TimerEvent: {}
[15.876622] (-) TimerEvent: {}
[15.977141] (-) TimerEvent: {}
[16.077605] (-) TimerEvent: {}
[16.130801] (ros2_orbslam3) StderrLine: {'line': b'\x1b[01m\x1b[K/home/henrique/ws_visao/kinect-orbslam-ws/src/ros2_orbslam3/src/rgbd/rgbd-slam-node.cpp:\x1b[m\x1b[K In member function \xe2\x80\x98\x1b[01m\x1b[Kbool RGBDSLAMNode::save_map_srv(std::shared_ptr<std_srvs::srv::Empty_Request_<std::allocator<void> > >, std::shared_ptr<std_srvs::srv::Empty_Response_<std::allocator<void> > >)\x1b[m\x1b[K\xe2\x80\x99:\n'}
[16.131064] (ros2_orbslam3) StderrLine: {'line': b'\x1b[01m\x1b[K/home/henrique/ws_visao/kinect-orbslam-ws/src/ros2_orbslam3/src/rgbd/rgbd-slam-node.cpp:271:86:\x1b[m\x1b[K \x1b[01;35m\x1b[Kwarning: \x1b[m\x1b[Kunused parameter \xe2\x80\x98\x1b[01m\x1b[Krequest\x1b[m\x1b[K\xe2\x80\x99 [\x1b[01;35m\x1b[K\x1b]8;;https://gcc.gnu.org/onlinedocs/gcc/Warning-Options.html#index-Wunused-parameter\x07-Wunused-parameter\x1b]8;;\x07\x1b[m\x1b[K]\n'}
[16.131202] (ros2_orbslam3) StderrLine: {'line': b'  271 | bool RGBDSLAMNode::save_map_srv(\x1b[01;35m\x1b[Kconst std::shared_ptr<std_srvs::srv::Empty::Request> request\x1b[m\x1b[K,\n'}
[16.131309] (ros2_orbslam3) StderrLine: {'line': b'      |                                 \x1b[01;35m\x1b[K~~~~~~~~~~~~~~~~~~~~~~~~~~~~~~~~~~~~~~~~~~~~~~~~~~~~~^~~~~~~\x1b[m\x1b[K\n'}
[16.131408] (ros2_orbslam3) StderrLine: {'line': b'\x1b[01m\x1b[K/home/henrique/ws_visao/kinect-orbslam-ws/src/ros2_orbslam3/src/rgbd/rgbd-slam-node.cpp:272:87:\x1b[m\x1b[K \x1b[01;35m\x1b[Kwarning: \x1b[m\x1b[Kunused parameter \xe2\x80\x98\x1b[01m\x1b[Kresponse\x1b[m\x1b[K\xe2\x80\x99 [\x1b[01;35m\x1b[K\x1b]8;;https://gcc.gnu.org/onlinedocs/gcc/Warning-Options.html#index-Wunused-parameter\x07-Wunused-parameter\x1b]8;;\x07\x1b[m\x1b[K]\n'}
[16.131532] (ros2_orbslam3) StderrLine: {'line': b'  272 |                                       \x1b[01;35m\x1b[Kstd::shared_ptr<std_srvs::srv::Empty::Response> response\x1b[m\x1b[K)\n'}
[16.131631] (ros2_orbslam3) StderrLine: {'line': b'      |                                       \x1b[01;35m\x1b[K~~~~~~~~~~~~~~~~~~~~~~~~~~~~~~~~~~~~~~~~~~~~~~~~^~~~~~~~\x1b[m\x1b[K\n'}
[16.131878] (ros2_orbslam3) StderrLine: {'line': b'\x1b[01m\x1b[K/home/henrique/ws_visao/kinect-orbslam-ws/src/ros2_orbslam3/src/rgbd/rgbd-slam-node.cpp:\x1b[m\x1b[K In member function \xe2\x80\x98\x1b[01m\x1b[Kbool RGBDSLAMNode::save_trajectory_srv(std::shared_ptr<std_srvs::srv::Empty_Request_<std::allocator<void> > >, std::shared_ptr<std_srvs::srv::Empty_Response_<std::allocator<void> > >)\x1b[m\x1b[K\xe2\x80\x99:\n'}
[16.132001] (ros2_orbslam3) StderrLine: {'line': b'\x1b[01m\x1b[K/home/henrique/ws_visao/kinect-orbslam-ws/src/ros2_orbslam3/src/rgbd/rgbd-slam-node.cpp:279:93:\x1b[m\x1b[K \x1b[01;35m\x1b[Kwarning: \x1b[m\x1b[Kunused parameter \xe2\x80\x98\x1b[01m\x1b[Krequest\x1b[m\x1b[K\xe2\x80\x99 [\x1b[01;35m\x1b[K\x1b]8;;https://gcc.gnu.org/onlinedocs/gcc/Warning-Options.html#index-Wunused-parameter\x07-Wunused-parameter\x1b]8;;\x07\x1b[m\x1b[K]\n'}
[16.132116] (ros2_orbslam3) StderrLine: {'line': b'  279 | bool RGBDSLAMNode::save_trajectory_srv(\x1b[01;35m\x1b[Kconst std::shared_ptr<std_srvs::srv::Empty::Request> request\x1b[m\x1b[K,\n'}
[16.132229] (ros2_orbslam3) StderrLine: {'line': b'      |                                        \x1b[01;35m\x1b[K~~~~~~~~~~~~~~~~~~~~~~~~~~~~~~~~~~~~~~~~~~~~~~~~~~~~~^~~~~~~\x1b[m\x1b[K\n'}
[16.132326] (ros2_orbslam3) StderrLine: {'line': b'\x1b[01m\x1b[K/home/henrique/ws_visao/kinect-orbslam-ws/src/ros2_orbslam3/src/rgbd/rgbd-slam-node.cpp:280:88:\x1b[m\x1b[K \x1b[01;35m\x1b[Kwarning: \x1b[m\x1b[Kunused parameter \xe2\x80\x98\x1b[01m\x1b[Kresponse\x1b[m\x1b[K\xe2\x80\x99 [\x1b[01;35m\x1b[K\x1b]8;;https://gcc.gnu.org/onlinedocs/gcc/Warning-Options.html#index-Wunused-parameter\x07-Wunused-parameter\x1b]8;;\x07\x1b[m\x1b[K]\n'}
[16.132434] (ros2_orbslam3) StderrLine: {'line': b'  280 |                                        \x1b[01;35m\x1b[Kstd::shared_ptr<std_srvs::srv::Empty::Response> response\x1b[m\x1b[K)\n'}
[16.132530] (ros2_orbslam3) StderrLine: {'line': b'      |                                        \x1b[01;35m\x1b[K~~~~~~~~~~~~~~~~~~~~~~~~~~~~~~~~~~~~~~~~~~~~~~~~^~~~~~~~\x1b[m\x1b[K\n'}
[16.177750] (-) TimerEvent: {}
[16.278184] (-) TimerEvent: {}
[16.378605] (-) TimerEvent: {}
[16.479028] (-) TimerEvent: {}
[16.579452] (-) TimerEvent: {}
[16.679863] (-) TimerEvent: {}
[16.780292] (-) TimerEvent: {}
[16.880690] (-) TimerEvent: {}
[16.981091] (-) TimerEvent: {}
[17.081513] (-) TimerEvent: {}
[17.181923] (-) TimerEvent: {}
[17.282335] (-) TimerEvent: {}
[17.382760] (-) TimerEvent: {}
[17.483254] (-) TimerEvent: {}
[17.583673] (-) TimerEvent: {}
[17.684087] (-) TimerEvent: {}
[17.784501] (-) TimerEvent: {}
[17.884936] (-) TimerEvent: {}
[17.985429] (-) TimerEvent: {}
[18.085923] (-) TimerEvent: {}
[18.186351] (-) TimerEvent: {}
[18.286775] (-) TimerEvent: {}
[18.387280] (-) TimerEvent: {}
[18.487713] (-) TimerEvent: {}
[18.588173] (-) TimerEvent: {}
[18.688591] (-) TimerEvent: {}
[18.789007] (-) TimerEvent: {}
[18.889425] (-) TimerEvent: {}
[18.989839] (-) TimerEvent: {}
[19.090292] (-) TimerEvent: {}
[19.190723] (-) TimerEvent: {}
[19.291157] (-) TimerEvent: {}
[19.391584] (-) TimerEvent: {}
[19.492018] (-) TimerEvent: {}
[19.592479] (-) TimerEvent: {}
[19.692956] (-) TimerEvent: {}
[19.793420] (-) TimerEvent: {}
[19.893960] (-) TimerEvent: {}
[19.994427] (-) TimerEvent: {}
[20.094911] (-) TimerEvent: {}
[20.195404] (-) TimerEvent: {}
[20.295901] (-) TimerEvent: {}
[20.396351] (-) TimerEvent: {}
[20.496786] (-) TimerEvent: {}
[20.597292] (-) TimerEvent: {}
[20.697713] (-) TimerEvent: {}
[20.798197] (-) TimerEvent: {}
[20.898625] (-) TimerEvent: {}
[20.999057] (-) TimerEvent: {}
[21.099494] (-) TimerEvent: {}
[21.199917] (-) TimerEvent: {}
[21.300343] (-) TimerEvent: {}
[21.400776] (-) TimerEvent: {}
[21.501293] (-) TimerEvent: {}
[21.601711] (-) TimerEvent: {}
[21.702143] (-) TimerEvent: {}
[21.802586] (-) TimerEvent: {}
[21.903029] (-) TimerEvent: {}
[22.003458] (-) TimerEvent: {}
[22.103891] (-) TimerEvent: {}
[22.204333] (-) TimerEvent: {}
[22.304776] (-) TimerEvent: {}
[22.405207] (-) TimerEvent: {}
[22.505644] (-) TimerEvent: {}
[22.606081] (-) TimerEvent: {}
[22.706530] (-) TimerEvent: {}
[22.806955] (-) TimerEvent: {}
[22.907396] (-) TimerEvent: {}
[23.007879] (-) TimerEvent: {}
[23.108470] (-) TimerEvent: {}
[23.209018] (-) TimerEvent: {}
[23.309581] (-) TimerEvent: {}
[23.410130] (-) TimerEvent: {}
[23.510673] (-) TimerEvent: {}
[23.611215] (-) TimerEvent: {}
[23.711751] (-) TimerEvent: {}
[23.812384] (-) TimerEvent: {}
[23.912836] (-) TimerEvent: {}
[24.013283] (-) TimerEvent: {}
[24.113712] (-) TimerEvent: {}
[24.214171] (-) TimerEvent: {}
[24.314605] (-) TimerEvent: {}
[24.415040] (-) TimerEvent: {}
[24.515494] (-) TimerEvent: {}
[24.615946] (-) TimerEvent: {}
[24.716376] (-) TimerEvent: {}
[24.816807] (-) TimerEvent: {}
[24.917317] (-) TimerEvent: {}
[25.017767] (-) TimerEvent: {}
[25.118228] (-) TimerEvent: {}
[25.218676] (-) TimerEvent: {}
[25.319131] (-) TimerEvent: {}
[25.419574] (-) TimerEvent: {}
[25.520032] (-) TimerEvent: {}
[25.620487] (-) TimerEvent: {}
[25.720932] (-) TimerEvent: {}
[25.821376] (-) TimerEvent: {}
[25.921807] (-) TimerEvent: {}
[26.022304] (-) TimerEvent: {}
[26.122839] (-) TimerEvent: {}
[26.223473] (-) TimerEvent: {}
[26.324123] (-) TimerEvent: {}
[26.424643] (-) TimerEvent: {}
[26.525222] (-) TimerEvent: {}
[26.625754] (-) TimerEvent: {}
[26.726271] (-) TimerEvent: {}
[26.826806] (-) TimerEvent: {}
[26.927328] (-) TimerEvent: {}
[27.027879] (-) TimerEvent: {}
[27.128516] (-) TimerEvent: {}
[27.229005] (-) TimerEvent: {}
[27.329535] (-) TimerEvent: {}
[27.430123] (-) TimerEvent: {}
[27.530604] (-) TimerEvent: {}
[27.631155] (-) TimerEvent: {}
[27.731716] (-) TimerEvent: {}
[27.832336] (-) TimerEvent: {}
[27.932983] (-) TimerEvent: {}
[28.033537] (-) TimerEvent: {}
[28.134050] (-) TimerEvent: {}
[28.234646] (-) TimerEvent: {}
[28.335188] (-) TimerEvent: {}
[28.435707] (-) TimerEvent: {}
[28.536229] (-) TimerEvent: {}
[28.636765] (-) TimerEvent: {}
[28.737360] (-) TimerEvent: {}
[28.837958] (-) TimerEvent: {}
[28.938571] (-) TimerEvent: {}
[29.039157] (-) TimerEvent: {}
[29.139641] (-) TimerEvent: {}
[29.240185] (-) TimerEvent: {}
[29.340721] (-) TimerEvent: {}
[29.441348] (-) TimerEvent: {}
[29.541889] (-) TimerEvent: {}
[29.642441] (-) TimerEvent: {}
[29.742999] (-) TimerEvent: {}
[29.843684] (-) TimerEvent: {}
[29.944354] (-) TimerEvent: {}
[30.044954] (-) TimerEvent: {}
[30.145514] (-) TimerEvent: {}
[30.246145] (-) TimerEvent: {}
[30.346728] (-) TimerEvent: {}
[30.447387] (-) TimerEvent: {}
[30.548006] (-) TimerEvent: {}
[30.648672] (-) TimerEvent: {}
[30.749300] (-) TimerEvent: {}
[30.849887] (-) TimerEvent: {}
[30.950554] (-) TimerEvent: {}
[31.051216] (-) TimerEvent: {}
[31.151869] (-) TimerEvent: {}
[31.252556] (-) TimerEvent: {}
[31.353222] (-) TimerEvent: {}
[31.453908] (-) TimerEvent: {}
[31.554730] (-) TimerEvent: {}
[31.655552] (-) TimerEvent: {}
[31.756360] (-) TimerEvent: {}
[31.857071] (-) TimerEvent: {}
[31.957813] (-) TimerEvent: {}
[32.058533] (-) TimerEvent: {}
[32.159056] (-) TimerEvent: {}
[32.259613] (-) TimerEvent: {}
[32.360166] (-) TimerEvent: {}
[32.460700] (-) TimerEvent: {}
[32.561264] (-) TimerEvent: {}
[32.661782] (-) TimerEvent: {}
[32.762303] (-) TimerEvent: {}
[32.862837] (-) TimerEvent: {}
[32.963456] (-) TimerEvent: {}
[33.064054] (-) TimerEvent: {}
[33.164561] (-) TimerEvent: {}
[33.265171] (-) TimerEvent: {}
[33.365767] (-) TimerEvent: {}
[33.466413] (-) TimerEvent: {}
[33.567004] (-) TimerEvent: {}
[33.667632] (-) TimerEvent: {}
[33.768181] (-) TimerEvent: {}
[33.868718] (-) TimerEvent: {}
[33.969417] (-) TimerEvent: {}
[34.070044] (-) TimerEvent: {}
[34.170666] (-) TimerEvent: {}
[34.271275] (-) TimerEvent: {}
[34.371847] (-) TimerEvent: {}
[34.472500] (-) TimerEvent: {}
[34.573163] (-) TimerEvent: {}
[34.673718] (-) TimerEvent: {}
[34.774369] (-) TimerEvent: {}
[34.874956] (-) TimerEvent: {}
[34.975519] (-) TimerEvent: {}
[35.076146] (-) TimerEvent: {}
[35.176725] (-) TimerEvent: {}
[35.277290] (-) TimerEvent: {}
[35.377720] (-) TimerEvent: {}
[35.478291] (-) TimerEvent: {}
[35.578873] (-) TimerEvent: {}
[35.679480] (-) TimerEvent: {}
[35.779994] (-) TimerEvent: {}
[35.880532] (-) TimerEvent: {}
[35.981252] (-) TimerEvent: {}
[36.081997] (-) TimerEvent: {}
[36.182723] (-) TimerEvent: {}
[36.283283] (-) TimerEvent: {}
[36.383767] (-) TimerEvent: {}
[36.484307] (-) TimerEvent: {}
[36.584859] (-) TimerEvent: {}
[36.685353] (-) TimerEvent: {}
[36.785872] (-) TimerEvent: {}
[36.886309] (-) TimerEvent: {}
[36.986811] (-) TimerEvent: {}
[37.087265] (-) TimerEvent: {}
[37.187743] (-) TimerEvent: {}
[37.288292] (-) TimerEvent: {}
[37.388815] (-) TimerEvent: {}
[37.489264] (-) TimerEvent: {}
[37.589771] (-) TimerEvent: {}
[37.690205] (-) TimerEvent: {}
[37.790671] (-) TimerEvent: {}
[37.891198] (-) TimerEvent: {}
[37.991673] (-) TimerEvent: {}
[38.092162] (-) TimerEvent: {}
[38.192689] (-) TimerEvent: {}
[38.293200] (-) TimerEvent: {}
[38.393714] (-) TimerEvent: {}
[38.494240] (-) TimerEvent: {}
[38.594711] (-) TimerEvent: {}
[38.695111] (-) TimerEvent: {}
[38.795499] (-) TimerEvent: {}
[38.895987] (-) TimerEvent: {}
[38.996521] (-) TimerEvent: {}
[39.097036] (-) TimerEvent: {}
[39.197528] (-) TimerEvent: {}
[39.297911] (-) TimerEvent: {}
[39.398419] (-) TimerEvent: {}
[39.498907] (-) TimerEvent: {}
[39.599405] (-) TimerEvent: {}
[39.699903] (-) TimerEvent: {}
[39.800419] (-) TimerEvent: {}
[39.900961] (-) TimerEvent: {}
[40.001423] (-) TimerEvent: {}
[40.101906] (-) TimerEvent: {}
[40.202405] (-) TimerEvent: {}
[40.302880] (-) TimerEvent: {}
[40.403303] (-) TimerEvent: {}
[40.503797] (-) TimerEvent: {}
[40.604315] (-) TimerEvent: {}
[40.704814] (-) TimerEvent: {}
[40.805318] (-) TimerEvent: {}
[40.905773] (-) TimerEvent: {}
[41.006289] (-) TimerEvent: {}
[41.106759] (-) TimerEvent: {}
[41.207216] (-) TimerEvent: {}
[41.307684] (-) TimerEvent: {}
[41.408163] (-) TimerEvent: {}
[41.508629] (-) TimerEvent: {}
[41.609137] (-) TimerEvent: {}
[41.709618] (-) TimerEvent: {}
[41.810136] (-) TimerEvent: {}
[41.910599] (-) TimerEvent: {}
[42.011083] (-) TimerEvent: {}
[42.111512] (-) TimerEvent: {}
[42.211981] (-) TimerEvent: {}
[42.312447] (-) TimerEvent: {}
[42.412918] (-) TimerEvent: {}
[42.513480] (-) TimerEvent: {}
[42.613980] (-) TimerEvent: {}
[42.714550] (-) TimerEvent: {}
[42.815049] (-) TimerEvent: {}
[42.915555] (-) TimerEvent: {}
[43.016037] (-) TimerEvent: {}
[43.116544] (-) TimerEvent: {}
[43.217059] (-) TimerEvent: {}
[43.317613] (-) TimerEvent: {}
[43.418130] (-) TimerEvent: {}
[43.518554] (-) TimerEvent: {}
[43.619014] (-) TimerEvent: {}
[43.719511] (-) TimerEvent: {}
[43.820001] (-) TimerEvent: {}
[43.920490] (-) TimerEvent: {}
[44.020960] (-) TimerEvent: {}
[44.121448] (-) TimerEvent: {}
[44.221830] (-) TimerEvent: {}
[44.322315] (-) TimerEvent: {}
[44.422792] (-) TimerEvent: {}
[44.523285] (-) TimerEvent: {}
[44.623793] (-) TimerEvent: {}
[44.724283] (-) TimerEvent: {}
[44.824656] (-) TimerEvent: {}
[44.925189] (-) TimerEvent: {}
[45.025644] (-) TimerEvent: {}
[45.126037] (-) TimerEvent: {}
[45.226583] (-) TimerEvent: {}
[45.327051] (-) TimerEvent: {}
[45.427555] (-) TimerEvent: {}
[45.528029] (-) TimerEvent: {}
[45.628504] (-) TimerEvent: {}
[45.728976] (-) TimerEvent: {}
[45.829366] (-) TimerEvent: {}
[45.929809] (-) TimerEvent: {}
[46.030292] (-) TimerEvent: {}
[46.130742] (-) TimerEvent: {}
[46.231144] (-) TimerEvent: {}
[46.331487] (-) TimerEvent: {}
[46.431947] (-) TimerEvent: {}
[46.532507] (-) TimerEvent: {}
[46.632994] (-) TimerEvent: {}
[46.733508] (-) TimerEvent: {}
[46.833920] (-) TimerEvent: {}
[46.934284] (-) TimerEvent: {}
[47.034772] (-) TimerEvent: {}
[47.135322] (-) TimerEvent: {}
[47.235914] (-) TimerEvent: {}
[47.336428] (-) TimerEvent: {}
[47.436991] (-) TimerEvent: {}
[47.537597] (-) TimerEvent: {}
[47.638207] (-) TimerEvent: {}
[47.738623] (-) TimerEvent: {}
[47.777546] (ros2_orbslam3) StdoutLine: {'line': b'[100%] \x1b[32m\x1b[1mLinking CXX executable rgbd\x1b[0m\n'}
[47.838845] (-) TimerEvent: {}
[47.939340] (-) TimerEvent: {}
[48.039844] (-) TimerEvent: {}
[48.140342] (-) TimerEvent: {}
[48.240867] (-) TimerEvent: {}
[48.341409] (-) TimerEvent: {}
[48.441939] (-) TimerEvent: {}
[48.542491] (-) TimerEvent: {}
[48.643011] (-) TimerEvent: {}
[48.743461] (-) TimerEvent: {}
[48.843969] (-) TimerEvent: {}
[48.944521] (-) TimerEvent: {}
[49.045065] (-) TimerEvent: {}
[49.145635] (-) TimerEvent: {}
[49.246255] (-) TimerEvent: {}
[49.346834] (-) TimerEvent: {}
[49.447493] (-) TimerEvent: {}
[49.548071] (-) TimerEvent: {}
[49.648567] (-) TimerEvent: {}
[49.749044] (-) TimerEvent: {}
[49.849575] (-) TimerEvent: {}
[49.950163] (-) TimerEvent: {}
[50.050744] (-) TimerEvent: {}
[50.151370] (-) TimerEvent: {}
[50.251963] (-) TimerEvent: {}
[50.352411] (-) TimerEvent: {}
[50.366857] (ros2_orbslam3) StdoutLine: {'line': b'[100%] Built target rgbd\n'}
[50.385901] (ros2_orbslam3) CommandEnded: {'returncode': 0}
[50.386966] (ros2_orbslam3) JobProgress: {'identifier': 'ros2_orbslam3', 'progress': 'install'}
[50.401819] (ros2_orbslam3) Command: {'cmd': ['/usr/bin/cmake', '--install', '/home/henrique/ws_visao/kinect-orbslam-ws/build/ros2_orbslam3'], 'cwd': '/home/henrique/ws_visao/kinect-orbslam-ws/build/ros2_orbslam3', 'env': OrderedDict([('LESSOPEN', '| /usr/bin/lesspipe %s'), ('LANGUAGE', 'en_US:en'), ('USER', 'henrique'), ('LC_TIME', 'pt_BR.UTF-8'), ('XDG_SESSION_TYPE', 'wayland'), ('SHLVL', '1'), ('LD_LIBRARY_PATH', '/home/henrique/ws_drone/keyboard-control-ros-sim/install/px4_ros_com/lib:/home/henrique/ws_drone/keyboard-control-ros-sim/install/px4_msgs/lib:/opt/ros/humble/opt/rviz_ogre_vendor/lib:/opt/ros/humble/lib/x86_64-linux-gnu:/opt/ros/humble/lib'), ('HOME', '/home/henrique'), ('OLDPWD', '/home/henrique/ws_visao'), ('DESKTOP_SESSION', 'ubuntu'), ('ROS_PYTHON_VERSION', '3'), ('GNOME_SHELL_SESSION_MODE', 'ubuntu'), ('GTK_MODULES', 'gail:atk-bridge'), ('LC_MONETARY', 'pt_BR.UTF-8'), ('LC_CTYPE', 'pt_BR.UTF-8'), ('SYSTEMD_EXEC_PID', '1789'), ('DBUS_SESSION_BUS_ADDRESS', 'unix:path=/run/user/1000/bus'), ('COLORTERM', 'truecolor'), ('PICO_TOOLCHAIN_PATH', '...'), ('IM_CONFIG_PHASE', '1'), ('WAYLAND_DISPLAY', 'wayland-0'), ('COLCON_PREFIX_PATH', '/home/henrique/ws_drone/keyboard-control-ros-sim/install'), ('ROS_DISTRO', 'humble'), ('LOGNAME', 'henrique'), ('_', '/usr/bin/colcon'), ('ROS_VERSION', '2'), ('XDG_SESSION_CLASS', 'user'), ('USERNAME', 'henrique'), ('TERM', 'xterm-256color'), ('GNOME_DESKTOP_SESSION_ID', 'this-is-deprecated'), ('ROS_LOCALHOST_ONLY', '0'), ('PATH', '/opt/ros/humble/bin:/opt/gcc-arm-none-eabi-9-2020-q2-update/bin:/home/henrique/.local/bin:/usr/local/sbin:/usr/local/bin:/usr/sbin:/usr/bin:/sbin:/bin:/usr/games:/usr/local/games:/snap/bin:/snap/bin'), ('SESSION_MANAGER', 'local/trojam:@/tmp/.ICE-unix/1541,unix/trojam:/tmp/.ICE-unix/1541'), ('PAPERSIZE', 'a4'), ('XDG_MENU_PREFIX', 'gnome-'), ('LC_ADDRESS', 'pt_BR.UTF-8'), ('GNOME_TERMINAL_SCREEN', '/org/gnome/Terminal/screen/f2c24b51_233d_45ed_b4cf_aac20bcde89b'), ('GNOME_SETUP_DISPLAY', ':1'), ('XDG_RUNTIME_DIR', '/run/user/1000'), ('DISPLAY', ':0'), ('LANG', 'en_US.UTF-8'), ('XDG_CURRENT_DESKTOP', 'ubuntu:GNOME'), ('LC_TELEPHONE', 'pt_BR.UTF-8'), ('XMODIFIERS', '@im=ibus'), ('XDG_SESSION_DESKTOP', 'ubuntu'), ('XAUTHORITY', '/run/user/1000/.mutter-Xwaylandauth.56QDA3'), ('LS_COLORS', 'rs=0:di=01;34:ln=01;36:mh=00:pi=40;33:so=01;35:do=01;35:bd=40;33;01:cd=40;33;01:or=40;31;01:mi=00:su=37;41:sg=30;43:ca=30;41:tw=30;42:ow=34;42:st=37;44:ex=01;32:*.tar=01;31:*.tgz=01;31:*.arc=01;31:*.arj=01;31:*.taz=01;31:*.lha=01;31:*.lz4=01;31:*.lzh=01;31:*.lzma=01;31:*.tlz=01;31:*.txz=01;31:*.tzo=01;31:*.t7z=01;31:*.zip=01;31:*.z=01;31:*.dz=01;31:*.gz=01;31:*.lrz=01;31:*.lz=01;31:*.lzo=01;31:*.xz=01;31:*.zst=01;31:*.tzst=01;31:*.bz2=01;31:*.bz=01;31:*.tbz=01;31:*.tbz2=01;31:*.tz=01;31:*.deb=01;31:*.rpm=01;31:*.jar=01;31:*.war=01;31:*.ear=01;31:*.sar=01;31:*.rar=01;31:*.alz=01;31:*.ace=01;31:*.zoo=01;31:*.cpio=01;31:*.7z=01;31:*.rz=01;31:*.cab=01;31:*.wim=01;31:*.swm=01;31:*.dwm=01;31:*.esd=01;31:*.jpg=01;35:*.jpeg=01;35:*.mjpg=01;35:*.mjpeg=01;35:*.gif=01;35:*.bmp=01;35:*.pbm=01;35:*.pgm=01;35:*.ppm=01;35:*.tga=01;35:*.xbm=01;35:*.xpm=01;35:*.tif=01;35:*.tiff=01;35:*.png=01;35:*.svg=01;35:*.svgz=01;35:*.mng=01;35:*.pcx=01;35:*.mov=01;35:*.mpg=01;35:*.mpeg=01;35:*.m2v=01;35:*.mkv=01;35:*.webm=01;35:*.webp=01;35:*.ogm=01;35:*.mp4=01;35:*.m4v=01;35:*.mp4v=01;35:*.vob=01;35:*.qt=01;35:*.nuv=01;35:*.wmv=01;35:*.asf=01;35:*.rm=01;35:*.rmvb=01;35:*.flc=01;35:*.avi=01;35:*.fli=01;35:*.flv=01;35:*.gl=01;35:*.dl=01;35:*.xcf=01;35:*.xwd=01;35:*.yuv=01;35:*.cgm=01;35:*.emf=01;35:*.ogv=01;35:*.ogx=01;35:*.aac=00;36:*.au=00;36:*.flac=00;36:*.m4a=00;36:*.mid=00;36:*.midi=00;36:*.mka=00;36:*.mp3=00;36:*.mpc=00;36:*.ogg=00;36:*.ra=00;36:*.wav=00;36:*.oga=00;36:*.opus=00;36:*.spx=00;36:*.xspf=00;36:'), ('GNOME_TERMINAL_SERVICE', ':1.170'), ('SSH_AGENT_LAUNCHER', 'gnome-keyring'), ('SSH_AUTH_SOCK', '/run/user/1000/keyring/ssh'), ('AMENT_PREFIX_PATH', '/home/henrique/ws_drone/keyboard-control-ros-sim/install/px4_ros_com:/home/henrique/ws_drone/keyboard-control-ros-sim/install/px4_control:/home/henrique/ws_drone/keyboard-control-ros-sim/install/px4_msgs:/opt/ros/humble'), ('SHELL', '/bin/bash'), ('LC_NAME', 'pt_BR.UTF-8'), ('QT_ACCESSIBILITY', '1'), ('GDMSESSION', 'ubuntu'), ('LESSCLOSE', '/usr/bin/lesspipe %s %s'), ('LC_MEASUREMENT', 'pt_BR.UTF-8'), ('LC_IDENTIFICATION', 'pt_BR.UTF-8'), ('QT_IM_MODULE', 'ibus'), ('PWD', '/home/henrique/ws_visao/kinect-orbslam-ws/build/ros2_orbslam3'), ('LC_ALL', 'en_US.UTF-8'), ('XDG_CONFIG_DIRS', '/etc/xdg/xdg-ubuntu:/etc/xdg'), ('PICO_SDK_PATH', '/home/henrique/pico-sdk'), ('XDG_DATA_DIRS', '/usr/share/ubuntu:/usr/local/share/:/usr/share/:/var/lib/snapd/desktop'), ('PYTHONPATH', '/home/henrique/ws_drone/keyboard-control-ros-sim/install/px4_ros_com/local/lib/python3.10/dist-packages:/home/henrique/ws_drone/keyboard-control-ros-sim/install/px4_control/lib/python3.10/site-packages:/home/henrique/ws_drone/keyboard-control-ros-sim/install/px4_msgs/local/lib/python3.10/dist-packages:/opt/ros/humble/lib/python3.10/site-packages:/opt/ros/humble/local/lib/python3.10/dist-packages'), ('LC_NUMERIC', 'pt_BR.UTF-8'), ('LC_PAPER', 'pt_BR.UTF-8'), ('COLCON', '1'), ('VTE_VERSION', '6800'), ('CMAKE_PREFIX_PATH', '/home/henrique/ws_drone/keyboard-control-ros-sim/install/px4_ros_com:/home/henrique/ws_drone/keyboard-control-ros-sim/install/px4_msgs:/home/henrique/ws_drone/keyboard-control-ros-sim/install/px4_control:/opt/ros/humble')]), 'shell': False}
[50.415754] (ros2_orbslam3) StdoutLine: {'line': b'-- Install configuration: ""\n'}
[50.416076] (ros2_orbslam3) StdoutLine: {'line': b'-- Installing: /home/henrique/ws_visao/kinect-orbslam-ws/install/ros2_orbslam3/lib/libORB_SLAM3.so\n'}
[50.423037] (ros2_orbslam3) StdoutLine: {'line': b'-- Installing: /home/henrique/ws_visao/kinect-orbslam-ws/install/ros2_orbslam3/lib/libDBoW2.so\n'}
[50.423250] (ros2_orbslam3) StdoutLine: {'line': b'-- Installing: /home/henrique/ws_visao/kinect-orbslam-ws/install/ros2_orbslam3/lib/libg2o.so\n'}
[50.424520] (ros2_orbslam3) StdoutLine: {'line': b'-- Installing: /home/henrique/ws_visao/kinect-orbslam-ws/install/ros2_orbslam3/lib/ros2_orbslam3/mono\n'}
[50.431060] (ros2_orbslam3) StdoutLine: {'line': b'-- Set runtime path of "/home/henrique/ws_visao/kinect-orbslam-ws/install/ros2_orbslam3/lib/ros2_orbslam3/mono" to ""\n'}
[50.431299] (ros2_orbslam3) StdoutLine: {'line': b'-- Installing: /home/henrique/ws_visao/kinect-orbslam-ws/install/ros2_orbslam3/lib/ros2_orbslam3/rgbd\n'}
[50.438296] (ros2_orbslam3) StdoutLine: {'line': b'-- Set runtime path of "/home/henrique/ws_visao/kinect-orbslam-ws/install/ros2_orbslam3/lib/ros2_orbslam3/rgbd" to ""\n'}
[50.438495] (ros2_orbslam3) StdoutLine: {'line': b'-- Installing: /home/henrique/ws_visao/kinect-orbslam-ws/install/ros2_orbslam3/share/ament_index/resource_index/package_run_dependencies/ros2_orbslam3\n'}
[50.438764] (ros2_orbslam3) StdoutLine: {'line': b'-- Installing: /home/henrique/ws_visao/kinect-orbslam-ws/install/ros2_orbslam3/share/ament_index/resource_index/parent_prefix_path/ros2_orbslam3\n'}
[50.439009] (ros2_orbslam3) StdoutLine: {'line': b'-- Installing: /home/henrique/ws_visao/kinect-orbslam-ws/install/ros2_orbslam3/share/ros2_orbslam3/environment/ament_prefix_path.sh\n'}
[50.439314] (ros2_orbslam3) StdoutLine: {'line': b'-- Installing: /home/henrique/ws_visao/kinect-orbslam-ws/install/ros2_orbslam3/share/ros2_orbslam3/environment/ament_prefix_path.dsv\n'}
[50.439559] (ros2_orbslam3) StdoutLine: {'line': b'-- Installing: /home/henrique/ws_visao/kinect-orbslam-ws/install/ros2_orbslam3/share/ros2_orbslam3/environment/path.sh\n'}
[50.439675] (ros2_orbslam3) StdoutLine: {'line': b'-- Installing: /home/henrique/ws_visao/kinect-orbslam-ws/install/ros2_orbslam3/share/ros2_orbslam3/environment/path.dsv\n'}
[50.439780] (ros2_orbslam3) StdoutLine: {'line': b'-- Installing: /home/henrique/ws_visao/kinect-orbslam-ws/install/ros2_orbslam3/share/ros2_orbslam3/local_setup.bash\n'}
[50.439980] (ros2_orbslam3) StdoutLine: {'line': b'-- Installing: /home/henrique/ws_visao/kinect-orbslam-ws/install/ros2_orbslam3/share/ros2_orbslam3/local_setup.sh\n'}
[50.440084] (ros2_orbslam3) StdoutLine: {'line': b'-- Installing: /home/henrique/ws_visao/kinect-orbslam-ws/install/ros2_orbslam3/share/ros2_orbslam3/local_setup.zsh\n'}
[50.440203] (ros2_orbslam3) StdoutLine: {'line': b'-- Installing: /home/henrique/ws_visao/kinect-orbslam-ws/install/ros2_orbslam3/share/ros2_orbslam3/local_setup.dsv\n'}
[50.440342] (ros2_orbslam3) StdoutLine: {'line': b'-- Installing: /home/henrique/ws_visao/kinect-orbslam-ws/install/ros2_orbslam3/share/ros2_orbslam3/package.dsv\n'}
[50.440487] (ros2_orbslam3) StdoutLine: {'line': b'-- Installing: /home/henrique/ws_visao/kinect-orbslam-ws/install/ros2_orbslam3/share/ament_index/resource_index/packages/ros2_orbslam3\n'}
[50.440628] (ros2_orbslam3) StdoutLine: {'line': b'-- Installing: /home/henrique/ws_visao/kinect-orbslam-ws/install/ros2_orbslam3/share/ros2_orbslam3/cmake/ros2_orbslam3Config.cmake\n'}
[50.440767] (ros2_orbslam3) StdoutLine: {'line': b'-- Installing: /home/henrique/ws_visao/kinect-orbslam-ws/install/ros2_orbslam3/share/ros2_orbslam3/cmake/ros2_orbslam3Config-version.cmake\n'}
[50.440909] (ros2_orbslam3) StdoutLine: {'line': b'-- Installing: /home/henrique/ws_visao/kinect-orbslam-ws/install/ros2_orbslam3/share/ros2_orbslam3/package.xml\n'}
[50.443608] (ros2_orbslam3) CommandEnded: {'returncode': 0}
[50.453048] (-) TimerEvent: {}
[50.476569] (ros2_orbslam3) JobEnded: {'identifier': 'ros2_orbslam3', 'rc': 0}
[50.487893] (-) EventReactorShutdown: {}
