[0.000000] (-) TimerEvent: {}
[0.000215] (ros2_orbslam3) JobQueued: {'identifier': 'ros2_orbslam3', 'dependencies': OrderedDict()}
[0.000489] (ros2_orbslam3) JobStarted: {'identifier': 'ros2_orbslam3'}
[0.009440] (ros2_orbslam3) JobProgress: {'identifier': 'ros2_orbslam3', 'progress': 'cmake'}
[0.010133] (ros2_orbslam3) JobProgress: {'identifier': 'ros2_orbslam3', 'progress': 'build'}
[0.010647] (ros2_orbslam3) Command: {'cmd': ['/usr/bin/cmake', '--build', '/home/henrique/ws_visao/kinect-orbslam-ws/build/ros2_orbslam3', '--', '-j8', '-l8'], 'cwd': '/home/henrique/ws_visao/kinect-orbslam-ws/build/ros2_orbslam3', 'env': OrderedDict([('LESSOPEN', '| /usr/bin/lesspipe %s'), ('LANGUAGE', 'en_US:en'), ('USER', 'henrique'), ('LC_TIME', 'pt_BR.UTF-8'), ('XDG_SESSION_TYPE', 'wayland'), ('SHLVL', '1'), ('LD_LIBRARY_PATH', '/home/henrique/ws_visao/kinect-orbslam-ws/install/ros2_orbslam3/lib:/home/henrique/ws_robotic/turtle_ws/install/kinect_ros2/lib:/home/henrique/ws_robotic/turtle_ws/install/libfreenect/lib:/home/henrique/ws_drone/keyboard-control-ros-sim/install/px4_ros_com/lib:/home/henrique/ws_drone/keyboard-control-ros-sim/install/px4_msgs/lib:/opt/ros/humble/opt/rviz_ogre_vendor/lib:/opt/ros/humble/lib/x86_64-linux-gnu:/opt/ros/humble/lib'), ('HOME', '/home/henrique'), ('OLDPWD', '/home/henrique/ws_visao/kinect-orbslam-ws/src'), ('DESKTOP_SESSION', 'ubuntu'), ('ROS_PYTHON_VERSION', '3'), ('GNOME_SHELL_SESSION_MODE', 'ubuntu'), ('GTK_MODULES', 'gail:atk-bridge'), ('LC_MONETARY', 'pt_BR.UTF-8'), ('LC_CTYPE', 'pt_BR.UTF-8'), ('SYSTEMD_EXEC_PID', '1606'), ('DBUS_SESSION_BUS_ADDRESS', 'unix:path=/run/user/1000/bus'), ('COLORTERM', 'truecolor'), ('PICO_TOOLCHAIN_PATH', '...'), ('IM_CONFIG_PHASE', '1'), ('WAYLAND_DISPLAY', 'wayland-0'), ('COLCON_PREFIX_PATH', '/home/henrique/ws_visao/kinect-orbslam-ws/install:/home/henrique/ws_robotic/turtle_ws/install:/home/henrique/ws_drone/keyboard-control-ros-sim/install'), ('ROS_DISTRO', 'humble'), ('LOGNAME', 'henrique'), ('_', '/usr/bin/colcon'), ('ROS_VERSION', '2'), ('PKG_CONFIG_PATH', '/home/henrique/ws_robotic/turtle_ws/install/libfreenect/lib/pkgconfig'), ('XDG_SESSION_CLASS', 'user'), ('USERNAME', 'henrique'), ('TERM', 'xterm-256color'), ('GNOME_DESKTOP_SESSION_ID', 'this-is-deprecated'), ('ROS_LOCALHOST_ONLY', '0'), ('PATH', '/home/henrique/ws_robotic/turtle_ws/install/libfreenect/bin:/opt/ros/humble/bin:/opt/gcc-arm-none-eabi-9-2020-q2-update/bin:/home/henrique/.local/bin:/usr/local/sbin:/usr/local/bin:/usr/sbin:/usr/bin:/sbin:/bin:/usr/games:/usr/local/games:/snap/bin:/snap/bin'), ('SESSION_MANAGER', 'local/trojam:@/tmp/.ICE-unix/1577,unix/trojam:/tmp/.ICE-unix/1577'), ('PAPERSIZE', 'a4'), ('XDG_MENU_PREFIX', 'gnome-'), ('LC_ADDRESS', 'pt_BR.UTF-8'), ('GNOME_TERMINAL_SCREEN', '/org/gnome/Terminal/screen/18058424_3bcd_4a35_bc7e_94ae3c2e695b'), ('GNOME_SETUP_DISPLAY', ':1'), ('XDG_RUNTIME_DIR', '/run/user/1000'), ('DISPLAY', ':0'), ('LANG', 'en_US.UTF-8'), ('XDG_CURRENT_DESKTOP', 'ubuntu:GNOME'), ('LC_TELEPHONE', 'pt_BR.UTF-8'), ('XMODIFIERS', '@im=ibus'), ('XDG_SESSION_DESKTOP', 'ubuntu'), ('XAUTHORITY', '/run/user/1000/.mutter-Xwaylandauth.3A1IA3'), ('LS_COLORS', 'rs=0:di=01;34:ln=01;36:mh=00:pi=40;33:so=01;35:do=01;35:bd=40;33;01:cd=40;33;01:or=40;31;01:mi=00:su=37;41:sg=30;43:ca=30;41:tw=30;42:ow=34;42:st=37;44:ex=01;32:*.tar=01;31:*.tgz=01;31:*.arc=01;31:*.arj=01;31:*.taz=01;31:*.lha=01;31:*.lz4=01;31:*.lzh=01;31:*.lzma=01;31:*.tlz=01;31:*.txz=01;31:*.tzo=01;31:*.t7z=01;31:*.zip=01;31:*.z=01;31:*.dz=01;31:*.gz=01;31:*.lrz=01;31:*.lz=01;31:*.lzo=01;31:*.xz=01;31:*.zst=01;31:*.tzst=01;31:*.bz2=01;31:*.bz=01;31:*.tbz=01;31:*.tbz2=01;31:*.tz=01;31:*.deb=01;31:*.rpm=01;31:*.jar=01;31:*.war=01;31:*.ear=01;31:*.sar=01;31:*.rar=01;31:*.alz=01;31:*.ace=01;31:*.zoo=01;31:*.cpio=01;31:*.7z=01;31:*.rz=01;31:*.cab=01;31:*.wim=01;31:*.swm=01;31:*.dwm=01;31:*.esd=01;31:*.jpg=01;35:*.jpeg=01;35:*.mjpg=01;35:*.mjpeg=01;35:*.gif=01;35:*.bmp=01;35:*.pbm=01;35:*.pgm=01;35:*.ppm=01;35:*.tga=01;35:*.xbm=01;35:*.xpm=01;35:*.tif=01;35:*.tiff=01;35:*.png=01;35:*.svg=01;35:*.svgz=01;35:*.mng=01;35:*.pcx=01;35:*.mov=01;35:*.mpg=01;35:*.mpeg=01;35:*.m2v=01;35:*.mkv=01;35:*.webm=01;35:*.webp=01;35:*.ogm=01;35:*.mp4=01;35:*.m4v=01;35:*.mp4v=01;35:*.vob=01;35:*.qt=01;35:*.nuv=01;35:*.wmv=01;35:*.asf=01;35:*.rm=01;35:*.rmvb=01;35:*.flc=01;35:*.avi=01;35:*.fli=01;35:*.flv=01;35:*.gl=01;35:*.dl=01;35:*.xcf=01;35:*.xwd=01;35:*.yuv=01;35:*.cgm=01;35:*.emf=01;35:*.ogv=01;35:*.ogx=01;35:*.aac=00;36:*.au=00;36:*.flac=00;36:*.m4a=00;36:*.mid=00;36:*.midi=00;36:*.mka=00;36:*.mp3=00;36:*.mpc=00;36:*.ogg=00;36:*.ra=00;36:*.wav=00;36:*.oga=00;36:*.opus=00;36:*.spx=00;36:*.xspf=00;36:'), ('GNOME_TERMINAL_SERVICE', ':1.109'), ('SSH_AGENT_LAUNCHER', 'gnome-keyring'), ('SSH_AUTH_SOCK', '/run/user/1000/keyring/ssh'), ('AMENT_PREFIX_PATH', '/home/henrique/ws_visao/kinect-orbslam-ws/install/ros2_orbslam3:/home/henrique/ws_robotic/turtle_ws/install/kinect_ros2:/home/henrique/ws_drone/keyboard-control-ros-sim/install/px4_ros_com:/home/henrique/ws_drone/keyboard-control-ros-sim/install/px4_control:/home/henrique/ws_drone/keyboard-control-ros-sim/install/px4_msgs:/opt/ros/humble'), ('SHELL', '/bin/bash'), ('LC_NAME', 'pt_BR.UTF-8'), ('QT_ACCESSIBILITY', '1'), ('GDMSESSION', 'ubuntu'), ('LESSCLOSE', '/usr/bin/lesspipe %s %s'), ('LC_MEASUREMENT', 'pt_BR.UTF-8'), ('LC_IDENTIFICATION', 'pt_BR.UTF-8'), ('QT_IM_MODULE', 'ibus'), ('PWD', '/home/henrique/ws_visao/kinect-orbslam-ws/build/ros2_orbslam3'), ('LC_ALL', 'en_US.UTF-8'), ('XDG_CONFIG_DIRS', '/etc/xdg/xdg-ubuntu:/etc/xdg'), ('PICO_SDK_PATH', '/home/henrique/pico-sdk'), ('XDG_DATA_DIRS', '/usr/share/ubuntu:/usr/local/share/:/usr/share/:/var/lib/snapd/desktop'), ('PYTHONPATH', '/home/henrique/ws_drone/keyboard-control-ros-sim/install/px4_ros_com/local/lib/python3.10/dist-packages:/home/henrique/ws_drone/keyboard-control-ros-sim/install/px4_control/lib/python3.10/site-packages:/home/henrique/ws_drone/keyboard-control-ros-sim/install/px4_msgs/local/lib/python3.10/dist-packages:/opt/ros/humble/lib/python3.10/site-packages:/opt/ros/humble/local/lib/python3.10/dist-packages'), ('LC_NUMERIC', 'pt_BR.UTF-8'), ('LC_PAPER', 'pt_BR.UTF-8'), ('COLCON', '1'), ('VTE_VERSION', '6800'), ('CMAKE_PREFIX_PATH', '/home/henrique/ws_visao/kinect-orbslam-ws/install/ros2_orbslam3:/home/henrique/ws_robotic/turtle_ws/install/kinect_ros2:/home/henrique/ws_robotic/turtle_ws/install/libfreenect:/home/henrique/ws_drone/keyboard-control-ros-sim/install/px4_ros_com:/home/henrique/ws_drone/keyboard-control-ros-sim/install/px4_msgs:/home/henrique/ws_drone/keyboard-control-ros-sim/install/px4_control:/opt/ros/humble')]), 'shell': False}
[0.081746] (ros2_orbslam3) StdoutLine: {'line': b'\x1b[35m\x1b[1mConsolidate compiler generated dependencies of target rgbd\x1b[0m\n'}
[0.099921] (-) TimerEvent: {}
[0.123902] (ros2_orbslam3) StdoutLine: {'line': b'[ 33%] \x1b[32mBuilding CXX object CMakeFiles/mono.dir/src/monocular/monocular-slam-node.cpp.o\x1b[0m\n'}
[0.124049] (ros2_orbslam3) StdoutLine: {'line': b'[ 66%] Built target rgbd\n'}
[0.200112] (-) TimerEvent: {}
[0.300446] (-) TimerEvent: {}
[0.400794] (-) TimerEvent: {}
[0.501144] (-) TimerEvent: {}
[0.601490] (-) TimerEvent: {}
[0.701851] (-) TimerEvent: {}
[0.802198] (-) TimerEvent: {}
[0.902562] (-) TimerEvent: {}
[1.002927] (-) TimerEvent: {}
[1.103278] (-) TimerEvent: {}
[1.203622] (-) TimerEvent: {}
[1.303951] (-) TimerEvent: {}
[1.404316] (-) TimerEvent: {}
[1.504676] (-) TimerEvent: {}
[1.605011] (-) TimerEvent: {}
[1.705380] (-) TimerEvent: {}
[1.805652] (-) TimerEvent: {}
[1.905993] (-) TimerEvent: {}
[2.006367] (-) TimerEvent: {}
[2.106696] (-) TimerEvent: {}
[2.207042] (-) TimerEvent: {}
[2.307403] (-) TimerEvent: {}
[2.407760] (-) TimerEvent: {}
[2.508034] (-) TimerEvent: {}
[2.608331] (-) TimerEvent: {}
[2.708633] (-) TimerEvent: {}
[2.808898] (-) TimerEvent: {}
[2.909134] (-) TimerEvent: {}
[3.009397] (-) TimerEvent: {}
[3.109655] (-) TimerEvent: {}
[3.209921] (-) TimerEvent: {}
[3.310170] (-) TimerEvent: {}
[3.410425] (-) TimerEvent: {}
[3.510688] (-) TimerEvent: {}
[3.610960] (-) TimerEvent: {}
[3.711218] (-) TimerEvent: {}
[3.811487] (-) TimerEvent: {}
[3.911753] (-) TimerEvent: {}
[4.012104] (-) TimerEvent: {}
[4.054494] (ros2_orbslam3) StderrLine: {'line': b'In file included from \x1b[01m\x1b[K/home/henrique/ORB_SLAM3_Modular/include/Frame.h:30\x1b[m\x1b[K,\n'}
[4.054641] (ros2_orbslam3) StderrLine: {'line': b'                 from \x1b[01m\x1b[K/home/henrique/ORB_SLAM3_Modular/include/KeyFrame.h:28\x1b[m\x1b[K,\n'}
[4.054700] (ros2_orbslam3) StderrLine: {'line': b'                 from \x1b[01m\x1b[K/home/henrique/ORB_SLAM3_Modular/include/MapPoint.h:23\x1b[m\x1b[K,\n'}
[4.054753] (ros2_orbslam3) StderrLine: {'line': b'                 from \x1b[01m\x1b[K/home/henrique/ORB_SLAM3_Modular/include/FrameDrawer.h:24\x1b[m\x1b[K,\n'}
[4.054806] (ros2_orbslam3) StderrLine: {'line': b'                 from \x1b[01m\x1b[K/home/henrique/ORB_SLAM3_Modular/include/Viewer.h:23\x1b[m\x1b[K,\n'}
[4.054857] (ros2_orbslam3) StderrLine: {'line': b'                 from \x1b[01m\x1b[K/home/henrique/ORB_SLAM3_Modular/include/Tracking.h:26\x1b[m\x1b[K,\n'}
[4.054907] (ros2_orbslam3) StderrLine: {'line': b'                 from \x1b[01m\x1b[K/home/henrique/ORB_SLAM3_Modular/include/System.h:31\x1b[m\x1b[K,\n'}
[4.054961] (ros2_orbslam3) StderrLine: {'line': b'                 from \x1b[01m\x1b[K/home/henrique/ws_visao/kinect-orbslam-ws/src/ros2_orbslam3/src/monocular/monocular-slam-node.hpp:27\x1b[m\x1b[K,\n'}
[4.055019] (ros2_orbslam3) StderrLine: {'line': b'                 from \x1b[01m\x1b[K/home/henrique/ws_visao/kinect-orbslam-ws/src/ros2_orbslam3/src/monocular/monocular-slam-node.cpp:17\x1b[m\x1b[K:\n'}
[4.055085] (ros2_orbslam3) StderrLine: {'line': b'\x1b[01m\x1b[K/home/henrique/ORB_SLAM3_Modular/include/ImuTypes.h:\x1b[m\x1b[K In member function \xe2\x80\x98\x1b[01m\x1b[Kvoid ORB_SLAM3::IMU::Preintegrated::printMeasurements() const\x1b[m\x1b[K\xe2\x80\x99:\n'}
[4.055141] (ros2_orbslam3) StderrLine: {'line': b'\x1b[01m\x1b[K/home/henrique/ORB_SLAM3_Modular/include/ImuTypes.h:204:23:\x1b[m\x1b[K \x1b[01;35m\x1b[Kwarning: \x1b[m\x1b[Kcomparison of integer expressions of different signedness: \xe2\x80\x98\x1b[01m\x1b[Kint\x1b[m\x1b[K\xe2\x80\x99 and \xe2\x80\x98\x1b[01m\x1b[Kstd::vector<ORB_SLAM3::IMU::Preintegrated::integrable>::size_type\x1b[m\x1b[K\xe2\x80\x99 {aka \xe2\x80\x98\x1b[01m\x1b[Klong unsigned int\x1b[m\x1b[K\xe2\x80\x99} [\x1b[01;35m\x1b[K\x1b]8;;https://gcc.gnu.org/onlinedocs/gcc/Warning-Options.html#index-Wsign-compare\x07-Wsign-compare\x1b]8;;\x07\x1b[m\x1b[K]\n'}
[4.055206] (ros2_orbslam3) StderrLine: {'line': b'  204 |         for(int i=0; \x1b[01;35m\x1b[Ki<mvMeasurements.size()\x1b[m\x1b[K; i++){\n'}
[4.055270] (ros2_orbslam3) StderrLine: {'line': b'      |                      \x1b[01;35m\x1b[K~^~~~~~~~~~~~~~~~~~~~~~\x1b[m\x1b[K\n'}
[4.112189] (-) TimerEvent: {}
[4.120042] (ros2_orbslam3) StderrLine: {'line': b'In file included from \x1b[01m\x1b[K/home/henrique/ORB_SLAM3_Modular/Thirdparty/g2o/g2o/types/types_six_dof_expmap.h:37\x1b[m\x1b[K,\n'}
[4.120172] (ros2_orbslam3) StderrLine: {'line': b'                 from \x1b[01m\x1b[K/home/henrique/ORB_SLAM3_Modular/include/Converter.h:26\x1b[m\x1b[K,\n'}
[4.120217] (ros2_orbslam3) StderrLine: {'line': b'                 from \x1b[01m\x1b[K/home/henrique/ORB_SLAM3_Modular/include/Frame.h:33\x1b[m\x1b[K,\n'}
[4.120254] (ros2_orbslam3) StderrLine: {'line': b'                 from \x1b[01m\x1b[K/home/henrique/ORB_SLAM3_Modular/include/KeyFrame.h:28\x1b[m\x1b[K,\n'}
[4.120293] (ros2_orbslam3) StderrLine: {'line': b'                 from \x1b[01m\x1b[K/home/henrique/ORB_SLAM3_Modular/include/MapPoint.h:23\x1b[m\x1b[K,\n'}
[4.120330] (ros2_orbslam3) StderrLine: {'line': b'                 from \x1b[01m\x1b[K/home/henrique/ORB_SLAM3_Modular/include/FrameDrawer.h:24\x1b[m\x1b[K,\n'}
[4.120366] (ros2_orbslam3) StderrLine: {'line': b'                 from \x1b[01m\x1b[K/home/henrique/ORB_SLAM3_Modular/include/Viewer.h:23\x1b[m\x1b[K,\n'}
[4.120402] (ros2_orbslam3) StderrLine: {'line': b'                 from \x1b[01m\x1b[K/home/henrique/ORB_SLAM3_Modular/include/Tracking.h:26\x1b[m\x1b[K,\n'}
[4.120437] (ros2_orbslam3) StderrLine: {'line': b'                 from \x1b[01m\x1b[K/home/henrique/ORB_SLAM3_Modular/include/System.h:31\x1b[m\x1b[K,\n'}
[4.120481] (ros2_orbslam3) StderrLine: {'line': b'                 from \x1b[01m\x1b[K/home/henrique/ws_visao/kinect-orbslam-ws/src/ros2_orbslam3/src/monocular/monocular-slam-node.hpp:27\x1b[m\x1b[K,\n'}
[4.120519] (ros2_orbslam3) StderrLine: {'line': b'                 from \x1b[01m\x1b[K/home/henrique/ws_visao/kinect-orbslam-ws/src/ros2_orbslam3/src/monocular/monocular-slam-node.cpp:17\x1b[m\x1b[K:\n'}
[4.120554] (ros2_orbslam3) StderrLine: {'line': b'\x1b[01m\x1b[K/home/henrique/ORB_SLAM3_Modular/Thirdparty/g2o/g2o/types/../core/base_vertex.h:\x1b[m\x1b[K At global scope:\n'}
[4.120590] (ros2_orbslam3) StderrLine: {'line': b'\x1b[01m\x1b[K/home/henrique/ORB_SLAM3_Modular/Thirdparty/g2o/g2o/types/../core/base_vertex.h:62:74:\x1b[m\x1b[K \x1b[01;35m\x1b[Kwarning: \x1b[m\x1b[K\xe2\x80\x98\x1b[01m\x1b[KEigen::AlignedBit\x1b[m\x1b[K\xe2\x80\x99 is deprecated [\x1b[01;35m\x1b[K\x1b]8;;https://gcc.gnu.org/onlinedocs/gcc/Warning-Options.html#index-Wdeprecated-declarations\x07-Wdeprecated-declarations\x1b]8;;\x07\x1b[m\x1b[K]\n'}
[4.120629] (ros2_orbslam3) StderrLine: {'line': b'   62 | ypedef Eigen::Map<Matrix<double, D, D>, Matrix<double,D,D>::Flags & \x1b[01;35m\x1b[KAlignedBit\x1b[m\x1b[K ? Aligned : Unaligned >  HessianBlockType;\n'}
[4.120669] (ros2_orbslam3) StderrLine: {'line': b'      |                                                                     \x1b[01;35m\x1b[K^~~~~~~~~~\x1b[m\x1b[K\n'}
[4.120704] (ros2_orbslam3) StderrLine: {'line': b'\n'}
[4.120739] (ros2_orbslam3) StderrLine: {'line': b'In file included from \x1b[01m\x1b[K/usr/include/eigen3/Eigen/Core:161\x1b[m\x1b[K,\n'}
[4.120774] (ros2_orbslam3) StderrLine: {'line': b'                 from \x1b[01m\x1b[K/usr/include/eigen3/Eigen/Dense:1\x1b[m\x1b[K,\n'}
[4.120808] (ros2_orbslam3) StderrLine: {'line': b'                 from \x1b[01m\x1b[K/home/henrique/ws_visao/kinect-orbslam-ws/src/ros2_orbslam3/src/monocular/monocular-slam-node.cpp:6\x1b[m\x1b[K:\n'}
[4.120843] (ros2_orbslam3) StderrLine: {'line': b'\x1b[01m\x1b[K/usr/include/eigen3/Eigen/src/Core/util/Constants.h:167:37:\x1b[m\x1b[K \x1b[01;36m\x1b[Knote: \x1b[m\x1b[Kdeclared here\n'}
[4.120879] (ros2_orbslam3) StderrLine: {'line': b'  167 | EIGEN_DEPRECATED const unsigned int \x1b[01;36m\x1b[KAlignedBit\x1b[m\x1b[K = 0x80;\n'}
[4.120916] (ros2_orbslam3) StderrLine: {'line': b'      |                                     \x1b[01;36m\x1b[K^~~~~~~~~~\x1b[m\x1b[K\n'}
[4.135390] (ros2_orbslam3) StderrLine: {'line': b'In file included from \x1b[01m\x1b[K/home/henrique/ORB_SLAM3_Modular/Thirdparty/g2o/g2o/types/types_six_dof_expmap.h:38\x1b[m\x1b[K,\n'}
[4.135546] (ros2_orbslam3) StderrLine: {'line': b'                 from \x1b[01m\x1b[K/home/henrique/ORB_SLAM3_Modular/include/Converter.h:26\x1b[m\x1b[K,\n'}
[4.135588] (ros2_orbslam3) StderrLine: {'line': b'                 from \x1b[01m\x1b[K/home/henrique/ORB_SLAM3_Modular/include/Frame.h:33\x1b[m\x1b[K,\n'}
[4.135625] (ros2_orbslam3) StderrLine: {'line': b'                 from \x1b[01m\x1b[K/home/henrique/ORB_SLAM3_Modular/include/KeyFrame.h:28\x1b[m\x1b[K,\n'}
[4.135661] (ros2_orbslam3) StderrLine: {'line': b'                 from \x1b[01m\x1b[K/home/henrique/ORB_SLAM3_Modular/include/MapPoint.h:23\x1b[m\x1b[K,\n'}
[4.135696] (ros2_orbslam3) StderrLine: {'line': b'                 from \x1b[01m\x1b[K/home/henrique/ORB_SLAM3_Modular/include/FrameDrawer.h:24\x1b[m\x1b[K,\n'}
[4.135732] (ros2_orbslam3) StderrLine: {'line': b'                 from \x1b[01m\x1b[K/home/henrique/ORB_SLAM3_Modular/include/Viewer.h:23\x1b[m\x1b[K,\n'}
[4.135765] (ros2_orbslam3) StderrLine: {'line': b'                 from \x1b[01m\x1b[K/home/henrique/ORB_SLAM3_Modular/include/Tracking.h:26\x1b[m\x1b[K,\n'}
[4.135799] (ros2_orbslam3) StderrLine: {'line': b'                 from \x1b[01m\x1b[K/home/henrique/ORB_SLAM3_Modular/include/System.h:31\x1b[m\x1b[K,\n'}
[4.135834] (ros2_orbslam3) StderrLine: {'line': b'                 from \x1b[01m\x1b[K/home/henrique/ws_visao/kinect-orbslam-ws/src/ros2_orbslam3/src/monocular/monocular-slam-node.hpp:27\x1b[m\x1b[K,\n'}
[4.135871] (ros2_orbslam3) StderrLine: {'line': b'                 from \x1b[01m\x1b[K/home/henrique/ws_visao/kinect-orbslam-ws/src/ros2_orbslam3/src/monocular/monocular-slam-node.cpp:17\x1b[m\x1b[K:\n'}
[4.135905] (ros2_orbslam3) StderrLine: {'line': b'\x1b[01m\x1b[K/home/henrique/ORB_SLAM3_Modular/Thirdparty/g2o/g2o/types/../core/base_binary_edge.h:59:82:\x1b[m\x1b[K \x1b[01;35m\x1b[Kwarning: \x1b[m\x1b[K\xe2\x80\x98\x1b[01m\x1b[KEigen::AlignedBit\x1b[m\x1b[K\xe2\x80\x99 is deprecated [\x1b[01;35m\x1b[K\x1b]8;;https://gcc.gnu.org/onlinedocs/gcc/Warning-Options.html#index-Wdeprecated-declarations\x07-Wdeprecated-declarations\x1b]8;;\x07\x1b[m\x1b[K]\n'}
[4.135942] (ros2_orbslam3) StderrLine: {'line': b'   59 |  Eigen::Map<Matrix<double, Di, Dj>, Matrix<double, Di, Dj>::Flags & \x1b[01;35m\x1b[KAlignedBit\x1b[m\x1b[K ? Aligned : Unaligned > HessianBlockType;\n'}
[4.135977] (ros2_orbslam3) StderrLine: {'line': b'      |                                                                     \x1b[01;35m\x1b[K^~~~~~~~~~\x1b[m\x1b[K\n'}
[4.136011] (ros2_orbslam3) StderrLine: {'line': b'\n'}
[4.136055] (ros2_orbslam3) StderrLine: {'line': b'In file included from \x1b[01m\x1b[K/usr/include/eigen3/Eigen/Core:161\x1b[m\x1b[K,\n'}
[4.136090] (ros2_orbslam3) StderrLine: {'line': b'                 from \x1b[01m\x1b[K/usr/include/eigen3/Eigen/Dense:1\x1b[m\x1b[K,\n'}
[4.136124] (ros2_orbslam3) StderrLine: {'line': b'                 from \x1b[01m\x1b[K/home/henrique/ws_visao/kinect-orbslam-ws/src/ros2_orbslam3/src/monocular/monocular-slam-node.cpp:6\x1b[m\x1b[K:\n'}
[4.136157] (ros2_orbslam3) StderrLine: {'line': b'\x1b[01m\x1b[K/usr/include/eigen3/Eigen/src/Core/util/Constants.h:167:37:\x1b[m\x1b[K \x1b[01;36m\x1b[Knote: \x1b[m\x1b[Kdeclared here\n'}
[4.136192] (ros2_orbslam3) StderrLine: {'line': b'  167 | EIGEN_DEPRECATED const unsigned int \x1b[01;36m\x1b[KAlignedBit\x1b[m\x1b[K = 0x80;\n'}
[4.136226] (ros2_orbslam3) StderrLine: {'line': b'      |                                     \x1b[01;36m\x1b[K^~~~~~~~~~\x1b[m\x1b[K\n'}
[4.136259] (ros2_orbslam3) StderrLine: {'line': b'In file included from \x1b[01m\x1b[K/home/henrique/ORB_SLAM3_Modular/Thirdparty/g2o/g2o/types/types_six_dof_expmap.h:38\x1b[m\x1b[K,\n'}
[4.136293] (ros2_orbslam3) StderrLine: {'line': b'                 from \x1b[01m\x1b[K/home/henrique/ORB_SLAM3_Modular/include/Converter.h:26\x1b[m\x1b[K,\n'}
[4.136327] (ros2_orbslam3) StderrLine: {'line': b'                 from \x1b[01m\x1b[K/home/henrique/ORB_SLAM3_Modular/include/Frame.h:33\x1b[m\x1b[K,\n'}
[4.136361] (ros2_orbslam3) StderrLine: {'line': b'                 from \x1b[01m\x1b[K/home/henrique/ORB_SLAM3_Modular/include/KeyFrame.h:28\x1b[m\x1b[K,\n'}
[4.136395] (ros2_orbslam3) StderrLine: {'line': b'                 from \x1b[01m\x1b[K/home/henrique/ORB_SLAM3_Modular/include/MapPoint.h:23\x1b[m\x1b[K,\n'}
[4.136428] (ros2_orbslam3) StderrLine: {'line': b'                 from \x1b[01m\x1b[K/home/henrique/ORB_SLAM3_Modular/include/FrameDrawer.h:24\x1b[m\x1b[K,\n'}
[4.136462] (ros2_orbslam3) StderrLine: {'line': b'                 from \x1b[01m\x1b[K/home/henrique/ORB_SLAM3_Modular/include/Viewer.h:23\x1b[m\x1b[K,\n'}
[4.136496] (ros2_orbslam3) StderrLine: {'line': b'                 from \x1b[01m\x1b[K/home/henrique/ORB_SLAM3_Modular/include/Tracking.h:26\x1b[m\x1b[K,\n'}
[4.136531] (ros2_orbslam3) StderrLine: {'line': b'                 from \x1b[01m\x1b[K/home/henrique/ORB_SLAM3_Modular/include/System.h:31\x1b[m\x1b[K,\n'}
[4.136567] (ros2_orbslam3) StderrLine: {'line': b'                 from \x1b[01m\x1b[K/home/henrique/ws_visao/kinect-orbslam-ws/src/ros2_orbslam3/src/monocular/monocular-slam-node.hpp:27\x1b[m\x1b[K,\n'}
[4.136602] (ros2_orbslam3) StderrLine: {'line': b'                 from \x1b[01m\x1b[K/home/henrique/ws_visao/kinect-orbslam-ws/src/ros2_orbslam3/src/monocular/monocular-slam-node.cpp:17\x1b[m\x1b[K:\n'}
[4.136635] (ros2_orbslam3) StderrLine: {'line': b'\x1b[01m\x1b[K/home/henrique/ORB_SLAM3_Modular/Thirdparty/g2o/g2o/types/../core/base_binary_edge.h:60:82:\x1b[m\x1b[K \x1b[01;35m\x1b[Kwarning: \x1b[m\x1b[K\xe2\x80\x98\x1b[01m\x1b[KEigen::AlignedBit\x1b[m\x1b[K\xe2\x80\x99 is deprecated [\x1b[01;35m\x1b[K\x1b]8;;https://gcc.gnu.org/onlinedocs/gcc/Warning-Options.html#index-Wdeprecated-declarations\x07-Wdeprecated-declarations\x1b]8;;\x07\x1b[m\x1b[K]\n'}
[4.136673] (ros2_orbslam3) StderrLine: {'line': b'   60 |  Eigen::Map<Matrix<double, Dj, Di>, Matrix<double, Dj, Di>::Flags & \x1b[01;35m\x1b[KAlignedBit\x1b[m\x1b[K ? Aligned : Unaligned > HessianBlockTransposedType;\n'}
[4.136708] (ros2_orbslam3) StderrLine: {'line': b'      |                                                                     \x1b[01;35m\x1b[K^~~~~~~~~~\x1b[m\x1b[K\n'}
[4.136742] (ros2_orbslam3) StderrLine: {'line': b'\n'}
[4.136776] (ros2_orbslam3) StderrLine: {'line': b'In file included from \x1b[01m\x1b[K/usr/include/eigen3/Eigen/Core:161\x1b[m\x1b[K,\n'}
[4.136811] (ros2_orbslam3) StderrLine: {'line': b'                 from \x1b[01m\x1b[K/usr/include/eigen3/Eigen/Dense:1\x1b[m\x1b[K,\n'}
[4.136845] (ros2_orbslam3) StderrLine: {'line': b'                 from \x1b[01m\x1b[K/home/henrique/ws_visao/kinect-orbslam-ws/src/ros2_orbslam3/src/monocular/monocular-slam-node.cpp:6\x1b[m\x1b[K:\n'}
[4.136881] (ros2_orbslam3) StderrLine: {'line': b'\x1b[01m\x1b[K/usr/include/eigen3/Eigen/src/Core/util/Constants.h:167:37:\x1b[m\x1b[K \x1b[01;36m\x1b[Knote: \x1b[m\x1b[Kdeclared here\n'}
[4.136915] (ros2_orbslam3) StderrLine: {'line': b'  167 | EIGEN_DEPRECATED const unsigned int \x1b[01;36m\x1b[KAlignedBit\x1b[m\x1b[K = 0x80;\n'}
[4.136949] (ros2_orbslam3) StderrLine: {'line': b'      |                                     \x1b[01;36m\x1b[K^~~~~~~~~~\x1b[m\x1b[K\n'}
[4.162557] (ros2_orbslam3) StderrLine: {'line': b'In file included from \x1b[01m\x1b[K/home/henrique/ORB_SLAM3_Modular/Thirdparty/g2o/g2o/types/types_six_dof_expmap.h:41\x1b[m\x1b[K,\n'}
[4.162688] (ros2_orbslam3) StderrLine: {'line': b'                 from \x1b[01m\x1b[K/home/henrique/ORB_SLAM3_Modular/include/Converter.h:26\x1b[m\x1b[K,\n'}
[4.162731] (ros2_orbslam3) StderrLine: {'line': b'                 from \x1b[01m\x1b[K/home/henrique/ORB_SLAM3_Modular/include/Frame.h:33\x1b[m\x1b[K,\n'}
[4.162767] (ros2_orbslam3) StderrLine: {'line': b'                 from \x1b[01m\x1b[K/home/henrique/ORB_SLAM3_Modular/include/KeyFrame.h:28\x1b[m\x1b[K,\n'}
[4.162804] (ros2_orbslam3) StderrLine: {'line': b'                 from \x1b[01m\x1b[K/home/henrique/ORB_SLAM3_Modular/include/MapPoint.h:23\x1b[m\x1b[K,\n'}
[4.162839] (ros2_orbslam3) StderrLine: {'line': b'                 from \x1b[01m\x1b[K/home/henrique/ORB_SLAM3_Modular/include/FrameDrawer.h:24\x1b[m\x1b[K,\n'}
[4.162873] (ros2_orbslam3) StderrLine: {'line': b'                 from \x1b[01m\x1b[K/home/henrique/ORB_SLAM3_Modular/include/Viewer.h:23\x1b[m\x1b[K,\n'}
[4.162908] (ros2_orbslam3) StderrLine: {'line': b'                 from \x1b[01m\x1b[K/home/henrique/ORB_SLAM3_Modular/include/Tracking.h:26\x1b[m\x1b[K,\n'}
[4.162942] (ros2_orbslam3) StderrLine: {'line': b'                 from \x1b[01m\x1b[K/home/henrique/ORB_SLAM3_Modular/include/System.h:31\x1b[m\x1b[K,\n'}
[4.162976] (ros2_orbslam3) StderrLine: {'line': b'                 from \x1b[01m\x1b[K/home/henrique/ws_visao/kinect-orbslam-ws/src/ros2_orbslam3/src/monocular/monocular-slam-node.hpp:27\x1b[m\x1b[K,\n'}
[4.163012] (ros2_orbslam3) StderrLine: {'line': b'                 from \x1b[01m\x1b[K/home/henrique/ws_visao/kinect-orbslam-ws/src/ros2_orbslam3/src/monocular/monocular-slam-node.cpp:17\x1b[m\x1b[K:\n'}
[4.163057] (ros2_orbslam3) StderrLine: {'line': b'\x1b[01m\x1b[K/home/henrique/ORB_SLAM3_Modular/Thirdparty/g2o/g2o/types/se3quat.h:43:38:\x1b[m\x1b[K \x1b[01;35m\x1b[Kwarning: \x1b[m\x1b[Kextra \xe2\x80\x98\x1b[01m\x1b[K;\x1b[m\x1b[K\xe2\x80\x99 [\x1b[01;35m\x1b[K\x1b]8;;https://gcc.gnu.org/onlinedocs/gcc/Warning-Options.html#index-Wpedantic\x07-Wpedantic\x1b]8;;\x07\x1b[m\x1b[K]\n'}
[4.163095] (ros2_orbslam3) StderrLine: {'line': b'   43 |       EIGEN_MAKE_ALIGNED_OPERATOR_NEW\x1b[01;35m\x1b[K;\x1b[m\x1b[K\n'}
[4.163139] (ros2_orbslam3) StderrLine: {'line': b'      |                                      \x1b[01;35m\x1b[K^\x1b[m\x1b[K\n'}
[4.163174] (ros2_orbslam3) StderrLine: {'line': b'      |                                      \x1b[31m\x1b[K-\x1b[m\x1b[K\n'}
[4.212284] (-) TimerEvent: {}
[4.312543] (-) TimerEvent: {}
[4.412809] (-) TimerEvent: {}
[4.416380] (ros2_orbslam3) StderrLine: {'line': b'In file included from \x1b[01m\x1b[K/home/henrique/ORB_SLAM3_Modular/Thirdparty/g2o/g2o/types/types_six_dof_expmap.h:37\x1b[m\x1b[K,\n'}
[4.416490] (ros2_orbslam3) StderrLine: {'line': b'                 from \x1b[01m\x1b[K/home/henrique/ORB_SLAM3_Modular/include/Converter.h:26\x1b[m\x1b[K,\n'}
[4.416527] (ros2_orbslam3) StderrLine: {'line': b'                 from \x1b[01m\x1b[K/home/henrique/ORB_SLAM3_Modular/include/Frame.h:33\x1b[m\x1b[K,\n'}
[4.416561] (ros2_orbslam3) StderrLine: {'line': b'                 from \x1b[01m\x1b[K/home/henrique/ORB_SLAM3_Modular/include/KeyFrame.h:28\x1b[m\x1b[K,\n'}
[4.416593] (ros2_orbslam3) StderrLine: {'line': b'                 from \x1b[01m\x1b[K/home/henrique/ORB_SLAM3_Modular/include/MapPoint.h:23\x1b[m\x1b[K,\n'}
[4.416626] (ros2_orbslam3) StderrLine: {'line': b'                 from \x1b[01m\x1b[K/home/henrique/ORB_SLAM3_Modular/include/FrameDrawer.h:24\x1b[m\x1b[K,\n'}
[4.416657] (ros2_orbslam3) StderrLine: {'line': b'                 from \x1b[01m\x1b[K/home/henrique/ORB_SLAM3_Modular/include/Viewer.h:23\x1b[m\x1b[K,\n'}
[4.416688] (ros2_orbslam3) StderrLine: {'line': b'                 from \x1b[01m\x1b[K/home/henrique/ORB_SLAM3_Modular/include/Tracking.h:26\x1b[m\x1b[K,\n'}
[4.416729] (ros2_orbslam3) StderrLine: {'line': b'                 from \x1b[01m\x1b[K/home/henrique/ORB_SLAM3_Modular/include/System.h:31\x1b[m\x1b[K,\n'}
[4.416761] (ros2_orbslam3) StderrLine: {'line': b'                 from \x1b[01m\x1b[K/home/henrique/ws_visao/kinect-orbslam-ws/src/ros2_orbslam3/src/monocular/monocular-slam-node.hpp:27\x1b[m\x1b[K,\n'}
[4.416792] (ros2_orbslam3) StderrLine: {'line': b'                 from \x1b[01m\x1b[K/home/henrique/ws_visao/kinect-orbslam-ws/src/ros2_orbslam3/src/monocular/monocular-slam-node.cpp:17\x1b[m\x1b[K:\n'}
[4.416822] (ros2_orbslam3) StderrLine: {'line': b'/home/henrique/ORB_SLAM3_Modular/Thirdparty/g2o/g2o/types/../core/base_vertex.h: In instantiation of \xe2\x80\x98\x1b[01m\x1b[Kclass g2o::BaseVertex<3, Eigen::Matrix<double, 3, 1> >\x1b[m\x1b[K\xe2\x80\x99:\n'}
[4.416854] (ros2_orbslam3) StderrLine: {'line': b'\x1b[01m\x1b[K/home/henrique/ORB_SLAM3_Modular/Thirdparty/g2o/g2o/types/types_sba.h:40:35:\x1b[m\x1b[K   required from here\n'}
[4.416885] (ros2_orbslam3) StderrLine: {'line': b'\x1b[01m\x1b[K/home/henrique/ORB_SLAM3_Modular/Thirdparty/g2o/g2o/types/../core/base_vertex.h:62:72:\x1b[m\x1b[K \x1b[01;35m\x1b[Kwarning: \x1b[m\x1b[K\xe2\x80\x98\x1b[01m\x1b[KEigen::AlignedBit\x1b[m\x1b[K\xe2\x80\x99 is deprecated [\x1b[01;35m\x1b[K\x1b]8;;https://gcc.gnu.org/onlinedocs/gcc/Warning-Options.html#index-Wdeprecated-declarations\x07-Wdeprecated-declarations\x1b]8;;\x07\x1b[m\x1b[K]\n'}
[4.416919] (ros2_orbslam3) StderrLine: {'line': b'   62 |  typedef Eigen::Map<Matrix<double, D, D>, Matrix<double,D,D>::\x1b[01;35m\x1b[KFlags & AlignedBit\x1b[m\x1b[K ? Aligned : Unaligned >  HessianBlockType;\n'}
[4.416950] (ros2_orbslam3) StderrLine: {'line': b'      |                                                               \x1b[01;35m\x1b[K~~~~~~^~~~~~~~~~~~\x1b[m\x1b[K\n'}
[4.416983] (ros2_orbslam3) StderrLine: {'line': b'\n'}
[4.417014] (ros2_orbslam3) StderrLine: {'line': b'In file included from \x1b[01m\x1b[K/usr/include/eigen3/Eigen/Core:161\x1b[m\x1b[K,\n'}
[4.417067] (ros2_orbslam3) StderrLine: {'line': b'                 from \x1b[01m\x1b[K/usr/include/eigen3/Eigen/Dense:1\x1b[m\x1b[K,\n'}
[4.417103] (ros2_orbslam3) StderrLine: {'line': b'                 from \x1b[01m\x1b[K/home/henrique/ws_visao/kinect-orbslam-ws/src/ros2_orbslam3/src/monocular/monocular-slam-node.cpp:6\x1b[m\x1b[K:\n'}
[4.417141] (ros2_orbslam3) StderrLine: {'line': b'\x1b[01m\x1b[K/usr/include/eigen3/Eigen/src/Core/util/Constants.h:167:37:\x1b[m\x1b[K \x1b[01;36m\x1b[Knote: \x1b[m\x1b[Kdeclared here\n'}
[4.417178] (ros2_orbslam3) StderrLine: {'line': b'  167 | EIGEN_DEPRECATED const unsigned int \x1b[01;36m\x1b[KAlignedBit\x1b[m\x1b[K = 0x80;\n'}
[4.417209] (ros2_orbslam3) StderrLine: {'line': b'      |                                     \x1b[01;36m\x1b[K^~~~~~~~~~\x1b[m\x1b[K\n'}
[4.436574] (ros2_orbslam3) StderrLine: {'line': b'In file included from \x1b[01m\x1b[K/home/henrique/ORB_SLAM3_Modular/Thirdparty/g2o/g2o/types/types_six_dof_expmap.h:37\x1b[m\x1b[K,\n'}
[4.436707] (ros2_orbslam3) StderrLine: {'line': b'                 from \x1b[01m\x1b[K/home/henrique/ORB_SLAM3_Modular/include/Converter.h:26\x1b[m\x1b[K,\n'}
[4.436748] (ros2_orbslam3) StderrLine: {'line': b'                 from \x1b[01m\x1b[K/home/henrique/ORB_SLAM3_Modular/include/Frame.h:33\x1b[m\x1b[K,\n'}
[4.436784] (ros2_orbslam3) StderrLine: {'line': b'                 from \x1b[01m\x1b[K/home/henrique/ORB_SLAM3_Modular/include/KeyFrame.h:28\x1b[m\x1b[K,\n'}
[4.436819] (ros2_orbslam3) StderrLine: {'line': b'                 from \x1b[01m\x1b[K/home/henrique/ORB_SLAM3_Modular/include/MapPoint.h:23\x1b[m\x1b[K,\n'}
[4.436854] (ros2_orbslam3) StderrLine: {'line': b'                 from \x1b[01m\x1b[K/home/henrique/ORB_SLAM3_Modular/include/FrameDrawer.h:24\x1b[m\x1b[K,\n'}
[4.436889] (ros2_orbslam3) StderrLine: {'line': b'                 from \x1b[01m\x1b[K/home/henrique/ORB_SLAM3_Modular/include/Viewer.h:23\x1b[m\x1b[K,\n'}
[4.436923] (ros2_orbslam3) StderrLine: {'line': b'                 from \x1b[01m\x1b[K/home/henrique/ORB_SLAM3_Modular/include/Tracking.h:26\x1b[m\x1b[K,\n'}
[4.436957] (ros2_orbslam3) StderrLine: {'line': b'                 from \x1b[01m\x1b[K/home/henrique/ORB_SLAM3_Modular/include/System.h:31\x1b[m\x1b[K,\n'}
[4.436990] (ros2_orbslam3) StderrLine: {'line': b'                 from \x1b[01m\x1b[K/home/henrique/ws_visao/kinect-orbslam-ws/src/ros2_orbslam3/src/monocular/monocular-slam-node.hpp:27\x1b[m\x1b[K,\n'}
[4.437034] (ros2_orbslam3) StderrLine: {'line': b'                 from \x1b[01m\x1b[K/home/henrique/ws_visao/kinect-orbslam-ws/src/ros2_orbslam3/src/monocular/monocular-slam-node.cpp:17\x1b[m\x1b[K:\n'}
[4.437072] (ros2_orbslam3) StderrLine: {'line': b'/home/henrique/ORB_SLAM3_Modular/Thirdparty/g2o/g2o/types/../core/base_vertex.h: In instantiation of \xe2\x80\x98\x1b[01m\x1b[Kclass g2o::BaseVertex<6, g2o::SE3Quat>\x1b[m\x1b[K\xe2\x80\x99:\n'}
[4.437107] (ros2_orbslam3) StderrLine: {'line': b'\x1b[01m\x1b[K/home/henrique/ORB_SLAM3_Modular/Thirdparty/g2o/g2o/types/types_six_dof_expmap.h:59:33:\x1b[m\x1b[K   required from here\n'}
[4.437142] (ros2_orbslam3) StderrLine: {'line': b'\x1b[01m\x1b[K/home/henrique/ORB_SLAM3_Modular/Thirdparty/g2o/g2o/types/../core/base_vertex.h:62:72:\x1b[m\x1b[K \x1b[01;35m\x1b[Kwarning: \x1b[m\x1b[K\xe2\x80\x98\x1b[01m\x1b[KEigen::AlignedBit\x1b[m\x1b[K\xe2\x80\x99 is deprecated [\x1b[01;35m\x1b[K\x1b]8;;https://gcc.gnu.org/onlinedocs/gcc/Warning-Options.html#index-Wdeprecated-declarations\x07-Wdeprecated-declarations\x1b]8;;\x07\x1b[m\x1b[K]\n'}
[4.437190] (ros2_orbslam3) StderrLine: {'line': b'   62 |  typedef Eigen::Map<Matrix<double, D, D>, Matrix<double,D,D>::\x1b[01;35m\x1b[KFlags & AlignedBit\x1b[m\x1b[K ? Aligned : Unaligned >  HessianBlockType;\n'}
[4.437222] (ros2_orbslam3) StderrLine: {'line': b'      |                                                               \x1b[01;35m\x1b[K~~~~~~^~~~~~~~~~~~\x1b[m\x1b[K\n'}
[4.437253] (ros2_orbslam3) StderrLine: {'line': b'\n'}
[4.437283] (ros2_orbslam3) StderrLine: {'line': b'In file included from \x1b[01m\x1b[K/usr/include/eigen3/Eigen/Core:161\x1b[m\x1b[K,\n'}
[4.437323] (ros2_orbslam3) StderrLine: {'line': b'                 from \x1b[01m\x1b[K/usr/include/eigen3/Eigen/Dense:1\x1b[m\x1b[K,\n'}
[4.437354] (ros2_orbslam3) StderrLine: {'line': b'                 from \x1b[01m\x1b[K/home/henrique/ws_visao/kinect-orbslam-ws/src/ros2_orbslam3/src/monocular/monocular-slam-node.cpp:6\x1b[m\x1b[K:\n'}
[4.437387] (ros2_orbslam3) StderrLine: {'line': b'\x1b[01m\x1b[K/usr/include/eigen3/Eigen/src/Core/util/Constants.h:167:37:\x1b[m\x1b[K \x1b[01;36m\x1b[Knote: \x1b[m\x1b[Kdeclared here\n'}
[4.437418] (ros2_orbslam3) StderrLine: {'line': b'  167 | EIGEN_DEPRECATED const unsigned int \x1b[01;36m\x1b[KAlignedBit\x1b[m\x1b[K = 0x80;\n'}
[4.437448] (ros2_orbslam3) StderrLine: {'line': b'      |                                     \x1b[01;36m\x1b[K^~~~~~~~~~\x1b[m\x1b[K\n'}
[4.456959] (ros2_orbslam3) StderrLine: {'line': b'In file included from \x1b[01m\x1b[K/home/henrique/ORB_SLAM3_Modular/Thirdparty/g2o/g2o/types/types_six_dof_expmap.h:38\x1b[m\x1b[K,\n'}
[4.457301] (ros2_orbslam3) StderrLine: {'line': b'                 from \x1b[01m\x1b[K/home/henrique/ORB_SLAM3_Modular/include/Converter.h:26\x1b[m\x1b[K,\n'}
[4.457366] (ros2_orbslam3) StderrLine: {'line': b'                 from \x1b[01m\x1b[K/home/henrique/ORB_SLAM3_Modular/include/Frame.h:33\x1b[m\x1b[K,\n'}
[4.457405] (ros2_orbslam3) StderrLine: {'line': b'                 from \x1b[01m\x1b[K/home/henrique/ORB_SLAM3_Modular/include/KeyFrame.h:28\x1b[m\x1b[K,\n'}
[4.457443] (ros2_orbslam3) StderrLine: {'line': b'                 from \x1b[01m\x1b[K/home/henrique/ORB_SLAM3_Modular/include/MapPoint.h:23\x1b[m\x1b[K,\n'}
[4.457479] (ros2_orbslam3) StderrLine: {'line': b'                 from \x1b[01m\x1b[K/home/henrique/ORB_SLAM3_Modular/include/FrameDrawer.h:24\x1b[m\x1b[K,\n'}
[4.457516] (ros2_orbslam3) StderrLine: {'line': b'                 from \x1b[01m\x1b[K/home/henrique/ORB_SLAM3_Modular/include/Viewer.h:23\x1b[m\x1b[K,\n'}
[4.457578] (ros2_orbslam3) StderrLine: {'line': b'                 from \x1b[01m\x1b[K/home/henrique/ORB_SLAM3_Modular/include/Tracking.h:26\x1b[m\x1b[K,\n'}
[4.457625] (ros2_orbslam3) StderrLine: {'line': b'                 from \x1b[01m\x1b[K/home/henrique/ORB_SLAM3_Modular/include/System.h:31\x1b[m\x1b[K,\n'}
[4.457676] (ros2_orbslam3) StderrLine: {'line': b'                 from \x1b[01m\x1b[K/home/henrique/ws_visao/kinect-orbslam-ws/src/ros2_orbslam3/src/monocular/monocular-slam-node.hpp:27\x1b[m\x1b[K,\n'}
[4.457715] (ros2_orbslam3) StderrLine: {'line': b'                 from \x1b[01m\x1b[K/home/henrique/ws_visao/kinect-orbslam-ws/src/ros2_orbslam3/src/monocular/monocular-slam-node.cpp:17\x1b[m\x1b[K:\n'}
[4.457763] (ros2_orbslam3) StderrLine: {'line': b'/home/henrique/ORB_SLAM3_Modular/Thirdparty/g2o/g2o/types/../core/base_binary_edge.h: In instantiation of \xe2\x80\x98\x1b[01m\x1b[Kclass g2o::BaseBinaryEdge<6, g2o::SE3Quat, g2o::VertexSE3Expmap, g2o::VertexSE3Expmap>\x1b[m\x1b[K\xe2\x80\x99:\n'}
[4.457805] (ros2_orbslam3) StderrLine: {'line': b'\x1b[01m\x1b[K/home/henrique/ORB_SLAM3_Modular/Thirdparty/g2o/g2o/types/types_six_dof_expmap.h:83:24:\x1b[m\x1b[K   required from here\n'}
[4.457843] (ros2_orbslam3) StderrLine: {'line': b'\x1b[01m\x1b[K/home/henrique/ORB_SLAM3_Modular/Thirdparty/g2o/g2o/types/../core/base_binary_edge.h:59:80:\x1b[m\x1b[K \x1b[01;35m\x1b[Kwarning: \x1b[m\x1b[K\xe2\x80\x98\x1b[01m\x1b[KEigen::AlignedBit\x1b[m\x1b[K\xe2\x80\x99 is deprecated [\x1b[01;35m\x1b[K\x1b]8;;https://gcc.gnu.org/onlinedocs/gcc/Warning-Options.html#index-Wdeprecated-declarations\x07-Wdeprecated-declarations\x1b]8;;\x07\x1b[m\x1b[K]\n'}
[4.457884] (ros2_orbslam3) StderrLine: {'line': b'   59 | ef Eigen::Map<Matrix<double, Di, Dj>, Matrix<double, Di, Dj>::\x1b[01;35m\x1b[KFlags & AlignedBit\x1b[m\x1b[K ? Aligned : Unaligned > HessianBlockType;\n'}
[4.457923] (ros2_orbslam3) StderrLine: {'line': b'      |                                                               \x1b[01;35m\x1b[K~~~~~~^~~~~~~~~~~~\x1b[m\x1b[K\n'}
[4.457960] (ros2_orbslam3) StderrLine: {'line': b'\n'}
[4.457998] (ros2_orbslam3) StderrLine: {'line': b'In file included from \x1b[01m\x1b[K/usr/include/eigen3/Eigen/Core:161\x1b[m\x1b[K,\n'}
[4.458049] (ros2_orbslam3) StderrLine: {'line': b'                 from \x1b[01m\x1b[K/usr/include/eigen3/Eigen/Dense:1\x1b[m\x1b[K,\n'}
[4.458090] (ros2_orbslam3) StderrLine: {'line': b'                 from \x1b[01m\x1b[K/home/henrique/ws_visao/kinect-orbslam-ws/src/ros2_orbslam3/src/monocular/monocular-slam-node.cpp:6\x1b[m\x1b[K:\n'}
[4.458128] (ros2_orbslam3) StderrLine: {'line': b'\x1b[01m\x1b[K/usr/include/eigen3/Eigen/src/Core/util/Constants.h:167:37:\x1b[m\x1b[K \x1b[01;36m\x1b[Knote: \x1b[m\x1b[Kdeclared here\n'}
[4.458165] (ros2_orbslam3) StderrLine: {'line': b'  167 | EIGEN_DEPRECATED const unsigned int \x1b[01;36m\x1b[KAlignedBit\x1b[m\x1b[K = 0x80;\n'}
[4.458227] (ros2_orbslam3) StderrLine: {'line': b'      |                                     \x1b[01;36m\x1b[K^~~~~~~~~~\x1b[m\x1b[K\n'}
[4.458270] (ros2_orbslam3) StderrLine: {'line': b'In file included from \x1b[01m\x1b[K/home/henrique/ORB_SLAM3_Modular/Thirdparty/g2o/g2o/types/types_six_dof_expmap.h:38\x1b[m\x1b[K,\n'}
[4.458308] (ros2_orbslam3) StderrLine: {'line': b'                 from \x1b[01m\x1b[K/home/henrique/ORB_SLAM3_Modular/include/Converter.h:26\x1b[m\x1b[K,\n'}
[4.458344] (ros2_orbslam3) StderrLine: {'line': b'                 from \x1b[01m\x1b[K/home/henrique/ORB_SLAM3_Modular/include/Frame.h:33\x1b[m\x1b[K,\n'}
[4.458380] (ros2_orbslam3) StderrLine: {'line': b'                 from \x1b[01m\x1b[K/home/henrique/ORB_SLAM3_Modular/include/KeyFrame.h:28\x1b[m\x1b[K,\n'}
[4.458414] (ros2_orbslam3) StderrLine: {'line': b'                 from \x1b[01m\x1b[K/home/henrique/ORB_SLAM3_Modular/include/MapPoint.h:23\x1b[m\x1b[K,\n'}
[4.458449] (ros2_orbslam3) StderrLine: {'line': b'                 from \x1b[01m\x1b[K/home/henrique/ORB_SLAM3_Modular/include/FrameDrawer.h:24\x1b[m\x1b[K,\n'}
[4.458483] (ros2_orbslam3) StderrLine: {'line': b'                 from \x1b[01m\x1b[K/home/henrique/ORB_SLAM3_Modular/include/Viewer.h:23\x1b[m\x1b[K,\n'}
[4.458519] (ros2_orbslam3) StderrLine: {'line': b'                 from \x1b[01m\x1b[K/home/henrique/ORB_SLAM3_Modular/include/Tracking.h:26\x1b[m\x1b[K,\n'}
[4.458554] (ros2_orbslam3) StderrLine: {'line': b'                 from \x1b[01m\x1b[K/home/henrique/ORB_SLAM3_Modular/include/System.h:31\x1b[m\x1b[K,\n'}
[4.458590] (ros2_orbslam3) StderrLine: {'line': b'                 from \x1b[01m\x1b[K/home/henrique/ws_visao/kinect-orbslam-ws/src/ros2_orbslam3/src/monocular/monocular-slam-node.hpp:27\x1b[m\x1b[K,\n'}
[4.458629] (ros2_orbslam3) StderrLine: {'line': b'                 from \x1b[01m\x1b[K/home/henrique/ws_visao/kinect-orbslam-ws/src/ros2_orbslam3/src/monocular/monocular-slam-node.cpp:17\x1b[m\x1b[K:\n'}
[4.458666] (ros2_orbslam3) StderrLine: {'line': b'\x1b[01m\x1b[K/home/henrique/ORB_SLAM3_Modular/Thirdparty/g2o/g2o/types/../core/base_binary_edge.h:60:80:\x1b[m\x1b[K \x1b[01;35m\x1b[Kwarning: \x1b[m\x1b[K\xe2\x80\x98\x1b[01m\x1b[KEigen::AlignedBit\x1b[m\x1b[K\xe2\x80\x99 is deprecated [\x1b[01;35m\x1b[K\x1b]8;;https://gcc.gnu.org/onlinedocs/gcc/Warning-Options.html#index-Wdeprecated-declarations\x07-Wdeprecated-declarations\x1b]8;;\x07\x1b[m\x1b[K]\n'}
[4.458706] (ros2_orbslam3) StderrLine: {'line': b'   60 | ef Eigen::Map<Matrix<double, Dj, Di>, Matrix<double, Dj, Di>::\x1b[01;35m\x1b[KFlags & AlignedBit\x1b[m\x1b[K ? Aligned : Unaligned > HessianBlockTransposedType;\n'}
[4.458743] (ros2_orbslam3) StderrLine: {'line': b'      |                                                               \x1b[01;35m\x1b[K~~~~~~^~~~~~~~~~~~\x1b[m\x1b[K\n'}
[4.458778] (ros2_orbslam3) StderrLine: {'line': b'\n'}
[4.458811] (ros2_orbslam3) StderrLine: {'line': b'In file included from \x1b[01m\x1b[K/usr/include/eigen3/Eigen/Core:161\x1b[m\x1b[K,\n'}
[4.458846] (ros2_orbslam3) StderrLine: {'line': b'                 from \x1b[01m\x1b[K/usr/include/eigen3/Eigen/Dense:1\x1b[m\x1b[K,\n'}
[4.458881] (ros2_orbslam3) StderrLine: {'line': b'                 from \x1b[01m\x1b[K/home/henrique/ws_visao/kinect-orbslam-ws/src/ros2_orbslam3/src/monocular/monocular-slam-node.cpp:6\x1b[m\x1b[K:\n'}
[4.458916] (ros2_orbslam3) StderrLine: {'line': b'\x1b[01m\x1b[K/usr/include/eigen3/Eigen/src/Core/util/Constants.h:167:37:\x1b[m\x1b[K \x1b[01;36m\x1b[Knote: \x1b[m\x1b[Kdeclared here\n'}
[4.458951] (ros2_orbslam3) StderrLine: {'line': b'  167 | EIGEN_DEPRECATED const unsigned int \x1b[01;36m\x1b[KAlignedBit\x1b[m\x1b[K = 0x80;\n'}
[4.458997] (ros2_orbslam3) StderrLine: {'line': b'      |                                     \x1b[01;36m\x1b[K^~~~~~~~~~\x1b[m\x1b[K\n'}
[4.502432] (ros2_orbslam3) StderrLine: {'line': b'In file included from \x1b[01m\x1b[K/home/henrique/ORB_SLAM3_Modular/Thirdparty/g2o/g2o/types/types_six_dof_expmap.h:38\x1b[m\x1b[K,\n'}
[4.502562] (ros2_orbslam3) StderrLine: {'line': b'                 from \x1b[01m\x1b[K/home/henrique/ORB_SLAM3_Modular/include/Converter.h:26\x1b[m\x1b[K,\n'}
[4.502602] (ros2_orbslam3) StderrLine: {'line': b'                 from \x1b[01m\x1b[K/home/henrique/ORB_SLAM3_Modular/include/Frame.h:33\x1b[m\x1b[K,\n'}
[4.502645] (ros2_orbslam3) StderrLine: {'line': b'                 from \x1b[01m\x1b[K/home/henrique/ORB_SLAM3_Modular/include/KeyFrame.h:28\x1b[m\x1b[K,\n'}
[4.502679] (ros2_orbslam3) StderrLine: {'line': b'                 from \x1b[01m\x1b[K/home/henrique/ORB_SLAM3_Modular/include/MapPoint.h:23\x1b[m\x1b[K,\n'}
[4.502712] (ros2_orbslam3) StderrLine: {'line': b'                 from \x1b[01m\x1b[K/home/henrique/ORB_SLAM3_Modular/include/FrameDrawer.h:24\x1b[m\x1b[K,\n'}
[4.502744] (ros2_orbslam3) StderrLine: {'line': b'                 from \x1b[01m\x1b[K/home/henrique/ORB_SLAM3_Modular/include/Viewer.h:23\x1b[m\x1b[K,\n'}
[4.502775] (ros2_orbslam3) StderrLine: {'line': b'                 from \x1b[01m\x1b[K/home/henrique/ORB_SLAM3_Modular/include/Tracking.h:26\x1b[m\x1b[K,\n'}
[4.502806] (ros2_orbslam3) StderrLine: {'line': b'                 from \x1b[01m\x1b[K/home/henrique/ORB_SLAM3_Modular/include/System.h:31\x1b[m\x1b[K,\n'}
[4.502837] (ros2_orbslam3) StderrLine: {'line': b'                 from \x1b[01m\x1b[K/home/henrique/ws_visao/kinect-orbslam-ws/src/ros2_orbslam3/src/monocular/monocular-slam-node.hpp:27\x1b[m\x1b[K,\n'}
[4.502868] (ros2_orbslam3) StderrLine: {'line': b'                 from \x1b[01m\x1b[K/home/henrique/ws_visao/kinect-orbslam-ws/src/ros2_orbslam3/src/monocular/monocular-slam-node.cpp:17\x1b[m\x1b[K:\n'}
[4.502899] (ros2_orbslam3) StderrLine: {'line': b'/home/henrique/ORB_SLAM3_Modular/Thirdparty/g2o/g2o/types/../core/base_binary_edge.h: In instantiation of \xe2\x80\x98\x1b[01m\x1b[Kclass g2o::BaseBinaryEdge<2, Eigen::Matrix<double, 2, 1>, g2o::VertexSBAPointXYZ, g2o::VertexSE3Expmap>\x1b[m\x1b[K\xe2\x80\x99:\n'}
[4.502932] (ros2_orbslam3) StderrLine: {'line': b'\x1b[01m\x1b[K/home/henrique/ORB_SLAM3_Modular/Thirdparty/g2o/g2o/types/types_six_dof_expmap.h:114:35:\x1b[m\x1b[K   required from here\n'}
[4.502964] (ros2_orbslam3) StderrLine: {'line': b'\x1b[01m\x1b[K/home/henrique/ORB_SLAM3_Modular/Thirdparty/g2o/g2o/types/../core/base_binary_edge.h:59:80:\x1b[m\x1b[K \x1b[01;35m\x1b[Kwarning: \x1b[m\x1b[K\xe2\x80\x98\x1b[01m\x1b[KEigen::AlignedBit\x1b[m\x1b[K\xe2\x80\x99 is deprecated [\x1b[01;35m\x1b[K\x1b]8;;https://gcc.gnu.org/onlinedocs/gcc/Warning-Options.html#index-Wdeprecated-declarations\x07-Wdeprecated-declarations\x1b]8;;\x07\x1b[m\x1b[K]\n'}
[4.503003] (ros2_orbslam3) StderrLine: {'line': b'   59 | ef Eigen::Map<Matrix<double, Di, Dj>, Matrix<double, Di, Dj>::\x1b[01;35m\x1b[KFlags & AlignedBit\x1b[m\x1b[K ? Aligned : Unaligned > HessianBlockType;\n'}
[4.503042] (ros2_orbslam3) StderrLine: {'line': b'      |                                                               \x1b[01;35m\x1b[K~~~~~~^~~~~~~~~~~~\x1b[m\x1b[K\n'}
[4.503085] (ros2_orbslam3) StderrLine: {'line': b'\n'}
[4.503120] (ros2_orbslam3) StderrLine: {'line': b'In file included from \x1b[01m\x1b[K/usr/include/eigen3/Eigen/Core:161\x1b[m\x1b[K,\n'}
[4.503155] (ros2_orbslam3) StderrLine: {'line': b'                 from \x1b[01m\x1b[K/usr/include/eigen3/Eigen/Dense:1\x1b[m\x1b[K,\n'}
[4.503195] (ros2_orbslam3) StderrLine: {'line': b'                 from \x1b[01m\x1b[K/home/henrique/ws_visao/kinect-orbslam-ws/src/ros2_orbslam3/src/monocular/monocular-slam-node.cpp:6\x1b[m\x1b[K:\n'}
[4.503227] (ros2_orbslam3) StderrLine: {'line': b'\x1b[01m\x1b[K/usr/include/eigen3/Eigen/src/Core/util/Constants.h:167:37:\x1b[m\x1b[K \x1b[01;36m\x1b[Knote: \x1b[m\x1b[Kdeclared here\n'}
[4.503262] (ros2_orbslam3) StderrLine: {'line': b'  167 | EIGEN_DEPRECATED const unsigned int \x1b[01;36m\x1b[KAlignedBit\x1b[m\x1b[K = 0x80;\n'}
[4.503292] (ros2_orbslam3) StderrLine: {'line': b'      |                                     \x1b[01;36m\x1b[K^~~~~~~~~~\x1b[m\x1b[K\n'}
[4.511855] (ros2_orbslam3) StderrLine: {'line': b'In file included from \x1b[01m\x1b[K/home/henrique/ORB_SLAM3_Modular/Thirdparty/g2o/g2o/types/types_six_dof_expmap.h:38\x1b[m\x1b[K,\n'}
[4.511990] (ros2_orbslam3) StderrLine: {'line': b'                 from \x1b[01m\x1b[K/home/henrique/ORB_SLAM3_Modular/include/Converter.h:26\x1b[m\x1b[K,\n'}
[4.512038] (ros2_orbslam3) StderrLine: {'line': b'                 from \x1b[01m\x1b[K/home/henrique/ORB_SLAM3_Modular/include/Frame.h:33\x1b[m\x1b[K,\n'}
[4.512077] (ros2_orbslam3) StderrLine: {'line': b'                 from \x1b[01m\x1b[K/home/henrique/ORB_SLAM3_Modular/include/KeyFrame.h:28\x1b[m\x1b[K,\n'}
[4.512119] (ros2_orbslam3) StderrLine: {'line': b'                 from \x1b[01m\x1b[K/home/henrique/ORB_SLAM3_Modular/include/MapPoint.h:23\x1b[m\x1b[K,\n'}
[4.512151] (ros2_orbslam3) StderrLine: {'line': b'                 from \x1b[01m\x1b[K/home/henrique/ORB_SLAM3_Modular/include/FrameDrawer.h:24\x1b[m\x1b[K,\n'}
[4.512183] (ros2_orbslam3) StderrLine: {'line': b'                 from \x1b[01m\x1b[K/home/henrique/ORB_SLAM3_Modular/include/Viewer.h:23\x1b[m\x1b[K,\n'}
[4.512215] (ros2_orbslam3) StderrLine: {'line': b'                 from \x1b[01m\x1b[K/home/henrique/ORB_SLAM3_Modular/include/Tracking.h:26\x1b[m\x1b[K,\n'}
[4.512246] (ros2_orbslam3) StderrLine: {'line': b'                 from \x1b[01m\x1b[K/home/henrique/ORB_SLAM3_Modular/include/System.h:31\x1b[m\x1b[K,\n'}
[4.512277] (ros2_orbslam3) StderrLine: {'line': b'                 from \x1b[01m\x1b[K/home/henrique/ws_visao/kinect-orbslam-ws/src/ros2_orbslam3/src/monocular/monocular-slam-node.hpp:27\x1b[m\x1b[K,\n'}
[4.512308] (ros2_orbslam3) StderrLine: {'line': b'                 from \x1b[01m\x1b[K/home/henrique/ws_visao/kinect-orbslam-ws/src/ros2_orbslam3/src/monocular/monocular-slam-node.cpp:17\x1b[m\x1b[K:\n'}
[4.512340] (ros2_orbslam3) StderrLine: {'line': b'\x1b[01m\x1b[K/home/henrique/ORB_SLAM3_Modular/Thirdparty/g2o/g2o/types/../core/base_binary_edge.h:60:80:\x1b[m\x1b[K \x1b[01;35m\x1b[Kwarning: \x1b[m\x1b[K\xe2\x80\x98\x1b[01m\x1b[KEigen::AlignedBit\x1b[m\x1b[K\xe2\x80\x99 is deprecated [\x1b[01;35m\x1b[K\x1b]8;;https://gcc.gnu.org/onlinedocs/gcc/Warning-Options.html#index-Wdeprecated-declarations\x07-Wdeprecated-declarations\x1b]8;;\x07\x1b[m\x1b[K]\n'}
[4.512375] (ros2_orbslam3) StderrLine: {'line': b'   60 | ef Eigen::Map<Matrix<double, Dj, Di>, Matrix<double, Dj, Di>::\x1b[01;35m\x1b[KFlags & AlignedBit\x1b[m\x1b[K ? Aligned : Unaligned > HessianBlockTransposedType;\n'}
[4.512408] (ros2_orbslam3) StderrLine: {'line': b'      |                                                               \x1b[01;35m\x1b[K~~~~~~^~~~~~~~~~~~\x1b[m\x1b[K\n'}
[4.512440] (ros2_orbslam3) StderrLine: {'line': b'\n'}
[4.512471] (ros2_orbslam3) StderrLine: {'line': b'In file included from \x1b[01m\x1b[K/usr/include/eigen3/Eigen/Core:161\x1b[m\x1b[K,\n'}
[4.512510] (ros2_orbslam3) StderrLine: {'line': b'                 from \x1b[01m\x1b[K/usr/include/eigen3/Eigen/Dense:1\x1b[m\x1b[K,\n'}
[4.512542] (ros2_orbslam3) StderrLine: {'line': b'                 from \x1b[01m\x1b[K/home/henrique/ws_visao/kinect-orbslam-ws/src/ros2_orbslam3/src/monocular/monocular-slam-node.cpp:6\x1b[m\x1b[K:\n'}
[4.512575] (ros2_orbslam3) StderrLine: {'line': b'\x1b[01m\x1b[K/usr/include/eigen3/Eigen/src/Core/util/Constants.h:167:37:\x1b[m\x1b[K \x1b[01;36m\x1b[Knote: \x1b[m\x1b[Kdeclared here\n'}
[4.512606] (ros2_orbslam3) StderrLine: {'line': b'  167 | EIGEN_DEPRECATED const unsigned int \x1b[01;36m\x1b[KAlignedBit\x1b[m\x1b[K = 0x80;\n'}
[4.512637] (ros2_orbslam3) StderrLine: {'line': b'      |                                     \x1b[01;36m\x1b[K^~~~~~~~~~\x1b[m\x1b[K\n'}
[4.512860] (-) TimerEvent: {}
[4.553434] (ros2_orbslam3) StderrLine: {'line': b'In file included from \x1b[01m\x1b[K/home/henrique/ORB_SLAM3_Modular/Thirdparty/g2o/g2o/types/types_six_dof_expmap.h:38\x1b[m\x1b[K,\n'}
[4.553579] (ros2_orbslam3) StderrLine: {'line': b'                 from \x1b[01m\x1b[K/home/henrique/ORB_SLAM3_Modular/include/Converter.h:26\x1b[m\x1b[K,\n'}
[4.553625] (ros2_orbslam3) StderrLine: {'line': b'                 from \x1b[01m\x1b[K/home/henrique/ORB_SLAM3_Modular/include/Frame.h:33\x1b[m\x1b[K,\n'}
[4.553662] (ros2_orbslam3) StderrLine: {'line': b'                 from \x1b[01m\x1b[K/home/henrique/ORB_SLAM3_Modular/include/KeyFrame.h:28\x1b[m\x1b[K,\n'}
[4.553699] (ros2_orbslam3) StderrLine: {'line': b'                 from \x1b[01m\x1b[K/home/henrique/ORB_SLAM3_Modular/include/MapPoint.h:23\x1b[m\x1b[K,\n'}
[4.553735] (ros2_orbslam3) StderrLine: {'line': b'                 from \x1b[01m\x1b[K/home/henrique/ORB_SLAM3_Modular/include/FrameDrawer.h:24\x1b[m\x1b[K,\n'}
[4.553770] (ros2_orbslam3) StderrLine: {'line': b'                 from \x1b[01m\x1b[K/home/henrique/ORB_SLAM3_Modular/include/Viewer.h:23\x1b[m\x1b[K,\n'}
[4.553806] (ros2_orbslam3) StderrLine: {'line': b'                 from \x1b[01m\x1b[K/home/henrique/ORB_SLAM3_Modular/include/Tracking.h:26\x1b[m\x1b[K,\n'}
[4.553840] (ros2_orbslam3) StderrLine: {'line': b'                 from \x1b[01m\x1b[K/home/henrique/ORB_SLAM3_Modular/include/System.h:31\x1b[m\x1b[K,\n'}
[4.553874] (ros2_orbslam3) StderrLine: {'line': b'                 from \x1b[01m\x1b[K/home/henrique/ws_visao/kinect-orbslam-ws/src/ros2_orbslam3/src/monocular/monocular-slam-node.hpp:27\x1b[m\x1b[K,\n'}
[4.553908] (ros2_orbslam3) StderrLine: {'line': b'                 from \x1b[01m\x1b[K/home/henrique/ws_visao/kinect-orbslam-ws/src/ros2_orbslam3/src/monocular/monocular-slam-node.cpp:17\x1b[m\x1b[K:\n'}
[4.553946] (ros2_orbslam3) StderrLine: {'line': b'/home/henrique/ORB_SLAM3_Modular/Thirdparty/g2o/g2o/types/../core/base_binary_edge.h: In instantiation of \xe2\x80\x98\x1b[01m\x1b[Kclass g2o::BaseBinaryEdge<3, Eigen::Matrix<double, 3, 1>, g2o::VertexSBAPointXYZ, g2o::VertexSE3Expmap>\x1b[m\x1b[K\xe2\x80\x99:\n'}
[4.553982] (ros2_orbslam3) StderrLine: {'line': b'\x1b[01m\x1b[K/home/henrique/ORB_SLAM3_Modular/Thirdparty/g2o/g2o/types/types_six_dof_expmap.h:146:41:\x1b[m\x1b[K   required from here\n'}
[4.554017] (ros2_orbslam3) StderrLine: {'line': b'\x1b[01m\x1b[K/home/henrique/ORB_SLAM3_Modular/Thirdparty/g2o/g2o/types/../core/base_binary_edge.h:59:80:\x1b[m\x1b[K \x1b[01;35m\x1b[Kwarning: \x1b[m\x1b[K\xe2\x80\x98\x1b[01m\x1b[KEigen::AlignedBit\x1b[m\x1b[K\xe2\x80\x99 is deprecated [\x1b[01;35m\x1b[K\x1b]8;;https://gcc.gnu.org/onlinedocs/gcc/Warning-Options.html#index-Wdeprecated-declarations\x07-Wdeprecated-declarations\x1b]8;;\x07\x1b[m\x1b[K]\n'}
[4.554066] (ros2_orbslam3) StderrLine: {'line': b'   59 | ef Eigen::Map<Matrix<double, Di, Dj>, Matrix<double, Di, Dj>::\x1b[01;35m\x1b[KFlags & AlignedBit\x1b[m\x1b[K ? Aligned : Unaligned > HessianBlockType;\n'}
[4.554101] (ros2_orbslam3) StderrLine: {'line': b'      |                                                               \x1b[01;35m\x1b[K~~~~~~^~~~~~~~~~~~\x1b[m\x1b[K\n'}
[4.554136] (ros2_orbslam3) StderrLine: {'line': b'\n'}
[4.554170] (ros2_orbslam3) StderrLine: {'line': b'In file included from \x1b[01m\x1b[K/usr/include/eigen3/Eigen/Core:161\x1b[m\x1b[K,\n'}
[4.554204] (ros2_orbslam3) StderrLine: {'line': b'                 from \x1b[01m\x1b[K/usr/include/eigen3/Eigen/Dense:1\x1b[m\x1b[K,\n'}
[4.554238] (ros2_orbslam3) StderrLine: {'line': b'                 from \x1b[01m\x1b[K/home/henrique/ws_visao/kinect-orbslam-ws/src/ros2_orbslam3/src/monocular/monocular-slam-node.cpp:6\x1b[m\x1b[K:\n'}
[4.554272] (ros2_orbslam3) StderrLine: {'line': b'\x1b[01m\x1b[K/usr/include/eigen3/Eigen/src/Core/util/Constants.h:167:37:\x1b[m\x1b[K \x1b[01;36m\x1b[Knote: \x1b[m\x1b[Kdeclared here\n'}
[4.554305] (ros2_orbslam3) StderrLine: {'line': b'  167 | EIGEN_DEPRECATED const unsigned int \x1b[01;36m\x1b[KAlignedBit\x1b[m\x1b[K = 0x80;\n'}
[4.554339] (ros2_orbslam3) StderrLine: {'line': b'      |                                     \x1b[01;36m\x1b[K^~~~~~~~~~\x1b[m\x1b[K\n'}
[4.554375] (ros2_orbslam3) StderrLine: {'line': b'In file included from \x1b[01m\x1b[K/home/henrique/ORB_SLAM3_Modular/Thirdparty/g2o/g2o/types/types_six_dof_expmap.h:38\x1b[m\x1b[K,\n'}
[4.554408] (ros2_orbslam3) StderrLine: {'line': b'                 from \x1b[01m\x1b[K/home/henrique/ORB_SLAM3_Modular/include/Converter.h:26\x1b[m\x1b[K,\n'}
[4.554443] (ros2_orbslam3) StderrLine: {'line': b'                 from \x1b[01m\x1b[K/home/henrique/ORB_SLAM3_Modular/include/Frame.h:33\x1b[m\x1b[K,\n'}
[4.554477] (ros2_orbslam3) StderrLine: {'line': b'                 from \x1b[01m\x1b[K/home/henrique/ORB_SLAM3_Modular/include/KeyFrame.h:28\x1b[m\x1b[K,\n'}
[4.554511] (ros2_orbslam3) StderrLine: {'line': b'                 from \x1b[01m\x1b[K/home/henrique/ORB_SLAM3_Modular/include/MapPoint.h:23\x1b[m\x1b[K,\n'}
[4.554545] (ros2_orbslam3) StderrLine: {'line': b'                 from \x1b[01m\x1b[K/home/henrique/ORB_SLAM3_Modular/include/FrameDrawer.h:24\x1b[m\x1b[K,\n'}
[4.554579] (ros2_orbslam3) StderrLine: {'line': b'                 from \x1b[01m\x1b[K/home/henrique/ORB_SLAM3_Modular/include/Viewer.h:23\x1b[m\x1b[K,\n'}
[4.554613] (ros2_orbslam3) StderrLine: {'line': b'                 from \x1b[01m\x1b[K/home/henrique/ORB_SLAM3_Modular/include/Tracking.h:26\x1b[m\x1b[K,\n'}
[4.554647] (ros2_orbslam3) StderrLine: {'line': b'                 from \x1b[01m\x1b[K/home/henrique/ORB_SLAM3_Modular/include/System.h:31\x1b[m\x1b[K,\n'}
[4.554681] (ros2_orbslam3) StderrLine: {'line': b'                 from \x1b[01m\x1b[K/home/henrique/ws_visao/kinect-orbslam-ws/src/ros2_orbslam3/src/monocular/monocular-slam-node.hpp:27\x1b[m\x1b[K,\n'}
[4.554718] (ros2_orbslam3) StderrLine: {'line': b'                 from \x1b[01m\x1b[K/home/henrique/ws_visao/kinect-orbslam-ws/src/ros2_orbslam3/src/monocular/monocular-slam-node.cpp:17\x1b[m\x1b[K:\n'}
[4.554752] (ros2_orbslam3) StderrLine: {'line': b'\x1b[01m\x1b[K/home/henrique/ORB_SLAM3_Modular/Thirdparty/g2o/g2o/types/../core/base_binary_edge.h:60:80:\x1b[m\x1b[K \x1b[01;35m\x1b[Kwarning: \x1b[m\x1b[K\xe2\x80\x98\x1b[01m\x1b[KEigen::AlignedBit\x1b[m\x1b[K\xe2\x80\x99 is deprecated [\x1b[01;35m\x1b[K\x1b]8;;https://gcc.gnu.org/onlinedocs/gcc/Warning-Options.html#index-Wdeprecated-declarations\x07-Wdeprecated-declarations\x1b]8;;\x07\x1b[m\x1b[K]\n'}
[4.554791] (ros2_orbslam3) StderrLine: {'line': b'   60 | ef Eigen::Map<Matrix<double, Dj, Di>, Matrix<double, Dj, Di>::\x1b[01;35m\x1b[KFlags & AlignedBit\x1b[m\x1b[K ? Aligned : Unaligned > HessianBlockTransposedType;\n'}
[4.554826] (ros2_orbslam3) StderrLine: {'line': b'      |                                                               \x1b[01;35m\x1b[K~~~~~~^~~~~~~~~~~~\x1b[m\x1b[K\n'}
[4.554860] (ros2_orbslam3) StderrLine: {'line': b'\n'}
[4.554894] (ros2_orbslam3) StderrLine: {'line': b'In file included from \x1b[01m\x1b[K/usr/include/eigen3/Eigen/Core:161\x1b[m\x1b[K,\n'}
[4.554928] (ros2_orbslam3) StderrLine: {'line': b'                 from \x1b[01m\x1b[K/usr/include/eigen3/Eigen/Dense:1\x1b[m\x1b[K,\n'}
[4.554961] (ros2_orbslam3) StderrLine: {'line': b'                 from \x1b[01m\x1b[K/home/henrique/ws_visao/kinect-orbslam-ws/src/ros2_orbslam3/src/monocular/monocular-slam-node.cpp:6\x1b[m\x1b[K:\n'}
[4.554996] (ros2_orbslam3) StderrLine: {'line': b'\x1b[01m\x1b[K/usr/include/eigen3/Eigen/src/Core/util/Constants.h:167:37:\x1b[m\x1b[K \x1b[01;36m\x1b[Knote: \x1b[m\x1b[Kdeclared here\n'}
[4.555034] (ros2_orbslam3) StderrLine: {'line': b'  167 | EIGEN_DEPRECATED const unsigned int \x1b[01;36m\x1b[KAlignedBit\x1b[m\x1b[K = 0x80;\n'}
[4.555072] (ros2_orbslam3) StderrLine: {'line': b'      |                                     \x1b[01;36m\x1b[K^~~~~~~~~~\x1b[m\x1b[K\n'}
[4.612998] (-) TimerEvent: {}
[4.701551] (ros2_orbslam3) StderrLine: {'line': b'In file included from \x1b[01m\x1b[K/home/henrique/ORB_SLAM3_Modular/Thirdparty/g2o/g2o/types/types_six_dof_expmap.h:37\x1b[m\x1b[K,\n'}
[4.701697] (ros2_orbslam3) StderrLine: {'line': b'                 from \x1b[01m\x1b[K/home/henrique/ORB_SLAM3_Modular/include/Converter.h:26\x1b[m\x1b[K,\n'}
[4.701743] (ros2_orbslam3) StderrLine: {'line': b'                 from \x1b[01m\x1b[K/home/henrique/ORB_SLAM3_Modular/include/Frame.h:33\x1b[m\x1b[K,\n'}
[4.701780] (ros2_orbslam3) StderrLine: {'line': b'                 from \x1b[01m\x1b[K/home/henrique/ORB_SLAM3_Modular/include/KeyFrame.h:28\x1b[m\x1b[K,\n'}
[4.701816] (ros2_orbslam3) StderrLine: {'line': b'                 from \x1b[01m\x1b[K/home/henrique/ORB_SLAM3_Modular/include/MapPoint.h:23\x1b[m\x1b[K,\n'}
[4.701851] (ros2_orbslam3) StderrLine: {'line': b'                 from \x1b[01m\x1b[K/home/henrique/ORB_SLAM3_Modular/include/FrameDrawer.h:24\x1b[m\x1b[K,\n'}
[4.701886] (ros2_orbslam3) StderrLine: {'line': b'                 from \x1b[01m\x1b[K/home/henrique/ORB_SLAM3_Modular/include/Viewer.h:23\x1b[m\x1b[K,\n'}
[4.701921] (ros2_orbslam3) StderrLine: {'line': b'                 from \x1b[01m\x1b[K/home/henrique/ORB_SLAM3_Modular/include/Tracking.h:26\x1b[m\x1b[K,\n'}
[4.701955] (ros2_orbslam3) StderrLine: {'line': b'                 from \x1b[01m\x1b[K/home/henrique/ORB_SLAM3_Modular/include/System.h:31\x1b[m\x1b[K,\n'}
[4.701990] (ros2_orbslam3) StderrLine: {'line': b'                 from \x1b[01m\x1b[K/home/henrique/ws_visao/kinect-orbslam-ws/src/ros2_orbslam3/src/monocular/monocular-slam-node.hpp:27\x1b[m\x1b[K,\n'}
[4.702035] (ros2_orbslam3) StderrLine: {'line': b'                 from \x1b[01m\x1b[K/home/henrique/ws_visao/kinect-orbslam-ws/src/ros2_orbslam3/src/monocular/monocular-slam-node.cpp:17\x1b[m\x1b[K:\n'}
[4.702072] (ros2_orbslam3) StderrLine: {'line': b'/home/henrique/ORB_SLAM3_Modular/Thirdparty/g2o/g2o/types/../core/base_vertex.h: In instantiation of \xe2\x80\x98\x1b[01m\x1b[Kclass g2o::BaseVertex<7, g2o::Sim3>\x1b[m\x1b[K\xe2\x80\x99:\n'}
[4.702108] (ros2_orbslam3) StderrLine: {'line': b'\x1b[01m\x1b[K/home/henrique/ORB_SLAM3_Modular/Thirdparty/g2o/g2o/types/types_seven_dof_expmap.h:48:35:\x1b[m\x1b[K   required from here\n'}
[4.702142] (ros2_orbslam3) StderrLine: {'line': b'\x1b[01m\x1b[K/home/henrique/ORB_SLAM3_Modular/Thirdparty/g2o/g2o/types/../core/base_vertex.h:62:72:\x1b[m\x1b[K \x1b[01;35m\x1b[Kwarning: \x1b[m\x1b[K\xe2\x80\x98\x1b[01m\x1b[KEigen::AlignedBit\x1b[m\x1b[K\xe2\x80\x99 is deprecated [\x1b[01;35m\x1b[K\x1b]8;;https://gcc.gnu.org/onlinedocs/gcc/Warning-Options.html#index-Wdeprecated-declarations\x07-Wdeprecated-declarations\x1b]8;;\x07\x1b[m\x1b[K]\n'}
[4.702185] (ros2_orbslam3) StderrLine: {'line': b'   62 |  typedef Eigen::Map<Matrix<double, D, D>, Matrix<double,D,D>::\x1b[01;35m\x1b[KFlags & AlignedBit\x1b[m\x1b[K ? Aligned : Unaligned >  HessianBlockType;\n'}
[4.702218] (ros2_orbslam3) StderrLine: {'line': b'      |                                                               \x1b[01;35m\x1b[K~~~~~~^~~~~~~~~~~~\x1b[m\x1b[K\n'}
[4.702250] (ros2_orbslam3) StderrLine: {'line': b'\n'}
[4.702281] (ros2_orbslam3) StderrLine: {'line': b'In file included from \x1b[01m\x1b[K/usr/include/eigen3/Eigen/Core:161\x1b[m\x1b[K,\n'}
[4.702312] (ros2_orbslam3) StderrLine: {'line': b'                 from \x1b[01m\x1b[K/usr/include/eigen3/Eigen/Dense:1\x1b[m\x1b[K,\n'}
[4.702344] (ros2_orbslam3) StderrLine: {'line': b'                 from \x1b[01m\x1b[K/home/henrique/ws_visao/kinect-orbslam-ws/src/ros2_orbslam3/src/monocular/monocular-slam-node.cpp:6\x1b[m\x1b[K:\n'}
[4.702375] (ros2_orbslam3) StderrLine: {'line': b'\x1b[01m\x1b[K/usr/include/eigen3/Eigen/src/Core/util/Constants.h:167:37:\x1b[m\x1b[K \x1b[01;36m\x1b[Knote: \x1b[m\x1b[Kdeclared here\n'}
[4.702406] (ros2_orbslam3) StderrLine: {'line': b'  167 | EIGEN_DEPRECATED const unsigned int \x1b[01;36m\x1b[KAlignedBit\x1b[m\x1b[K = 0x80;\n'}
[4.702437] (ros2_orbslam3) StderrLine: {'line': b'      |                                     \x1b[01;36m\x1b[K^~~~~~~~~~\x1b[m\x1b[K\n'}
[4.713121] (-) TimerEvent: {}
[4.724896] (ros2_orbslam3) StderrLine: {'line': b'In file included from \x1b[01m\x1b[K/home/henrique/ORB_SLAM3_Modular/Thirdparty/g2o/g2o/types/types_six_dof_expmap.h:38\x1b[m\x1b[K,\n'}
[4.725174] (ros2_orbslam3) StderrLine: {'line': b'                 from \x1b[01m\x1b[K/home/henrique/ORB_SLAM3_Modular/include/Converter.h:26\x1b[m\x1b[K,\n'}
[4.725256] (ros2_orbslam3) StderrLine: {'line': b'                 from \x1b[01m\x1b[K/home/henrique/ORB_SLAM3_Modular/include/Frame.h:33\x1b[m\x1b[K,\n'}
[4.725323] (ros2_orbslam3) StderrLine: {'line': b'                 from \x1b[01m\x1b[K/home/henrique/ORB_SLAM3_Modular/include/KeyFrame.h:28\x1b[m\x1b[K,\n'}
[4.725384] (ros2_orbslam3) StderrLine: {'line': b'                 from \x1b[01m\x1b[K/home/henrique/ORB_SLAM3_Modular/include/MapPoint.h:23\x1b[m\x1b[K,\n'}
[4.725449] (ros2_orbslam3) StderrLine: {'line': b'                 from \x1b[01m\x1b[K/home/henrique/ORB_SLAM3_Modular/include/FrameDrawer.h:24\x1b[m\x1b[K,\n'}
[4.725511] (ros2_orbslam3) StderrLine: {'line': b'                 from \x1b[01m\x1b[K/home/henrique/ORB_SLAM3_Modular/include/Viewer.h:23\x1b[m\x1b[K,\n'}
[4.725571] (ros2_orbslam3) StderrLine: {'line': b'                 from \x1b[01m\x1b[K/home/henrique/ORB_SLAM3_Modular/include/Tracking.h:26\x1b[m\x1b[K,\n'}
[4.725631] (ros2_orbslam3) StderrLine: {'line': b'                 from \x1b[01m\x1b[K/home/henrique/ORB_SLAM3_Modular/include/System.h:31\x1b[m\x1b[K,\n'}
[4.725688] (ros2_orbslam3) StderrLine: {'line': b'                 from \x1b[01m\x1b[K/home/henrique/ws_visao/kinect-orbslam-ws/src/ros2_orbslam3/src/monocular/monocular-slam-node.hpp:27\x1b[m\x1b[K,\n'}
[4.725745] (ros2_orbslam3) StderrLine: {'line': b'                 from \x1b[01m\x1b[K/home/henrique/ws_visao/kinect-orbslam-ws/src/ros2_orbslam3/src/monocular/monocular-slam-node.cpp:17\x1b[m\x1b[K:\n'}
[4.725803] (ros2_orbslam3) StderrLine: {'line': b'/home/henrique/ORB_SLAM3_Modular/Thirdparty/g2o/g2o/types/../core/base_binary_edge.h: In instantiation of \xe2\x80\x98\x1b[01m\x1b[Kclass g2o::BaseBinaryEdge<7, g2o::Sim3, g2o::VertexSim3Expmap, g2o::VertexSim3Expmap>\x1b[m\x1b[K\xe2\x80\x99:\n'}
[4.725863] (ros2_orbslam3) StderrLine: {'line': b'\x1b[01m\x1b[K/home/henrique/ORB_SLAM3_Modular/Thirdparty/g2o/g2o/types/types_seven_dof_expmap.h:99:27:\x1b[m\x1b[K   required from here\n'}
[4.725921] (ros2_orbslam3) StderrLine: {'line': b'\x1b[01m\x1b[K/home/henrique/ORB_SLAM3_Modular/Thirdparty/g2o/g2o/types/../core/base_binary_edge.h:59:80:\x1b[m\x1b[K \x1b[01;35m\x1b[Kwarning: \x1b[m\x1b[K\xe2\x80\x98\x1b[01m\x1b[KEigen::AlignedBit\x1b[m\x1b[K\xe2\x80\x99 is deprecated [\x1b[01;35m\x1b[K\x1b]8;;https://gcc.gnu.org/onlinedocs/gcc/Warning-Options.html#index-Wdeprecated-declarations\x07-Wdeprecated-declarations\x1b]8;;\x07\x1b[m\x1b[K]\n'}
[4.725983] (ros2_orbslam3) StderrLine: {'line': b'   59 | ef Eigen::Map<Matrix<double, Di, Dj>, Matrix<double, Di, Dj>::\x1b[01;35m\x1b[KFlags & AlignedBit\x1b[m\x1b[K ? Aligned : Unaligned > HessianBlockType;\n'}
[4.726050] (ros2_orbslam3) StderrLine: {'line': b'      |                                                               \x1b[01;35m\x1b[K~~~~~~^~~~~~~~~~~~\x1b[m\x1b[K\n'}
[4.726116] (ros2_orbslam3) StderrLine: {'line': b'\n'}
[4.726163] (ros2_orbslam3) StderrLine: {'line': b'In file included from \x1b[01m\x1b[K/usr/include/eigen3/Eigen/Core:161\x1b[m\x1b[K,\n'}
[4.726228] (ros2_orbslam3) StderrLine: {'line': b'                 from \x1b[01m\x1b[K/usr/include/eigen3/Eigen/Dense:1\x1b[m\x1b[K,\n'}
[4.726282] (ros2_orbslam3) StderrLine: {'line': b'                 from \x1b[01m\x1b[K/home/henrique/ws_visao/kinect-orbslam-ws/src/ros2_orbslam3/src/monocular/monocular-slam-node.cpp:6\x1b[m\x1b[K:\n'}
[4.726339] (ros2_orbslam3) StderrLine: {'line': b'\x1b[01m\x1b[K/usr/include/eigen3/Eigen/src/Core/util/Constants.h:167:37:\x1b[m\x1b[K \x1b[01;36m\x1b[Knote: \x1b[m\x1b[Kdeclared here\n'}
[4.726397] (ros2_orbslam3) StderrLine: {'line': b'  167 | EIGEN_DEPRECATED const unsigned int \x1b[01;36m\x1b[KAlignedBit\x1b[m\x1b[K = 0x80;\n'}
[4.726454] (ros2_orbslam3) StderrLine: {'line': b'      |                                     \x1b[01;36m\x1b[K^~~~~~~~~~\x1b[m\x1b[K\n'}
[4.726516] (ros2_orbslam3) StderrLine: {'line': b'In file included from \x1b[01m\x1b[K/home/henrique/ORB_SLAM3_Modular/Thirdparty/g2o/g2o/types/types_six_dof_expmap.h:38\x1b[m\x1b[K,\n'}
[4.726581] (ros2_orbslam3) StderrLine: {'line': b'                 from \x1b[01m\x1b[K/home/henrique/ORB_SLAM3_Modular/include/Converter.h:26\x1b[m\x1b[K,\n'}
[4.726634] (ros2_orbslam3) StderrLine: {'line': b'                 from \x1b[01m\x1b[K/home/henrique/ORB_SLAM3_Modular/include/Frame.h:33\x1b[m\x1b[K,\n'}
[4.726691] (ros2_orbslam3) StderrLine: {'line': b'                 from \x1b[01m\x1b[K/home/henrique/ORB_SLAM3_Modular/include/KeyFrame.h:28\x1b[m\x1b[K,\n'}
[4.726741] (ros2_orbslam3) StderrLine: {'line': b'                 from \x1b[01m\x1b[K/home/henrique/ORB_SLAM3_Modular/include/MapPoint.h:23\x1b[m\x1b[K,\n'}
[4.726783] (ros2_orbslam3) StderrLine: {'line': b'                 from \x1b[01m\x1b[K/home/henrique/ORB_SLAM3_Modular/include/FrameDrawer.h:24\x1b[m\x1b[K,\n'}
[4.726842] (ros2_orbslam3) StderrLine: {'line': b'                 from \x1b[01m\x1b[K/home/henrique/ORB_SLAM3_Modular/include/Viewer.h:23\x1b[m\x1b[K,\n'}
[4.726893] (ros2_orbslam3) StderrLine: {'line': b'                 from \x1b[01m\x1b[K/home/henrique/ORB_SLAM3_Modular/include/Tracking.h:26\x1b[m\x1b[K,\n'}
[4.726930] (ros2_orbslam3) StderrLine: {'line': b'                 from \x1b[01m\x1b[K/home/henrique/ORB_SLAM3_Modular/include/System.h:31\x1b[m\x1b[K,\n'}
[4.726967] (ros2_orbslam3) StderrLine: {'line': b'                 from \x1b[01m\x1b[K/home/henrique/ws_visao/kinect-orbslam-ws/src/ros2_orbslam3/src/monocular/monocular-slam-node.hpp:27\x1b[m\x1b[K,\n'}
[4.727003] (ros2_orbslam3) StderrLine: {'line': b'                 from \x1b[01m\x1b[K/home/henrique/ws_visao/kinect-orbslam-ws/src/ros2_orbslam3/src/monocular/monocular-slam-node.cpp:17\x1b[m\x1b[K:\n'}
[4.727053] (ros2_orbslam3) StderrLine: {'line': b'\x1b[01m\x1b[K/home/henrique/ORB_SLAM3_Modular/Thirdparty/g2o/g2o/types/../core/base_binary_edge.h:60:80:\x1b[m\x1b[K \x1b[01;35m\x1b[Kwarning: \x1b[m\x1b[K\xe2\x80\x98\x1b[01m\x1b[KEigen::AlignedBit\x1b[m\x1b[K\xe2\x80\x99 is deprecated [\x1b[01;35m\x1b[K\x1b]8;;https://gcc.gnu.org/onlinedocs/gcc/Warning-Options.html#index-Wdeprecated-declarations\x07-Wdeprecated-declarations\x1b]8;;\x07\x1b[m\x1b[K]\n'}
[4.727095] (ros2_orbslam3) StderrLine: {'line': b'   60 | ef Eigen::Map<Matrix<double, Dj, Di>, Matrix<double, Dj, Di>::\x1b[01;35m\x1b[KFlags & AlignedBit\x1b[m\x1b[K ? Aligned : Unaligned > HessianBlockTransposedType;\n'}
[4.727132] (ros2_orbslam3) StderrLine: {'line': b'      |                                                               \x1b[01;35m\x1b[K~~~~~~^~~~~~~~~~~~\x1b[m\x1b[K\n'}
[4.727167] (ros2_orbslam3) StderrLine: {'line': b'\n'}
[4.727209] (ros2_orbslam3) StderrLine: {'line': b'In file included from \x1b[01m\x1b[K/usr/include/eigen3/Eigen/Core:161\x1b[m\x1b[K,\n'}
[4.727271] (ros2_orbslam3) StderrLine: {'line': b'                 from \x1b[01m\x1b[K/usr/include/eigen3/Eigen/Dense:1\x1b[m\x1b[K,\n'}
[4.727328] (ros2_orbslam3) StderrLine: {'line': b'                 from \x1b[01m\x1b[K/home/henrique/ws_visao/kinect-orbslam-ws/src/ros2_orbslam3/src/monocular/monocular-slam-node.cpp:6\x1b[m\x1b[K:\n'}
[4.727371] (ros2_orbslam3) StderrLine: {'line': b'\x1b[01m\x1b[K/usr/include/eigen3/Eigen/src/Core/util/Constants.h:167:37:\x1b[m\x1b[K \x1b[01;36m\x1b[Knote: \x1b[m\x1b[Kdeclared here\n'}
[4.727409] (ros2_orbslam3) StderrLine: {'line': b'  167 | EIGEN_DEPRECATED const unsigned int \x1b[01;36m\x1b[KAlignedBit\x1b[m\x1b[K = 0x80;\n'}
[4.727462] (ros2_orbslam3) StderrLine: {'line': b'      |                                     \x1b[01;36m\x1b[K^~~~~~~~~~\x1b[m\x1b[K\n'}
[4.755665] (ros2_orbslam3) StderrLine: {'line': b'In file included from \x1b[01m\x1b[K/home/henrique/ORB_SLAM3_Modular/Thirdparty/g2o/g2o/types/types_six_dof_expmap.h:38\x1b[m\x1b[K,\n'}
[4.755799] (ros2_orbslam3) StderrLine: {'line': b'                 from \x1b[01m\x1b[K/home/henrique/ORB_SLAM3_Modular/include/Converter.h:26\x1b[m\x1b[K,\n'}
[4.755854] (ros2_orbslam3) StderrLine: {'line': b'                 from \x1b[01m\x1b[K/home/henrique/ORB_SLAM3_Modular/include/Frame.h:33\x1b[m\x1b[K,\n'}
[4.755893] (ros2_orbslam3) StderrLine: {'line': b'                 from \x1b[01m\x1b[K/home/henrique/ORB_SLAM3_Modular/include/KeyFrame.h:28\x1b[m\x1b[K,\n'}
[4.755930] (ros2_orbslam3) StderrLine: {'line': b'                 from \x1b[01m\x1b[K/home/henrique/ORB_SLAM3_Modular/include/MapPoint.h:23\x1b[m\x1b[K,\n'}
[4.755966] (ros2_orbslam3) StderrLine: {'line': b'                 from \x1b[01m\x1b[K/home/henrique/ORB_SLAM3_Modular/include/FrameDrawer.h:24\x1b[m\x1b[K,\n'}
[4.756000] (ros2_orbslam3) StderrLine: {'line': b'                 from \x1b[01m\x1b[K/home/henrique/ORB_SLAM3_Modular/include/Viewer.h:23\x1b[m\x1b[K,\n'}
[4.756044] (ros2_orbslam3) StderrLine: {'line': b'                 from \x1b[01m\x1b[K/home/henrique/ORB_SLAM3_Modular/include/Tracking.h:26\x1b[m\x1b[K,\n'}
[4.756079] (ros2_orbslam3) StderrLine: {'line': b'                 from \x1b[01m\x1b[K/home/henrique/ORB_SLAM3_Modular/include/System.h:31\x1b[m\x1b[K,\n'}
[4.756114] (ros2_orbslam3) StderrLine: {'line': b'                 from \x1b[01m\x1b[K/home/henrique/ws_visao/kinect-orbslam-ws/src/ros2_orbslam3/src/monocular/monocular-slam-node.hpp:27\x1b[m\x1b[K,\n'}
[4.756165] (ros2_orbslam3) StderrLine: {'line': b'                 from \x1b[01m\x1b[K/home/henrique/ws_visao/kinect-orbslam-ws/src/ros2_orbslam3/src/monocular/monocular-slam-node.cpp:17\x1b[m\x1b[K:\n'}
[4.756215] (ros2_orbslam3) StderrLine: {'line': b'/home/henrique/ORB_SLAM3_Modular/Thirdparty/g2o/g2o/types/../core/base_binary_edge.h: In instantiation of \xe2\x80\x98\x1b[01m\x1b[Kclass g2o::BaseBinaryEdge<2, Eigen::Matrix<double, 2, 1>, g2o::VertexSBAPointXYZ, g2o::VertexSim3Expmap>\x1b[m\x1b[K\xe2\x80\x99:\n'}
[4.756253] (ros2_orbslam3) StderrLine: {'line': b'\x1b[01m\x1b[K/home/henrique/ORB_SLAM3_Modular/Thirdparty/g2o/g2o/types/types_seven_dof_expmap.h:130:36:\x1b[m\x1b[K   required from here\n'}
[4.756289] (ros2_orbslam3) StderrLine: {'line': b'\x1b[01m\x1b[K/home/henrique/ORB_SLAM3_Modular/Thirdparty/g2o/g2o/types/../core/base_binary_edge.h:59:80:\x1b[m\x1b[K \x1b[01;35m\x1b[Kwarning: \x1b[m\x1b[K\xe2\x80\x98\x1b[01m\x1b[KEigen::AlignedBit\x1b[m\x1b[K\xe2\x80\x99 is deprecated [\x1b[01;35m\x1b[K\x1b]8;;https://gcc.gnu.org/onlinedocs/gcc/Warning-Options.html#index-Wdeprecated-declarations\x07-Wdeprecated-declarations\x1b]8;;\x07\x1b[m\x1b[K]\n'}
[4.756328] (ros2_orbslam3) StderrLine: {'line': b'   59 | ef Eigen::Map<Matrix<double, Di, Dj>, Matrix<double, Di, Dj>::\x1b[01;35m\x1b[KFlags & AlignedBit\x1b[m\x1b[K ? Aligned : Unaligned > HessianBlockType;\n'}
[4.756363] (ros2_orbslam3) StderrLine: {'line': b'      |                                                               \x1b[01;35m\x1b[K~~~~~~^~~~~~~~~~~~\x1b[m\x1b[K\n'}
[4.756398] (ros2_orbslam3) StderrLine: {'line': b'\n'}
[4.756433] (ros2_orbslam3) StderrLine: {'line': b'In file included from \x1b[01m\x1b[K/usr/include/eigen3/Eigen/Core:161\x1b[m\x1b[K,\n'}
[4.756469] (ros2_orbslam3) StderrLine: {'line': b'                 from \x1b[01m\x1b[K/usr/include/eigen3/Eigen/Dense:1\x1b[m\x1b[K,\n'}
[4.756505] (ros2_orbslam3) StderrLine: {'line': b'                 from \x1b[01m\x1b[K/home/henrique/ws_visao/kinect-orbslam-ws/src/ros2_orbslam3/src/monocular/monocular-slam-node.cpp:6\x1b[m\x1b[K:\n'}
[4.756542] (ros2_orbslam3) StderrLine: {'line': b'\x1b[01m\x1b[K/usr/include/eigen3/Eigen/src/Core/util/Constants.h:167:37:\x1b[m\x1b[K \x1b[01;36m\x1b[Knote: \x1b[m\x1b[Kdeclared here\n'}
[4.756580] (ros2_orbslam3) StderrLine: {'line': b'  167 | EIGEN_DEPRECATED const unsigned int \x1b[01;36m\x1b[KAlignedBit\x1b[m\x1b[K = 0x80;\n'}
[4.756621] (ros2_orbslam3) StderrLine: {'line': b'      |                                     \x1b[01;36m\x1b[K^~~~~~~~~~\x1b[m\x1b[K\n'}
[4.765629] (ros2_orbslam3) StderrLine: {'line': b'In file included from \x1b[01m\x1b[K/home/henrique/ORB_SLAM3_Modular/Thirdparty/g2o/g2o/types/types_six_dof_expmap.h:38\x1b[m\x1b[K,\n'}
[4.765757] (ros2_orbslam3) StderrLine: {'line': b'                 from \x1b[01m\x1b[K/home/henrique/ORB_SLAM3_Modular/include/Converter.h:26\x1b[m\x1b[K,\n'}
[4.765795] (ros2_orbslam3) StderrLine: {'line': b'                 from \x1b[01m\x1b[K/home/henrique/ORB_SLAM3_Modular/include/Frame.h:33\x1b[m\x1b[K,\n'}
[4.765837] (ros2_orbslam3) StderrLine: {'line': b'                 from \x1b[01m\x1b[K/home/henrique/ORB_SLAM3_Modular/include/KeyFrame.h:28\x1b[m\x1b[K,\n'}
[4.765870] (ros2_orbslam3) StderrLine: {'line': b'                 from \x1b[01m\x1b[K/home/henrique/ORB_SLAM3_Modular/include/MapPoint.h:23\x1b[m\x1b[K,\n'}
[4.765902] (ros2_orbslam3) StderrLine: {'line': b'                 from \x1b[01m\x1b[K/home/henrique/ORB_SLAM3_Modular/include/FrameDrawer.h:24\x1b[m\x1b[K,\n'}
[4.765933] (ros2_orbslam3) StderrLine: {'line': b'                 from \x1b[01m\x1b[K/home/henrique/ORB_SLAM3_Modular/include/Viewer.h:23\x1b[m\x1b[K,\n'}
[4.765964] (ros2_orbslam3) StderrLine: {'line': b'                 from \x1b[01m\x1b[K/home/henrique/ORB_SLAM3_Modular/include/Tracking.h:26\x1b[m\x1b[K,\n'}
[4.765995] (ros2_orbslam3) StderrLine: {'line': b'                 from \x1b[01m\x1b[K/home/henrique/ORB_SLAM3_Modular/include/System.h:31\x1b[m\x1b[K,\n'}
[4.766033] (ros2_orbslam3) StderrLine: {'line': b'                 from \x1b[01m\x1b[K/home/henrique/ws_visao/kinect-orbslam-ws/src/ros2_orbslam3/src/monocular/monocular-slam-node.hpp:27\x1b[m\x1b[K,\n'}
[4.766080] (ros2_orbslam3) StderrLine: {'line': b'                 from \x1b[01m\x1b[K/home/henrique/ws_visao/kinect-orbslam-ws/src/ros2_orbslam3/src/monocular/monocular-slam-node.cpp:17\x1b[m\x1b[K:\n'}
[4.766114] (ros2_orbslam3) StderrLine: {'line': b'\x1b[01m\x1b[K/home/henrique/ORB_SLAM3_Modular/Thirdparty/g2o/g2o/types/../core/base_binary_edge.h:60:80:\x1b[m\x1b[K \x1b[01;35m\x1b[Kwarning: \x1b[m\x1b[K\xe2\x80\x98\x1b[01m\x1b[KEigen::AlignedBit\x1b[m\x1b[K\xe2\x80\x99 is deprecated [\x1b[01;35m\x1b[K\x1b]8;;https://gcc.gnu.org/onlinedocs/gcc/Warning-Options.html#index-Wdeprecated-declarations\x07-Wdeprecated-declarations\x1b]8;;\x07\x1b[m\x1b[K]\n'}
[4.766156] (ros2_orbslam3) StderrLine: {'line': b'   60 | ef Eigen::Map<Matrix<double, Dj, Di>, Matrix<double, Dj, Di>::\x1b[01;35m\x1b[KFlags & AlignedBit\x1b[m\x1b[K ? Aligned : Unaligned > HessianBlockTransposedType;\n'}
[4.766190] (ros2_orbslam3) StderrLine: {'line': b'      |                                                               \x1b[01;35m\x1b[K~~~~~~^~~~~~~~~~~~\x1b[m\x1b[K\n'}
[4.766222] (ros2_orbslam3) StderrLine: {'line': b'\n'}
[4.766252] (ros2_orbslam3) StderrLine: {'line': b'In file included from \x1b[01m\x1b[K/usr/include/eigen3/Eigen/Core:161\x1b[m\x1b[K,\n'}
[4.766282] (ros2_orbslam3) StderrLine: {'line': b'                 from \x1b[01m\x1b[K/usr/include/eigen3/Eigen/Dense:1\x1b[m\x1b[K,\n'}
[4.766313] (ros2_orbslam3) StderrLine: {'line': b'                 from \x1b[01m\x1b[K/home/henrique/ws_visao/kinect-orbslam-ws/src/ros2_orbslam3/src/monocular/monocular-slam-node.cpp:6\x1b[m\x1b[K:\n'}
[4.766343] (ros2_orbslam3) StderrLine: {'line': b'\x1b[01m\x1b[K/usr/include/eigen3/Eigen/src/Core/util/Constants.h:167:37:\x1b[m\x1b[K \x1b[01;36m\x1b[Knote: \x1b[m\x1b[Kdeclared here\n'}
[4.766374] (ros2_orbslam3) StderrLine: {'line': b'  167 | EIGEN_DEPRECATED const unsigned int \x1b[01;36m\x1b[KAlignedBit\x1b[m\x1b[K = 0x80;\n'}
[4.766405] (ros2_orbslam3) StderrLine: {'line': b'      |                                     \x1b[01;36m\x1b[K^~~~~~~~~~\x1b[m\x1b[K\n'}
[4.813319] (-) TimerEvent: {}
[4.913677] (-) TimerEvent: {}
[5.014042] (-) TimerEvent: {}
[5.114401] (-) TimerEvent: {}
[5.164477] (ros2_orbslam3) StderrLine: {'line': b'In file included from \x1b[01m\x1b[K/home/henrique/ORB_SLAM3_Modular/include/Atlas.h:26\x1b[m\x1b[K,\n'}
[5.164611] (ros2_orbslam3) StderrLine: {'line': b'                 from \x1b[01m\x1b[K/home/henrique/ORB_SLAM3_Modular/include/FrameDrawer.h:25\x1b[m\x1b[K,\n'}
[5.164652] (ros2_orbslam3) StderrLine: {'line': b'                 from \x1b[01m\x1b[K/home/henrique/ORB_SLAM3_Modular/include/Viewer.h:23\x1b[m\x1b[K,\n'}
[5.164685] (ros2_orbslam3) StderrLine: {'line': b'                 from \x1b[01m\x1b[K/home/henrique/ORB_SLAM3_Modular/include/Tracking.h:26\x1b[m\x1b[K,\n'}
[5.164729] (ros2_orbslam3) StderrLine: {'line': b'                 from \x1b[01m\x1b[K/home/henrique/ORB_SLAM3_Modular/include/System.h:31\x1b[m\x1b[K,\n'}
[5.164761] (ros2_orbslam3) StderrLine: {'line': b'                 from \x1b[01m\x1b[K/home/henrique/ws_visao/kinect-orbslam-ws/src/ros2_orbslam3/src/monocular/monocular-slam-node.hpp:27\x1b[m\x1b[K,\n'}
[5.164794] (ros2_orbslam3) StderrLine: {'line': b'                 from \x1b[01m\x1b[K/home/henrique/ws_visao/kinect-orbslam-ws/src/ros2_orbslam3/src/monocular/monocular-slam-node.cpp:17\x1b[m\x1b[K:\n'}
[5.164824] (ros2_orbslam3) StderrLine: {'line': b'\x1b[01m\x1b[K/home/henrique/ORB_SLAM3_Modular/include/CameraModels/Pinhole.h:\x1b[m\x1b[K In member function \xe2\x80\x98\x1b[01m\x1b[Kvirtual bool ORB_SLAM3::Pinhole::matchAndtriangulate(const cv::KeyPoint&, const cv::KeyPoint&, ORB_SLAM3::GeometricCamera*, Sophus::SE3f&, Sophus::SE3f&, float, float, Eigen::Vector3f&)\x1b[m\x1b[K\xe2\x80\x99:\n'}
[5.164858] (ros2_orbslam3) StderrLine: {'line': b'\x1b[01m\x1b[K/home/henrique/ORB_SLAM3_Modular/include/CameraModels/Pinhole.h:83:54:\x1b[m\x1b[K \x1b[01;35m\x1b[Kwarning: \x1b[m\x1b[Kunused parameter \xe2\x80\x98\x1b[01m\x1b[Kkp1\x1b[m\x1b[K\xe2\x80\x99 [\x1b[01;35m\x1b[K\x1b]8;;https://gcc.gnu.org/onlinedocs/gcc/Warning-Options.html#index-Wunused-parameter\x07-Wunused-parameter\x1b]8;;\x07\x1b[m\x1b[K]\n'}
[5.164891] (ros2_orbslam3) StderrLine: {'line': b'   83 |         bool matchAndtriangulate(\x1b[01;35m\x1b[Kconst cv::KeyPoint& kp1\x1b[m\x1b[K, const cv::KeyPoint& kp2, GeometricCamera* pOther,\n'}
[5.164922] (ros2_orbslam3) StderrLine: {'line': b'      |                                  \x1b[01;35m\x1b[K~~~~~~~~~~~~~~~~~~~~^~~\x1b[m\x1b[K\n'}
[5.164952] (ros2_orbslam3) StderrLine: {'line': b'\x1b[01m\x1b[K/home/henrique/ORB_SLAM3_Modular/include/CameraModels/Pinhole.h:83:79:\x1b[m\x1b[K \x1b[01;35m\x1b[Kwarning: \x1b[m\x1b[Kunused parameter \xe2\x80\x98\x1b[01m\x1b[Kkp2\x1b[m\x1b[K\xe2\x80\x99 [\x1b[01;35m\x1b[K\x1b]8;;https://gcc.gnu.org/onlinedocs/gcc/Warning-Options.html#index-Wunused-parameter\x07-Wunused-parameter\x1b]8;;\x07\x1b[m\x1b[K]\n'}
[5.164988] (ros2_orbslam3) StderrLine: {'line': b'   83 | ol matchAndtriangulate(const cv::KeyPoint& kp1, \x1b[01;35m\x1b[Kconst cv::KeyPoint& kp2\x1b[m\x1b[K, GeometricCamera* pOther,\n'}
[5.165046] (ros2_orbslam3) StderrLine: {'line': b'      |                                                 \x1b[01;35m\x1b[K~~~~~~~~~~~~~~~~~~~~^~~\x1b[m\x1b[K\n'}
[5.165082] (ros2_orbslam3) StderrLine: {'line': b'\n'}
[5.165115] (ros2_orbslam3) StderrLine: {'line': b'\x1b[01m\x1b[K/home/henrique/ORB_SLAM3_Modular/include/CameraModels/Pinhole.h:83:101:\x1b[m\x1b[K \x1b[01;35m\x1b[Kwarning: \x1b[m\x1b[Kunused parameter \xe2\x80\x98\x1b[01m\x1b[KpOther\x1b[m\x1b[K\xe2\x80\x99 [\x1b[01;35m\x1b[K\x1b]8;;https://gcc.gnu.org/onlinedocs/gcc/Warning-Options.html#index-Wunused-parameter\x07-Wunused-parameter\x1b]8;;\x07\x1b[m\x1b[K]\n'}
[5.165305] (ros2_orbslam3) StderrLine: {'line': b'   83 | late(const cv::KeyPoint& kp1, const cv::KeyPoint& kp2, \x1b[01;35m\x1b[KGeometricCamera* pOther\x1b[m\x1b[K,\n'}
[5.165344] (ros2_orbslam3) StderrLine: {'line': b'      |                                                        \x1b[01;35m\x1b[K~~~~~~~~~~~~~~~~~^~~~~~\x1b[m\x1b[K\n'}
[5.165381] (ros2_orbslam3) StderrLine: {'line': b'\n'}
[5.165417] (ros2_orbslam3) StderrLine: {'line': b'\x1b[01m\x1b[K/home/henrique/ORB_SLAM3_Modular/include/CameraModels/Pinhole.h:84:48:\x1b[m\x1b[K \x1b[01;35m\x1b[Kwarning: \x1b[m\x1b[Kunused parameter \xe2\x80\x98\x1b[01m\x1b[KTcw1\x1b[m\x1b[K\xe2\x80\x99 [\x1b[01;35m\x1b[K\x1b]8;;https://gcc.gnu.org/onlinedocs/gcc/Warning-Options.html#index-Wunused-parameter\x07-Wunused-parameter\x1b]8;;\x07\x1b[m\x1b[K]\n'}
[5.165461] (ros2_orbslam3) StderrLine: {'line': b'   84 |                                  \x1b[01;35m\x1b[KSophus::SE3f& Tcw1\x1b[m\x1b[K, Sophus::SE3f& Tcw2,\n'}
[5.165496] (ros2_orbslam3) StderrLine: {'line': b'      |                                  \x1b[01;35m\x1b[K~~~~~~~~~~~~~~^~~~\x1b[m\x1b[K\n'}
[5.165590] (ros2_orbslam3) StderrLine: {'line': b'\x1b[01m\x1b[K/home/henrique/ORB_SLAM3_Modular/include/CameraModels/Pinhole.h:84:68:\x1b[m\x1b[K \x1b[01;35m\x1b[Kwarning: \x1b[m\x1b[Kunused parameter \xe2\x80\x98\x1b[01m\x1b[KTcw2\x1b[m\x1b[K\xe2\x80\x99 [\x1b[01;35m\x1b[K\x1b]8;;https://gcc.gnu.org/onlinedocs/gcc/Warning-Options.html#index-Wunused-parameter\x07-Wunused-parameter\x1b]8;;\x07\x1b[m\x1b[K]\n'}
[5.165631] (ros2_orbslam3) StderrLine: {'line': b'   84 |                                  Sophus::SE3f& Tcw1, \x1b[01;35m\x1b[KSophus::SE3f& Tcw2\x1b[m\x1b[K,\n'}
[5.165668] (ros2_orbslam3) StderrLine: {'line': b'      |                                                      \x1b[01;35m\x1b[K~~~~~~~~~~~~~~^~~~\x1b[m\x1b[K\n'}
[5.165705] (ros2_orbslam3) StderrLine: {'line': b'\x1b[01m\x1b[K/home/henrique/ORB_SLAM3_Modular/include/CameraModels/Pinhole.h:85:46:\x1b[m\x1b[K \x1b[01;35m\x1b[Kwarning: \x1b[m\x1b[Kunused parameter \xe2\x80\x98\x1b[01m\x1b[KsigmaLevel1\x1b[m\x1b[K\xe2\x80\x99 [\x1b[01;35m\x1b[K\x1b]8;;https://gcc.gnu.org/onlinedocs/gcc/Warning-Options.html#index-Wunused-parameter\x07-Wunused-parameter\x1b]8;;\x07\x1b[m\x1b[K]\n'}
[5.165743] (ros2_orbslam3) StderrLine: {'line': b'   85 |                                  \x1b[01;35m\x1b[Kconst float sigmaLevel1\x1b[m\x1b[K, const float sigmaLevel2,\n'}
[5.165779] (ros2_orbslam3) StderrLine: {'line': b'      |                                  \x1b[01;35m\x1b[K~~~~~~~~~~~~^~~~~~~~~~~\x1b[m\x1b[K\n'}
[5.165814] (ros2_orbslam3) StderrLine: {'line': b'\x1b[01m\x1b[K/home/henrique/ORB_SLAM3_Modular/include/CameraModels/Pinhole.h:85:71:\x1b[m\x1b[K \x1b[01;35m\x1b[Kwarning: \x1b[m\x1b[Kunused parameter \xe2\x80\x98\x1b[01m\x1b[KsigmaLevel2\x1b[m\x1b[K\xe2\x80\x99 [\x1b[01;35m\x1b[K\x1b]8;;https://gcc.gnu.org/onlinedocs/gcc/Warning-Options.html#index-Wunused-parameter\x07-Wunused-parameter\x1b]8;;\x07\x1b[m\x1b[K]\n'}
[5.165854] (ros2_orbslam3) StderrLine: {'line': b'   85 |                                const float sigmaLevel1, \x1b[01;35m\x1b[Kconst float sigmaLevel2\x1b[m\x1b[K,\n'}
[5.165890] (ros2_orbslam3) StderrLine: {'line': b'      |                                                         \x1b[01;35m\x1b[K~~~~~~~~~~~~^~~~~~~~~~~\x1b[m\x1b[K\n'}
[5.165926] (ros2_orbslam3) StderrLine: {'line': b'\n'}
[5.165963] (ros2_orbslam3) StderrLine: {'line': b'\x1b[01m\x1b[K/home/henrique/ORB_SLAM3_Modular/include/CameraModels/Pinhole.h:86:51:\x1b[m\x1b[K \x1b[01;35m\x1b[Kwarning: \x1b[m\x1b[Kunused parameter \xe2\x80\x98\x1b[01m\x1b[Kx3Dtriangulated\x1b[m\x1b[K\xe2\x80\x99 [\x1b[01;35m\x1b[K\x1b]8;;https://gcc.gnu.org/onlinedocs/gcc/Warning-Options.html#index-Wunused-parameter\x07-Wunused-parameter\x1b]8;;\x07\x1b[m\x1b[K]\n'}
[5.166000] (ros2_orbslam3) StderrLine: {'line': b'   86 |                                  \x1b[01;35m\x1b[KEigen::Vector3f& x3Dtriangulated\x1b[m\x1b[K) { return false;}\n'}
[5.166045] (ros2_orbslam3) StderrLine: {'line': b'      |                                  \x1b[01;35m\x1b[K~~~~~~~~~~~~~~~~~^~~~~~~~~~~~~~~\x1b[m\x1b[K\n'}
[5.166083] (ros2_orbslam3) StderrLine: {'line': b'In file included from \x1b[01m\x1b[K/home/henrique/ORB_SLAM3_Modular/include/Atlas.h:27\x1b[m\x1b[K,\n'}
[5.166119] (ros2_orbslam3) StderrLine: {'line': b'                 from \x1b[01m\x1b[K/home/henrique/ORB_SLAM3_Modular/include/FrameDrawer.h:25\x1b[m\x1b[K,\n'}
[5.166157] (ros2_orbslam3) StderrLine: {'line': b'                 from \x1b[01m\x1b[K/home/henrique/ORB_SLAM3_Modular/include/Viewer.h:23\x1b[m\x1b[K,\n'}
[5.166195] (ros2_orbslam3) StderrLine: {'line': b'                 from \x1b[01m\x1b[K/home/henrique/ORB_SLAM3_Modular/include/Tracking.h:26\x1b[m\x1b[K,\n'}
[5.166231] (ros2_orbslam3) StderrLine: {'line': b'                 from \x1b[01m\x1b[K/home/henrique/ORB_SLAM3_Modular/include/System.h:31\x1b[m\x1b[K,\n'}
[5.166266] (ros2_orbslam3) StderrLine: {'line': b'                 from \x1b[01m\x1b[K/home/henrique/ws_visao/kinect-orbslam-ws/src/ros2_orbslam3/src/monocular/monocular-slam-node.hpp:27\x1b[m\x1b[K,\n'}
[5.166302] (ros2_orbslam3) StderrLine: {'line': b'                 from \x1b[01m\x1b[K/home/henrique/ws_visao/kinect-orbslam-ws/src/ros2_orbslam3/src/monocular/monocular-slam-node.cpp:17\x1b[m\x1b[K:\n'}
[5.166382] (ros2_orbslam3) StderrLine: {'line': b'\x1b[01m\x1b[K/home/henrique/ORB_SLAM3_Modular/include/CameraModels/KannalaBrandt8.h:\x1b[m\x1b[K In constructor \xe2\x80\x98\x1b[01m\x1b[KORB_SLAM3::KannalaBrandt8::KannalaBrandt8(std::vector<float>)\x1b[m\x1b[K\xe2\x80\x99:\n'}
[5.166418] (ros2_orbslam3) StderrLine: {'line': b'\x1b[01m\x1b[K/home/henrique/ORB_SLAM3_Modular/include/CameraModels/KannalaBrandt8.h:102:21:\x1b[m\x1b[K \x1b[01;35m\x1b[Kwarning: \x1b[m\x1b[K\xe2\x80\x98\x1b[01m\x1b[KORB_SLAM3::KannalaBrandt8::precision\x1b[m\x1b[K\xe2\x80\x99 will be initialized after [\x1b[01;35m\x1b[K\x1b]8;;https://gcc.gnu.org/onlinedocs/gcc/Warning-Options.html#index-Wreorder\x07-Wreorder\x1b]8;;\x07\x1b[m\x1b[K]\n'}
[5.166454] (ros2_orbslam3) StderrLine: {'line': b'  102 |         const float \x1b[01;35m\x1b[Kprecision\x1b[m\x1b[K;\n'}
[5.166488] (ros2_orbslam3) StderrLine: {'line': b'      |                     \x1b[01;35m\x1b[K^~~~~~~~~\x1b[m\x1b[K\n'}
[5.166521] (ros2_orbslam3) StderrLine: {'line': b'\x1b[01m\x1b[K/home/henrique/ORB_SLAM3_Modular/include/CameraModels/KannalaBrandt8.h:88:26:\x1b[m\x1b[K \x1b[01;35m\x1b[Kwarning: \x1b[m\x1b[K  \xe2\x80\x98\x1b[01m\x1b[Kstd::vector<int> ORB_SLAM3::KannalaBrandt8::mvLappingArea\x1b[m\x1b[K\xe2\x80\x99 [\x1b[01;35m\x1b[K\x1b]8;;https://gcc.gnu.org/onlinedocs/gcc/Warning-Options.html#index-Wreorder\x07-Wreorder\x1b]8;;\x07\x1b[m\x1b[K]\n'}
[5.166557] (ros2_orbslam3) StderrLine: {'line': b'   88 |         std::vector<int> \x1b[01;35m\x1b[KmvLappingArea\x1b[m\x1b[K;\n'}
[5.166591] (ros2_orbslam3) StderrLine: {'line': b'      |                          \x1b[01;35m\x1b[K^~~~~~~~~~~~~\x1b[m\x1b[K\n'}
[5.166625] (ros2_orbslam3) StderrLine: {'line': b'In file included from \x1b[01m\x1b[K/home/henrique/ORB_SLAM3_Modular/include/Atlas.h:27\x1b[m\x1b[K,\n'}
[5.166661] (ros2_orbslam3) StderrLine: {'line': b'                 from \x1b[01m\x1b[K/home/henrique/ORB_SLAM3_Modular/include/FrameDrawer.h:25\x1b[m\x1b[K,\n'}
[5.166696] (ros2_orbslam3) StderrLine: {'line': b'                 from \x1b[01m\x1b[K/home/henrique/ORB_SLAM3_Modular/include/Viewer.h:23\x1b[m\x1b[K,\n'}
[5.166730] (ros2_orbslam3) StderrLine: {'line': b'                 from \x1b[01m\x1b[K/home/henrique/ORB_SLAM3_Modular/include/Tracking.h:26\x1b[m\x1b[K,\n'}
[5.166764] (ros2_orbslam3) StderrLine: {'line': b'                 from \x1b[01m\x1b[K/home/henrique/ORB_SLAM3_Modular/include/System.h:31\x1b[m\x1b[K,\n'}
[5.166800] (ros2_orbslam3) StderrLine: {'line': b'                 from \x1b[01m\x1b[K/home/henrique/ws_visao/kinect-orbslam-ws/src/ros2_orbslam3/src/monocular/monocular-slam-node.hpp:27\x1b[m\x1b[K,\n'}
[5.166835] (ros2_orbslam3) StderrLine: {'line': b'                 from \x1b[01m\x1b[K/home/henrique/ws_visao/kinect-orbslam-ws/src/ros2_orbslam3/src/monocular/monocular-slam-node.cpp:17\x1b[m\x1b[K:\n'}
[5.166869] (ros2_orbslam3) StderrLine: {'line': b'\x1b[01m\x1b[K/home/henrique/ORB_SLAM3_Modular/include/CameraModels/KannalaBrandt8.h:47:9:\x1b[m\x1b[K \x1b[01;35m\x1b[Kwarning: \x1b[m\x1b[K  when initialized here [\x1b[01;35m\x1b[K\x1b]8;;https://gcc.gnu.org/onlinedocs/gcc/Warning-Options.html#index-Wreorder\x07-Wreorder\x1b]8;;\x07\x1b[m\x1b[K]\n'}
[5.166904] (ros2_orbslam3) StderrLine: {'line': b'   47 |         \x1b[01;35m\x1b[KKannalaBrandt8\x1b[m\x1b[K(const std::vector<float> _vParameters) : GeometricCamera(_vParameters), precision(1e-6), mvLappingArea(2,0) ,tvr(nullptr) {\n'}
[5.166938] (ros2_orbslam3) StderrLine: {'line': b'      |         \x1b[01;35m\x1b[K^~~~~~~~~~~~~~\x1b[m\x1b[K\n'}
[5.166972] (ros2_orbslam3) StderrLine: {'line': b'In file included from \x1b[01m\x1b[K/home/henrique/ORB_SLAM3_Modular/include/Atlas.h:27\x1b[m\x1b[K,\n'}
[5.167006] (ros2_orbslam3) StderrLine: {'line': b'                 from \x1b[01m\x1b[K/home/henrique/ORB_SLAM3_Modular/include/FrameDrawer.h:25\x1b[m\x1b[K,\n'}
[5.167050] (ros2_orbslam3) StderrLine: {'line': b'                 from \x1b[01m\x1b[K/home/henrique/ORB_SLAM3_Modular/include/Viewer.h:23\x1b[m\x1b[K,\n'}
[5.167089] (ros2_orbslam3) StderrLine: {'line': b'                 from \x1b[01m\x1b[K/home/henrique/ORB_SLAM3_Modular/include/Tracking.h:26\x1b[m\x1b[K,\n'}
[5.167124] (ros2_orbslam3) StderrLine: {'line': b'                 from \x1b[01m\x1b[K/home/henrique/ORB_SLAM3_Modular/include/System.h:31\x1b[m\x1b[K,\n'}
[5.167159] (ros2_orbslam3) StderrLine: {'line': b'                 from \x1b[01m\x1b[K/home/henrique/ws_visao/kinect-orbslam-ws/src/ros2_orbslam3/src/monocular/monocular-slam-node.hpp:27\x1b[m\x1b[K,\n'}
[5.167193] (ros2_orbslam3) StderrLine: {'line': b'                 from \x1b[01m\x1b[K/home/henrique/ws_visao/kinect-orbslam-ws/src/ros2_orbslam3/src/monocular/monocular-slam-node.cpp:17\x1b[m\x1b[K:\n'}
[5.167228] (ros2_orbslam3) StderrLine: {'line': b'\x1b[01m\x1b[K/home/henrique/ORB_SLAM3_Modular/include/CameraModels/KannalaBrandt8.h:\x1b[m\x1b[K In constructor \xe2\x80\x98\x1b[01m\x1b[KORB_SLAM3::KannalaBrandt8::KannalaBrandt8(std::vector<float>, float)\x1b[m\x1b[K\xe2\x80\x99:\n'}
[5.167263] (ros2_orbslam3) StderrLine: {'line': b'\x1b[01m\x1b[K/home/henrique/ORB_SLAM3_Modular/include/CameraModels/KannalaBrandt8.h:102:21:\x1b[m\x1b[K \x1b[01;35m\x1b[Kwarning: \x1b[m\x1b[K\xe2\x80\x98\x1b[01m\x1b[KORB_SLAM3::KannalaBrandt8::precision\x1b[m\x1b[K\xe2\x80\x99 will be initialized after [\x1b[01;35m\x1b[K\x1b]8;;https://gcc.gnu.org/onlinedocs/gcc/Warning-Options.html#index-Wreorder\x07-Wreorder\x1b]8;;\x07\x1b[m\x1b[K]\n'}
[5.167302] (ros2_orbslam3) StderrLine: {'line': b'  102 |         const float \x1b[01;35m\x1b[Kprecision\x1b[m\x1b[K;\n'}
[5.167336] (ros2_orbslam3) StderrLine: {'line': b'      |                     \x1b[01;35m\x1b[K^~~~~~~~~\x1b[m\x1b[K\n'}
[5.167370] (ros2_orbslam3) StderrLine: {'line': b'\x1b[01m\x1b[K/home/henrique/ORB_SLAM3_Modular/include/CameraModels/KannalaBrandt8.h:88:26:\x1b[m\x1b[K \x1b[01;35m\x1b[Kwarning: \x1b[m\x1b[K  \xe2\x80\x98\x1b[01m\x1b[Kstd::vector<int> ORB_SLAM3::KannalaBrandt8::mvLappingArea\x1b[m\x1b[K\xe2\x80\x99 [\x1b[01;35m\x1b[K\x1b]8;;https://gcc.gnu.org/onlinedocs/gcc/Warning-Options.html#index-Wreorder\x07-Wreorder\x1b]8;;\x07\x1b[m\x1b[K]\n'}
[5.167406] (ros2_orbslam3) StderrLine: {'line': b'   88 |         std::vector<int> \x1b[01;35m\x1b[KmvLappingArea\x1b[m\x1b[K;\n'}
[5.167440] (ros2_orbslam3) StderrLine: {'line': b'      |                          \x1b[01;35m\x1b[K^~~~~~~~~~~~~\x1b[m\x1b[K\n'}
[5.167474] (ros2_orbslam3) StderrLine: {'line': b'\x1b[01m\x1b[K/home/henrique/ORB_SLAM3_Modular/include/CameraModels/KannalaBrandt8.h:53:9:\x1b[m\x1b[K \x1b[01;35m\x1b[Kwarning: \x1b[m\x1b[K  when initialized here [\x1b[01;35m\x1b[K\x1b]8;;https://gcc.gnu.org/onlinedocs/gcc/Warning-Options.html#index-Wreorder\x07-Wreorder\x1b]8;;\x07\x1b[m\x1b[K]\n'}
[5.167510] (ros2_orbslam3) StderrLine: {'line': b'   53 |         \x1b[01;35m\x1b[KKannalaBrandt8\x1b[m\x1b[K(const std::vector<float> _vParameters, const float _precision) : GeometricCamera(_vParameters),\n'}
[5.167545] (ros2_orbslam3) StderrLine: {'line': b'      |         \x1b[01;35m\x1b[K^~~~~~~~~~~~~~\x1b[m\x1b[K\n'}
[5.167582] (ros2_orbslam3) StderrLine: {'line': b'\x1b[01m\x1b[K/home/henrique/ORB_SLAM3_Modular/include/CameraModels/KannalaBrandt8.h:\x1b[m\x1b[K In constructor \xe2\x80\x98\x1b[01m\x1b[KORB_SLAM3::KannalaBrandt8::KannalaBrandt8(ORB_SLAM3::KannalaBrandt8*)\x1b[m\x1b[K\xe2\x80\x99:\n'}
[5.167617] (ros2_orbslam3) StderrLine: {'line': b'\x1b[01m\x1b[K/home/henrique/ORB_SLAM3_Modular/include/CameraModels/KannalaBrandt8.h:102:21:\x1b[m\x1b[K \x1b[01;35m\x1b[Kwarning: \x1b[m\x1b[K\xe2\x80\x98\x1b[01m\x1b[KORB_SLAM3::KannalaBrandt8::precision\x1b[m\x1b[K\xe2\x80\x99 will be initialized after [\x1b[01;35m\x1b[K\x1b]8;;https://gcc.gnu.org/onlinedocs/gcc/Warning-Options.html#index-Wreorder\x07-Wreorder\x1b]8;;\x07\x1b[m\x1b[K]\n'}
[5.167658] (ros2_orbslam3) StderrLine: {'line': b'  102 |         const float \x1b[01;35m\x1b[Kprecision\x1b[m\x1b[K;\n'}
[5.167693] (ros2_orbslam3) StderrLine: {'line': b'      |                     \x1b[01;35m\x1b[K^~~~~~~~~\x1b[m\x1b[K\n'}
[5.167729] (ros2_orbslam3) StderrLine: {'line': b'\x1b[01m\x1b[K/home/henrique/ORB_SLAM3_Modular/include/CameraModels/KannalaBrandt8.h:88:26:\x1b[m\x1b[K \x1b[01;35m\x1b[Kwarning: \x1b[m\x1b[K  \xe2\x80\x98\x1b[01m\x1b[Kstd::vector<int> ORB_SLAM3::KannalaBrandt8::mvLappingArea\x1b[m\x1b[K\xe2\x80\x99 [\x1b[01;35m\x1b[K\x1b]8;;https://gcc.gnu.org/onlinedocs/gcc/Warning-Options.html#index-Wreorder\x07-Wreorder\x1b]8;;\x07\x1b[m\x1b[K]\n'}
[5.167766] (ros2_orbslam3) StderrLine: {'line': b'   88 |         std::vector<int> \x1b[01;35m\x1b[KmvLappingArea\x1b[m\x1b[K;\n'}
[5.167801] (ros2_orbslam3) StderrLine: {'line': b'      |                          \x1b[01;35m\x1b[K^~~~~~~~~~~~~\x1b[m\x1b[K\n'}
[5.167836] (ros2_orbslam3) StderrLine: {'line': b'\x1b[01m\x1b[K/home/henrique/ORB_SLAM3_Modular/include/CameraModels/KannalaBrandt8.h:59:9:\x1b[m\x1b[K \x1b[01;35m\x1b[Kwarning: \x1b[m\x1b[K  when initialized here [\x1b[01;35m\x1b[K\x1b]8;;https://gcc.gnu.org/onlinedocs/gcc/Warning-Options.html#index-Wreorder\x07-Wreorder\x1b]8;;\x07\x1b[m\x1b[K]\n'}
[5.167872] (ros2_orbslam3) StderrLine: {'line': b'   59 |         \x1b[01;35m\x1b[KKannalaBrandt8\x1b[m\x1b[K(KannalaBrandt8* pKannala) : GeometricCamera(pKannala->mvParameters), precision(pKannala->precision), mvLappingArea(2,0) ,tvr(nullptr) {\n'}
[5.167907] (ros2_orbslam3) StderrLine: {'line': b'      |         \x1b[01;35m\x1b[K^~~~~~~~~~~~~~\x1b[m\x1b[K\n'}
[5.214605] (-) TimerEvent: {}
[5.314952] (-) TimerEvent: {}
[5.393216] (ros2_orbslam3) StderrLine: {'line': b'\x1b[01m\x1b[K/home/henrique/ws_visao/kinect-orbslam-ws/src/ros2_orbslam3/src/monocular/monocular-slam-node.cpp:\x1b[m\x1b[K In member function \xe2\x80\x98\x1b[01m\x1b[Kvoid MonocularSLAMNode::publish_kf_markers(std::vector<Sophus::SE3<float> >, const rclcpp::Time&)\x1b[m\x1b[K\xe2\x80\x99:\n'}
[5.393344] (ros2_orbslam3) StderrLine: {'line': b'\x1b[01m\x1b[K/home/henrique/ws_visao/kinect-orbslam-ws/src/ros2_orbslam3/src/monocular/monocular-slam-node.cpp:177:25:\x1b[m\x1b[K \x1b[01;35m\x1b[Kwarning: \x1b[m\x1b[Kcomparison of integer expressions of different signedness: \xe2\x80\x98\x1b[01m\x1b[Ksize_t\x1b[m\x1b[K\xe2\x80\x99 {aka \xe2\x80\x98\x1b[01m\x1b[Klong unsigned int\x1b[m\x1b[K\xe2\x80\x99} and \xe2\x80\x98\x1b[01m\x1b[Kint\x1b[m\x1b[K\xe2\x80\x99 [\x1b[01;35m\x1b[K\x1b]8;;https://gcc.gnu.org/onlinedocs/gcc/Warning-Options.html#index-Wsign-compare\x07-Wsign-compare\x1b]8;;\x07\x1b[m\x1b[K]\n'}
[5.393389] (ros2_orbslam3) StderrLine: {'line': b'  177 |     for(size_t i = 0; \x1b[01;35m\x1b[Ki < numKFs\x1b[m\x1b[K; i++)\n'}
[5.393422] (ros2_orbslam3) StderrLine: {'line': b'      |                       \x1b[01;35m\x1b[K~~^~~~~~~~\x1b[m\x1b[K\n'}
[5.409492] (ros2_orbslam3) StderrLine: {'line': b'\x1b[01m\x1b[K/home/henrique/ws_visao/kinect-orbslam-ws/src/ros2_orbslam3/src/monocular/monocular-slam-node.cpp:\x1b[m\x1b[K In member function \xe2\x80\x98\x1b[01m\x1b[Kvoid MonocularSLAMNode::publish_camera_pose(const SE3f&, const Header&)\x1b[m\x1b[K\xe2\x80\x99:\n'}
[5.409619] (ros2_orbslam3) StderrLine: {'line': b'\x1b[01m\x1b[K/home/henrique/ws_visao/kinect-orbslam-ws/src/ros2_orbslam3/src/monocular/monocular-slam-node.cpp:189:104:\x1b[m\x1b[K \x1b[01;35m\x1b[Kwarning: \x1b[m\x1b[Kunused parameter \xe2\x80\x98\x1b[01m\x1b[Kheader\x1b[m\x1b[K\xe2\x80\x99 [\x1b[01;35m\x1b[K\x1b]8;;https://gcc.gnu.org/onlinedocs/gcc/Warning-Options.html#index-Wunused-parameter\x07-Wunused-parameter\x1b]8;;\x07\x1b[m\x1b[K]\n'}
[5.409660] (ros2_orbslam3) StderrLine: {'line': b'  189 | _camera_pose(const Sophus::SE3f& Tcw_SE3f, \x1b[01;35m\x1b[Kconst std_msgs::msg::Header& header\x1b[m\x1b[K)\n'}
[5.409695] (ros2_orbslam3) StderrLine: {'line': b'      |                                            \x1b[01;35m\x1b[K~~~~~~~~~~~~~~~~~~~~~~~~~~~~~^~~~~~\x1b[m\x1b[K\n'}
[5.409727] (ros2_orbslam3) StderrLine: {'line': b'\n'}
[5.413538] (ros2_orbslam3) StderrLine: {'line': b'\x1b[01m\x1b[K/home/henrique/ws_visao/kinect-orbslam-ws/src/ros2_orbslam3/src/monocular/monocular-slam-node.cpp:\x1b[m\x1b[K In member function \xe2\x80\x98\x1b[01m\x1b[Kbool MonocularSLAMNode::save_map_srv(std::shared_ptr<std_srvs::srv::Empty_Request_<std::allocator<void> > >, std::shared_ptr<std_srvs::srv::Empty_Response_<std::allocator<void> > >)\x1b[m\x1b[K\xe2\x80\x99:\n'}
[5.413647] (ros2_orbslam3) StderrLine: {'line': b'\x1b[01m\x1b[K/home/henrique/ws_visao/kinect-orbslam-ws/src/ros2_orbslam3/src/monocular/monocular-slam-node.cpp:224:91:\x1b[m\x1b[K \x1b[01;35m\x1b[Kwarning: \x1b[m\x1b[Kunused parameter \xe2\x80\x98\x1b[01m\x1b[Krequest\x1b[m\x1b[K\xe2\x80\x99 [\x1b[01;35m\x1b[K\x1b]8;;https://gcc.gnu.org/onlinedocs/gcc/Warning-Options.html#index-Wunused-parameter\x07-Wunused-parameter\x1b]8;;\x07\x1b[m\x1b[K]\n'}
[5.413688] (ros2_orbslam3) StderrLine: {'line': b'  224 | ode::save_map_srv(\x1b[01;35m\x1b[Kconst std::shared_ptr<std_srvs::srv::Empty::Request> request\x1b[m\x1b[K,\n'}
[5.413722] (ros2_orbslam3) StderrLine: {'line': b'      |                   \x1b[01;35m\x1b[K~~~~~~~~~~~~~~~~~~~~~~~~~~~~~~~~~~~~~~~~~~~~~~~~~~~~~^~~~~~~\x1b[m\x1b[K\n'}
[5.413765] (ros2_orbslam3) StderrLine: {'line': b'\n'}
[5.413801] (ros2_orbslam3) StderrLine: {'line': b'\x1b[01m\x1b[K/home/henrique/ws_visao/kinect-orbslam-ws/src/ros2_orbslam3/src/monocular/monocular-slam-node.cpp:225:86:\x1b[m\x1b[K \x1b[01;35m\x1b[Kwarning: \x1b[m\x1b[Kunused parameter \xe2\x80\x98\x1b[01m\x1b[Kresponse\x1b[m\x1b[K\xe2\x80\x99 [\x1b[01;35m\x1b[K\x1b]8;;https://gcc.gnu.org/onlinedocs/gcc/Warning-Options.html#index-Wunused-parameter\x07-Wunused-parameter\x1b]8;;\x07\x1b[m\x1b[K]\n'}
[5.413840] (ros2_orbslam3) StderrLine: {'line': b'  225 |                       \x1b[01;35m\x1b[Kstd::shared_ptr<std_srvs::srv::Empty::Response> response\x1b[m\x1b[K)\n'}
[5.413927] (ros2_orbslam3) StderrLine: {'line': b'      |                       \x1b[01;35m\x1b[K~~~~~~~~~~~~~~~~~~~~~~~~~~~~~~~~~~~~~~~~~~~~~~~~^~~~~~~~\x1b[m\x1b[K\n'}
[5.413964] (ros2_orbslam3) StderrLine: {'line': b'\n'}
[5.413999] (ros2_orbslam3) StderrLine: {'line': b'\x1b[01m\x1b[K/home/henrique/ws_visao/kinect-orbslam-ws/src/ros2_orbslam3/src/monocular/monocular-slam-node.cpp:\x1b[m\x1b[K In member function \xe2\x80\x98\x1b[01m\x1b[Kbool MonocularSLAMNode::save_traj_srv(std::shared_ptr<std_srvs::srv::Empty_Request_<std::allocator<void> > >, std::shared_ptr<std_srvs::srv::Empty_Response_<std::allocator<void> > >)\x1b[m\x1b[K\xe2\x80\x99:\n'}
[5.414044] (ros2_orbslam3) StderrLine: {'line': b'\x1b[01m\x1b[K/home/henrique/ws_visao/kinect-orbslam-ws/src/ros2_orbslam3/src/monocular/monocular-slam-node.cpp:232:92:\x1b[m\x1b[K \x1b[01;35m\x1b[Kwarning: \x1b[m\x1b[Kunused parameter \xe2\x80\x98\x1b[01m\x1b[Krequest\x1b[m\x1b[K\xe2\x80\x99 [\x1b[01;35m\x1b[K\x1b]8;;https://gcc.gnu.org/onlinedocs/gcc/Warning-Options.html#index-Wunused-parameter\x07-Wunused-parameter\x1b]8;;\x07\x1b[m\x1b[K]\n'}
[5.414085] (ros2_orbslam3) StderrLine: {'line': b'  232 | de::save_traj_srv(\x1b[01;35m\x1b[Kconst std::shared_ptr<std_srvs::srv::Empty::Request> request\x1b[m\x1b[K,\n'}
[5.414120] (ros2_orbslam3) StderrLine: {'line': b'      |                   \x1b[01;35m\x1b[K~~~~~~~~~~~~~~~~~~~~~~~~~~~~~~~~~~~~~~~~~~~~~~~~~~~~~^~~~~~~\x1b[m\x1b[K\n'}
[5.414155] (ros2_orbslam3) StderrLine: {'line': b'\n'}
[5.414188] (ros2_orbslam3) StderrLine: {'line': b'\x1b[01m\x1b[K/home/henrique/ws_visao/kinect-orbslam-ws/src/ros2_orbslam3/src/monocular/monocular-slam-node.cpp:233:87:\x1b[m\x1b[K \x1b[01;35m\x1b[Kwarning: \x1b[m\x1b[Kunused parameter \xe2\x80\x98\x1b[01m\x1b[Kresponse\x1b[m\x1b[K\xe2\x80\x99 [\x1b[01;35m\x1b[K\x1b]8;;https://gcc.gnu.org/onlinedocs/gcc/Warning-Options.html#index-Wunused-parameter\x07-Wunused-parameter\x1b]8;;\x07\x1b[m\x1b[K]\n'}
[5.414224] (ros2_orbslam3) StderrLine: {'line': b'  233 |                       \x1b[01;35m\x1b[Kstd::shared_ptr<std_srvs::srv::Empty::Response> response\x1b[m\x1b[K)\n'}
[5.414259] (ros2_orbslam3) StderrLine: {'line': b'      |                       \x1b[01;35m\x1b[K~~~~~~~~~~~~~~~~~~~~~~~~~~~~~~~~~~~~~~~~~~~~~~~~^~~~~~~~\x1b[m\x1b[K\n'}
[5.414292] (ros2_orbslam3) StderrLine: {'line': b'\n'}
[5.415043] (-) TimerEvent: {}
[5.515331] (-) TimerEvent: {}
[5.615658] (-) TimerEvent: {}
[5.715998] (-) TimerEvent: {}
[5.816368] (-) TimerEvent: {}
[5.916717] (-) TimerEvent: {}
[6.017085] (-) TimerEvent: {}
[6.117459] (-) TimerEvent: {}
[6.217813] (-) TimerEvent: {}
[6.318169] (-) TimerEvent: {}
[6.418516] (-) TimerEvent: {}
[6.518861] (-) TimerEvent: {}
[6.619200] (-) TimerEvent: {}
[6.719543] (-) TimerEvent: {}
[6.819884] (-) TimerEvent: {}
[6.920231] (-) TimerEvent: {}
[7.020578] (-) TimerEvent: {}
[7.120926] (-) TimerEvent: {}
[7.221298] (-) TimerEvent: {}
[7.321645] (-) TimerEvent: {}
[7.421907] (-) TimerEvent: {}
[7.522282] (-) TimerEvent: {}
[7.622622] (-) TimerEvent: {}
[7.722960] (-) TimerEvent: {}
[7.823325] (-) TimerEvent: {}
[7.923690] (-) TimerEvent: {}
[8.024071] (-) TimerEvent: {}
[8.124427] (-) TimerEvent: {}
[8.224802] (-) TimerEvent: {}
[8.325178] (-) TimerEvent: {}
[8.425523] (-) TimerEvent: {}
[8.525866] (-) TimerEvent: {}
[8.626206] (-) TimerEvent: {}
[8.726551] (-) TimerEvent: {}
[8.826887] (-) TimerEvent: {}
[8.927262] (-) TimerEvent: {}
[9.027616] (-) TimerEvent: {}
[9.127946] (-) TimerEvent: {}
[9.228290] (-) TimerEvent: {}
[9.328637] (-) TimerEvent: {}
[9.428973] (-) TimerEvent: {}
[9.529351] (-) TimerEvent: {}
[9.629693] (-) TimerEvent: {}
[9.730042] (-) TimerEvent: {}
[9.830412] (-) TimerEvent: {}
[9.930765] (-) TimerEvent: {}
[10.031121] (-) TimerEvent: {}
[10.131477] (-) TimerEvent: {}
[10.231840] (-) TimerEvent: {}
[10.332181] (-) TimerEvent: {}
[10.432545] (-) TimerEvent: {}
[10.532897] (-) TimerEvent: {}
[10.633257] (-) TimerEvent: {}
[10.733617] (-) TimerEvent: {}
[10.833966] (-) TimerEvent: {}
[10.934350] (-) TimerEvent: {}
[11.034716] (-) TimerEvent: {}
[11.135091] (-) TimerEvent: {}
[11.235434] (-) TimerEvent: {}
[11.335801] (-) TimerEvent: {}
[11.436168] (-) TimerEvent: {}
[11.536537] (-) TimerEvent: {}
[11.636909] (-) TimerEvent: {}
[11.737271] (-) TimerEvent: {}
[11.837645] (-) TimerEvent: {}
[11.937992] (-) TimerEvent: {}
[12.038376] (-) TimerEvent: {}
[12.138741] (-) TimerEvent: {}
[12.239089] (-) TimerEvent: {}
[12.339434] (-) TimerEvent: {}
[12.439779] (-) TimerEvent: {}
[12.540101] (-) TimerEvent: {}
[12.640437] (-) TimerEvent: {}
[12.740798] (-) TimerEvent: {}
[12.841153] (-) TimerEvent: {}
[12.941490] (-) TimerEvent: {}
[13.041827] (-) TimerEvent: {}
[13.142180] (-) TimerEvent: {}
[13.242513] (-) TimerEvent: {}
[13.342863] (-) TimerEvent: {}
[13.443200] (-) TimerEvent: {}
[13.543526] (-) TimerEvent: {}
[13.643853] (-) TimerEvent: {}
[13.744218] (-) TimerEvent: {}
[13.844560] (-) TimerEvent: {}
[13.944908] (-) TimerEvent: {}
[14.045258] (-) TimerEvent: {}
[14.145590] (-) TimerEvent: {}
[14.245858] (-) TimerEvent: {}
[14.346210] (-) TimerEvent: {}
[14.446552] (-) TimerEvent: {}
[14.546900] (-) TimerEvent: {}
[14.647237] (-) TimerEvent: {}
[14.747584] (-) TimerEvent: {}
[14.847918] (-) TimerEvent: {}
[14.948272] (-) TimerEvent: {}
[15.048616] (-) TimerEvent: {}
[15.148979] (-) TimerEvent: {}
[15.249333] (-) TimerEvent: {}
[15.349667] (-) TimerEvent: {}
[15.392822] (ros2_orbslam3) StdoutLine: {'line': b'[ 83%] \x1b[32m\x1b[1mLinking CXX executable mono\x1b[0m\n'}
[15.449792] (-) TimerEvent: {}
[15.550155] (-) TimerEvent: {}
[15.650516] (-) TimerEvent: {}
[15.750794] (-) TimerEvent: {}
[15.851175] (-) TimerEvent: {}
[15.951531] (-) TimerEvent: {}
[16.051866] (-) TimerEvent: {}
[16.152226] (-) TimerEvent: {}
[16.252575] (-) TimerEvent: {}
[16.352941] (-) TimerEvent: {}
[16.385444] (ros2_orbslam3) StdoutLine: {'line': b'[100%] Built target mono\n'}
[16.393436] (ros2_orbslam3) CommandEnded: {'returncode': 0}
[16.395194] (ros2_orbslam3) JobProgress: {'identifier': 'ros2_orbslam3', 'progress': 'install'}
[16.401396] (ros2_orbslam3) Command: {'cmd': ['/usr/bin/cmake', '--install', '/home/henrique/ws_visao/kinect-orbslam-ws/build/ros2_orbslam3'], 'cwd': '/home/henrique/ws_visao/kinect-orbslam-ws/build/ros2_orbslam3', 'env': OrderedDict([('LESSOPEN', '| /usr/bin/lesspipe %s'), ('LANGUAGE', 'en_US:en'), ('USER', 'henrique'), ('LC_TIME', 'pt_BR.UTF-8'), ('XDG_SESSION_TYPE', 'wayland'), ('SHLVL', '1'), ('LD_LIBRARY_PATH', '/home/henrique/ws_visao/kinect-orbslam-ws/install/ros2_orbslam3/lib:/home/henrique/ws_robotic/turtle_ws/install/kinect_ros2/lib:/home/henrique/ws_robotic/turtle_ws/install/libfreenect/lib:/home/henrique/ws_drone/keyboard-control-ros-sim/install/px4_ros_com/lib:/home/henrique/ws_drone/keyboard-control-ros-sim/install/px4_msgs/lib:/opt/ros/humble/opt/rviz_ogre_vendor/lib:/opt/ros/humble/lib/x86_64-linux-gnu:/opt/ros/humble/lib'), ('HOME', '/home/henrique'), ('OLDPWD', '/home/henrique/ws_visao/kinect-orbslam-ws/src'), ('DESKTOP_SESSION', 'ubuntu'), ('ROS_PYTHON_VERSION', '3'), ('GNOME_SHELL_SESSION_MODE', 'ubuntu'), ('GTK_MODULES', 'gail:atk-bridge'), ('LC_MONETARY', 'pt_BR.UTF-8'), ('LC_CTYPE', 'pt_BR.UTF-8'), ('SYSTEMD_EXEC_PID', '1606'), ('DBUS_SESSION_BUS_ADDRESS', 'unix:path=/run/user/1000/bus'), ('COLORTERM', 'truecolor'), ('PICO_TOOLCHAIN_PATH', '...'), ('IM_CONFIG_PHASE', '1'), ('WAYLAND_DISPLAY', 'wayland-0'), ('COLCON_PREFIX_PATH', '/home/henrique/ws_visao/kinect-orbslam-ws/install:/home/henrique/ws_robotic/turtle_ws/install:/home/henrique/ws_drone/keyboard-control-ros-sim/install'), ('ROS_DISTRO', 'humble'), ('LOGNAME', 'henrique'), ('_', '/usr/bin/colcon'), ('ROS_VERSION', '2'), ('PKG_CONFIG_PATH', '/home/henrique/ws_robotic/turtle_ws/install/libfreenect/lib/pkgconfig'), ('XDG_SESSION_CLASS', 'user'), ('USERNAME', 'henrique'), ('TERM', 'xterm-256color'), ('GNOME_DESKTOP_SESSION_ID', 'this-is-deprecated'), ('ROS_LOCALHOST_ONLY', '0'), ('PATH', '/home/henrique/ws_robotic/turtle_ws/install/libfreenect/bin:/opt/ros/humble/bin:/opt/gcc-arm-none-eabi-9-2020-q2-update/bin:/home/henrique/.local/bin:/usr/local/sbin:/usr/local/bin:/usr/sbin:/usr/bin:/sbin:/bin:/usr/games:/usr/local/games:/snap/bin:/snap/bin'), ('SESSION_MANAGER', 'local/trojam:@/tmp/.ICE-unix/1577,unix/trojam:/tmp/.ICE-unix/1577'), ('PAPERSIZE', 'a4'), ('XDG_MENU_PREFIX', 'gnome-'), ('LC_ADDRESS', 'pt_BR.UTF-8'), ('GNOME_TERMINAL_SCREEN', '/org/gnome/Terminal/screen/18058424_3bcd_4a35_bc7e_94ae3c2e695b'), ('GNOME_SETUP_DISPLAY', ':1'), ('XDG_RUNTIME_DIR', '/run/user/1000'), ('DISPLAY', ':0'), ('LANG', 'en_US.UTF-8'), ('XDG_CURRENT_DESKTOP', 'ubuntu:GNOME'), ('LC_TELEPHONE', 'pt_BR.UTF-8'), ('XMODIFIERS', '@im=ibus'), ('XDG_SESSION_DESKTOP', 'ubuntu'), ('XAUTHORITY', '/run/user/1000/.mutter-Xwaylandauth.3A1IA3'), ('LS_COLORS', 'rs=0:di=01;34:ln=01;36:mh=00:pi=40;33:so=01;35:do=01;35:bd=40;33;01:cd=40;33;01:or=40;31;01:mi=00:su=37;41:sg=30;43:ca=30;41:tw=30;42:ow=34;42:st=37;44:ex=01;32:*.tar=01;31:*.tgz=01;31:*.arc=01;31:*.arj=01;31:*.taz=01;31:*.lha=01;31:*.lz4=01;31:*.lzh=01;31:*.lzma=01;31:*.tlz=01;31:*.txz=01;31:*.tzo=01;31:*.t7z=01;31:*.zip=01;31:*.z=01;31:*.dz=01;31:*.gz=01;31:*.lrz=01;31:*.lz=01;31:*.lzo=01;31:*.xz=01;31:*.zst=01;31:*.tzst=01;31:*.bz2=01;31:*.bz=01;31:*.tbz=01;31:*.tbz2=01;31:*.tz=01;31:*.deb=01;31:*.rpm=01;31:*.jar=01;31:*.war=01;31:*.ear=01;31:*.sar=01;31:*.rar=01;31:*.alz=01;31:*.ace=01;31:*.zoo=01;31:*.cpio=01;31:*.7z=01;31:*.rz=01;31:*.cab=01;31:*.wim=01;31:*.swm=01;31:*.dwm=01;31:*.esd=01;31:*.jpg=01;35:*.jpeg=01;35:*.mjpg=01;35:*.mjpeg=01;35:*.gif=01;35:*.bmp=01;35:*.pbm=01;35:*.pgm=01;35:*.ppm=01;35:*.tga=01;35:*.xbm=01;35:*.xpm=01;35:*.tif=01;35:*.tiff=01;35:*.png=01;35:*.svg=01;35:*.svgz=01;35:*.mng=01;35:*.pcx=01;35:*.mov=01;35:*.mpg=01;35:*.mpeg=01;35:*.m2v=01;35:*.mkv=01;35:*.webm=01;35:*.webp=01;35:*.ogm=01;35:*.mp4=01;35:*.m4v=01;35:*.mp4v=01;35:*.vob=01;35:*.qt=01;35:*.nuv=01;35:*.wmv=01;35:*.asf=01;35:*.rm=01;35:*.rmvb=01;35:*.flc=01;35:*.avi=01;35:*.fli=01;35:*.flv=01;35:*.gl=01;35:*.dl=01;35:*.xcf=01;35:*.xwd=01;35:*.yuv=01;35:*.cgm=01;35:*.emf=01;35:*.ogv=01;35:*.ogx=01;35:*.aac=00;36:*.au=00;36:*.flac=00;36:*.m4a=00;36:*.mid=00;36:*.midi=00;36:*.mka=00;36:*.mp3=00;36:*.mpc=00;36:*.ogg=00;36:*.ra=00;36:*.wav=00;36:*.oga=00;36:*.opus=00;36:*.spx=00;36:*.xspf=00;36:'), ('GNOME_TERMINAL_SERVICE', ':1.109'), ('SSH_AGENT_LAUNCHER', 'gnome-keyring'), ('SSH_AUTH_SOCK', '/run/user/1000/keyring/ssh'), ('AMENT_PREFIX_PATH', '/home/henrique/ws_visao/kinect-orbslam-ws/install/ros2_orbslam3:/home/henrique/ws_robotic/turtle_ws/install/kinect_ros2:/home/henrique/ws_drone/keyboard-control-ros-sim/install/px4_ros_com:/home/henrique/ws_drone/keyboard-control-ros-sim/install/px4_control:/home/henrique/ws_drone/keyboard-control-ros-sim/install/px4_msgs:/opt/ros/humble'), ('SHELL', '/bin/bash'), ('LC_NAME', 'pt_BR.UTF-8'), ('QT_ACCESSIBILITY', '1'), ('GDMSESSION', 'ubuntu'), ('LESSCLOSE', '/usr/bin/lesspipe %s %s'), ('LC_MEASUREMENT', 'pt_BR.UTF-8'), ('LC_IDENTIFICATION', 'pt_BR.UTF-8'), ('QT_IM_MODULE', 'ibus'), ('PWD', '/home/henrique/ws_visao/kinect-orbslam-ws/build/ros2_orbslam3'), ('LC_ALL', 'en_US.UTF-8'), ('XDG_CONFIG_DIRS', '/etc/xdg/xdg-ubuntu:/etc/xdg'), ('PICO_SDK_PATH', '/home/henrique/pico-sdk'), ('XDG_DATA_DIRS', '/usr/share/ubuntu:/usr/local/share/:/usr/share/:/var/lib/snapd/desktop'), ('PYTHONPATH', '/home/henrique/ws_drone/keyboard-control-ros-sim/install/px4_ros_com/local/lib/python3.10/dist-packages:/home/henrique/ws_drone/keyboard-control-ros-sim/install/px4_control/lib/python3.10/site-packages:/home/henrique/ws_drone/keyboard-control-ros-sim/install/px4_msgs/local/lib/python3.10/dist-packages:/opt/ros/humble/lib/python3.10/site-packages:/opt/ros/humble/local/lib/python3.10/dist-packages'), ('LC_NUMERIC', 'pt_BR.UTF-8'), ('LC_PAPER', 'pt_BR.UTF-8'), ('COLCON', '1'), ('VTE_VERSION', '6800'), ('CMAKE_PREFIX_PATH', '/home/henrique/ws_visao/kinect-orbslam-ws/install/ros2_orbslam3:/home/henrique/ws_robotic/turtle_ws/install/kinect_ros2:/home/henrique/ws_robotic/turtle_ws/install/libfreenect:/home/henrique/ws_drone/keyboard-control-ros-sim/install/px4_ros_com:/home/henrique/ws_drone/keyboard-control-ros-sim/install/px4_msgs:/home/henrique/ws_drone/keyboard-control-ros-sim/install/px4_control:/opt/ros/humble')]), 'shell': False}
[16.406975] (ros2_orbslam3) StdoutLine: {'line': b'-- Install configuration: ""\n'}
[16.407105] (ros2_orbslam3) StdoutLine: {'line': b'-- Up-to-date: /home/henrique/ws_visao/kinect-orbslam-ws/install/ros2_orbslam3/lib/libORB_SLAM3.so\n'}
[16.407151] (ros2_orbslam3) StdoutLine: {'line': b'-- Up-to-date: /home/henrique/ws_visao/kinect-orbslam-ws/install/ros2_orbslam3/lib/libDBoW2.so\n'}
[16.407190] (ros2_orbslam3) StdoutLine: {'line': b'-- Up-to-date: /home/henrique/ws_visao/kinect-orbslam-ws/install/ros2_orbslam3/lib/libg2o.so\n'}
[16.407333] (ros2_orbslam3) StdoutLine: {'line': b'-- Installing: /home/henrique/ws_visao/kinect-orbslam-ws/install/ros2_orbslam3/lib/ros2_orbslam3/mono\n'}
[16.410530] (ros2_orbslam3) StdoutLine: {'line': b'-- Set runtime path of "/home/henrique/ws_visao/kinect-orbslam-ws/install/ros2_orbslam3/lib/ros2_orbslam3/mono" to ""\n'}
[16.410657] (ros2_orbslam3) StdoutLine: {'line': b'-- Up-to-date: /home/henrique/ws_visao/kinect-orbslam-ws/install/ros2_orbslam3/lib/ros2_orbslam3/rgbd\n'}
[16.410734] (ros2_orbslam3) StdoutLine: {'line': b'-- Up-to-date: /home/henrique/ws_visao/kinect-orbslam-ws/install/ros2_orbslam3/share/ament_index/resource_index/package_run_dependencies/ros2_orbslam3\n'}
[16.411010] (ros2_orbslam3) StdoutLine: {'line': b'-- Up-to-date: /home/henrique/ws_visao/kinect-orbslam-ws/install/ros2_orbslam3/share/ament_index/resource_index/parent_prefix_path/ros2_orbslam3\n'}
[16.411077] (ros2_orbslam3) StdoutLine: {'line': b'-- Up-to-date: /home/henrique/ws_visao/kinect-orbslam-ws/install/ros2_orbslam3/share/ros2_orbslam3/environment/ament_prefix_path.sh\n'}
[16.411168] (ros2_orbslam3) StdoutLine: {'line': b'-- Up-to-date: /home/henrique/ws_visao/kinect-orbslam-ws/install/ros2_orbslam3/share/ros2_orbslam3/environment/ament_prefix_path.dsv\n'}
[16.411224] (ros2_orbslam3) StdoutLine: {'line': b'-- Up-to-date: /home/henrique/ws_visao/kinect-orbslam-ws/install/ros2_orbslam3/share/ros2_orbslam3/environment/path.sh\n'}
[16.411276] (ros2_orbslam3) StdoutLine: {'line': b'-- Up-to-date: /home/henrique/ws_visao/kinect-orbslam-ws/install/ros2_orbslam3/share/ros2_orbslam3/environment/path.dsv\n'}
[16.411326] (ros2_orbslam3) StdoutLine: {'line': b'-- Up-to-date: /home/henrique/ws_visao/kinect-orbslam-ws/install/ros2_orbslam3/share/ros2_orbslam3/local_setup.bash\n'}
[16.411377] (ros2_orbslam3) StdoutLine: {'line': b'-- Up-to-date: /home/henrique/ws_visao/kinect-orbslam-ws/install/ros2_orbslam3/share/ros2_orbslam3/local_setup.sh\n'}
[16.411444] (ros2_orbslam3) StdoutLine: {'line': b'-- Up-to-date: /home/henrique/ws_visao/kinect-orbslam-ws/install/ros2_orbslam3/share/ros2_orbslam3/local_setup.zsh\n'}
[16.411482] (ros2_orbslam3) StdoutLine: {'line': b'-- Up-to-date: /home/henrique/ws_visao/kinect-orbslam-ws/install/ros2_orbslam3/share/ros2_orbslam3/local_setup.dsv\n'}
[16.411522] (ros2_orbslam3) StdoutLine: {'line': b'-- Installing: /home/henrique/ws_visao/kinect-orbslam-ws/install/ros2_orbslam3/share/ros2_orbslam3/package.dsv\n'}
[16.411589] (ros2_orbslam3) StdoutLine: {'line': b'-- Up-to-date: /home/henrique/ws_visao/kinect-orbslam-ws/install/ros2_orbslam3/share/ament_index/resource_index/packages/ros2_orbslam3\n'}
[16.411709] (ros2_orbslam3) StdoutLine: {'line': b'-- Up-to-date: /home/henrique/ws_visao/kinect-orbslam-ws/install/ros2_orbslam3/share/ros2_orbslam3/cmake/ros2_orbslam3Config.cmake\n'}
[16.411776] (ros2_orbslam3) StdoutLine: {'line': b'-- Up-to-date: /home/henrique/ws_visao/kinect-orbslam-ws/install/ros2_orbslam3/share/ros2_orbslam3/cmake/ros2_orbslam3Config-version.cmake\n'}
[16.411842] (ros2_orbslam3) StdoutLine: {'line': b'-- Up-to-date: /home/henrique/ws_visao/kinect-orbslam-ws/install/ros2_orbslam3/share/ros2_orbslam3/package.xml\n'}
[16.413123] (ros2_orbslam3) CommandEnded: {'returncode': 0}
[16.430978] (ros2_orbslam3) JobEnded: {'identifier': 'ros2_orbslam3', 'rc': 0}
[16.431973] (-) EventReactorShutdown: {}
