[0.000000] (-) TimerEvent: {}
[0.000125] (ros2_orbslam3) JobQueued: {'identifier': 'ros2_orbslam3', 'dependencies': OrderedDict()}
[0.000353] (ros2_orbslam3) JobStarted: {'identifier': 'ros2_orbslam3'}
[0.006890] (ros2_orbslam3) JobProgress: {'identifier': 'ros2_orbslam3', 'progress': 'cmake'}
[0.007232] (ros2_orbslam3) JobProgress: {'identifier': 'ros2_orbslam3', 'progress': 'build'}
[0.007720] (ros2_orbslam3) Command: {'cmd': ['/usr/bin/cmake', '--build', '/home/henrique/ws_visao/kinect-orbslam-ws/build/ros2_orbslam3', '--', '-j8', '-l8'], 'cwd': '/home/henrique/ws_visao/kinect-orbslam-ws/build/ros2_orbslam3', 'env': OrderedDict([('LESSOPEN', '| /usr/bin/lesspipe %s'), ('LANGUAGE', 'en_US:en'), ('USER', 'henrique'), ('LC_TIME', 'pt_BR.UTF-8'), ('XDG_SESSION_TYPE', 'x11'), ('SHLVL', '1'), ('LD_LIBRARY_PATH', '/home/henrique/ws_visao/kinect-orbslam-ws/install/ros2_orbslam3/lib:/home/henrique/ws_robotic/turtle_ws/install/kinect_ros2/lib:/home/henrique/ws_robotic/turtle_ws/install/libfreenect/lib:/home/henrique/ws_drone/keyboard-control-ros-sim/install/px4_ros_com/lib:/home/henrique/ws_drone/keyboard-control-ros-sim/install/px4_msgs/lib:/usr/lib/x86_64-linux-gnu/gazebo-11/plugins:/opt/ros/humble/opt/rviz_ogre_vendor/lib:/opt/ros/humble/lib/x86_64-linux-gnu:/opt/ros/humble/lib'), ('HOME', '/home/henrique'), ('OLDPWD', '/home/henrique/ws_visao'), ('DESKTOP_SESSION', 'ubuntu-xorg'), ('ROS_PYTHON_VERSION', '3'), ('GNOME_SHELL_SESSION_MODE', 'ubuntu'), ('GTK_MODULES', 'gail:atk-bridge'), ('LC_MONETARY', 'pt_BR.UTF-8'), ('LC_CTYPE', 'pt_BR.UTF-8'), ('SYSTEMD_EXEC_PID', '34323'), ('DBUS_SESSION_BUS_ADDRESS', 'unix:path=/run/user/1000/bus'), ('COLORTERM', 'truecolor'), ('PICO_TOOLCHAIN_PATH', '...'), ('MANDATORY_PATH', '/usr/share/gconf/ubuntu-xorg.mandatory.path'), ('COLCON_PREFIX_PATH', '/home/henrique/ws_visao/stereo-cam/install:/home/henrique/ws_visao/kinect-orbslam-ws/install:/home/henrique/ws_robotic/turtle_ws/install:/home/henrique/ws_drone/keyboard-control-ros-sim/install'), ('ROS_DISTRO', 'humble'), ('GTK_IM_MODULE', 'ibus'), ('LOGNAME', 'henrique'), ('_', '/usr/bin/colcon'), ('ROS_VERSION', '2'), ('PKG_CONFIG_PATH', '/home/henrique/ws_robotic/turtle_ws/install/libfreenect/lib/pkgconfig'), ('XDG_SESSION_CLASS', 'user'), ('DEFAULTS_PATH', '/usr/share/gconf/ubuntu-xorg.default.path'), ('USERNAME', 'henrique'), ('TERM', 'xterm-256color'), ('GNOME_DESKTOP_SESSION_ID', 'this-is-deprecated'), ('ROS_LOCALHOST_ONLY', '0'), ('WINDOWPATH', '2'), ('PATH', '/home/henrique/ws_robotic/turtle_ws/install/libfreenect/bin:/opt/ros/humble/bin:/opt/gcc-arm-none-eabi-9-2020-q2-update/bin:/home/henrique/.local/bin:/usr/local/sbin:/usr/local/bin:/usr/sbin:/usr/bin:/sbin:/bin:/usr/games:/usr/local/games:/snap/bin:/snap/bin'), ('SESSION_MANAGER', 'local/trojam:@/tmp/.ICE-unix/2240,unix/trojam:/tmp/.ICE-unix/2240'), ('PAPERSIZE', 'a4'), ('XDG_MENU_PREFIX', 'gnome-'), ('LC_ADDRESS', 'pt_BR.UTF-8'), ('GNOME_TERMINAL_SCREEN', '/org/gnome/Terminal/screen/af9fefb3_eb80_494c_9d21_f70417f2ae16'), ('XDG_RUNTIME_DIR', '/run/user/1000'), ('DISPLAY', ':0'), ('LANG', 'en_US.UTF-8'), ('XDG_CURRENT_DESKTOP', 'ubuntu:GNOME'), ('LC_TELEPHONE', 'pt_BR.UTF-8'), ('XMODIFIERS', '@im=ibus'), ('XDG_SESSION_DESKTOP', 'ubuntu-xorg'), ('XAUTHORITY', '/run/user/1000/gdm/Xauthority'), ('LS_COLORS', 'rs=0:di=01;34:ln=01;36:mh=00:pi=40;33:so=01;35:do=01;35:bd=40;33;01:cd=40;33;01:or=40;31;01:mi=00:su=37;41:sg=30;43:ca=30;41:tw=30;42:ow=34;42:st=37;44:ex=01;32:*.tar=01;31:*.tgz=01;31:*.arc=01;31:*.arj=01;31:*.taz=01;31:*.lha=01;31:*.lz4=01;31:*.lzh=01;31:*.lzma=01;31:*.tlz=01;31:*.txz=01;31:*.tzo=01;31:*.t7z=01;31:*.zip=01;31:*.z=01;31:*.dz=01;31:*.gz=01;31:*.lrz=01;31:*.lz=01;31:*.lzo=01;31:*.xz=01;31:*.zst=01;31:*.tzst=01;31:*.bz2=01;31:*.bz=01;31:*.tbz=01;31:*.tbz2=01;31:*.tz=01;31:*.deb=01;31:*.rpm=01;31:*.jar=01;31:*.war=01;31:*.ear=01;31:*.sar=01;31:*.rar=01;31:*.alz=01;31:*.ace=01;31:*.zoo=01;31:*.cpio=01;31:*.7z=01;31:*.rz=01;31:*.cab=01;31:*.wim=01;31:*.swm=01;31:*.dwm=01;31:*.esd=01;31:*.jpg=01;35:*.jpeg=01;35:*.mjpg=01;35:*.mjpeg=01;35:*.gif=01;35:*.bmp=01;35:*.pbm=01;35:*.pgm=01;35:*.ppm=01;35:*.tga=01;35:*.xbm=01;35:*.xpm=01;35:*.tif=01;35:*.tiff=01;35:*.png=01;35:*.svg=01;35:*.svgz=01;35:*.mng=01;35:*.pcx=01;35:*.mov=01;35:*.mpg=01;35:*.mpeg=01;35:*.m2v=01;35:*.mkv=01;35:*.webm=01;35:*.webp=01;35:*.ogm=01;35:*.mp4=01;35:*.m4v=01;35:*.mp4v=01;35:*.vob=01;35:*.qt=01;35:*.nuv=01;35:*.wmv=01;35:*.asf=01;35:*.rm=01;35:*.rmvb=01;35:*.flc=01;35:*.avi=01;35:*.fli=01;35:*.flv=01;35:*.gl=01;35:*.dl=01;35:*.xcf=01;35:*.xwd=01;35:*.yuv=01;35:*.cgm=01;35:*.emf=01;35:*.ogv=01;35:*.ogx=01;35:*.aac=00;36:*.au=00;36:*.flac=00;36:*.m4a=00;36:*.mid=00;36:*.midi=00;36:*.mka=00;36:*.mp3=00;36:*.mpc=00;36:*.ogg=00;36:*.ra=00;36:*.wav=00;36:*.oga=00;36:*.opus=00;36:*.spx=00;36:*.xspf=00;36:'), ('GNOME_TERMINAL_SERVICE', ':1.195'), ('SSH_AGENT_LAUNCHER', 'gnome-keyring'), ('SSH_AUTH_SOCK', '/run/user/1000/keyring/ssh'), ('AMENT_PREFIX_PATH', '/home/henrique/ws_visao/kinect-orbslam-ws/install/ros2_orbslam3:/home/henrique/ws_visao/stereo-cam/install/stereo_cam:/home/henrique/ws_robotic/turtle_ws/install/kinect_ros2:/home/henrique/ws_drone/keyboard-control-ros-sim/install/px4_ros_com:/home/henrique/ws_drone/keyboard-control-ros-sim/install/px4_control:/home/henrique/ws_drone/keyboard-control-ros-sim/install/px4_msgs:/opt/ros/humble'), ('SHELL', '/bin/bash'), ('LC_NAME', 'pt_BR.UTF-8'), ('QT_ACCESSIBILITY', '1'), ('GDMSESSION', 'ubuntu-xorg'), ('LESSCLOSE', '/usr/bin/lesspipe %s %s'), ('LC_MEASUREMENT', 'pt_BR.UTF-8'), ('GPG_AGENT_INFO', '/run/user/1000/gnupg/S.gpg-agent:0:1'), ('LC_IDENTIFICATION', 'pt_BR.UTF-8'), ('QT_IM_MODULE', 'ibus'), ('PWD', '/home/henrique/ws_visao/kinect-orbslam-ws/build/ros2_orbslam3'), ('LC_ALL', 'en_US.UTF-8'), ('XDG_CONFIG_DIRS', '/etc/xdg/xdg-ubuntu-xorg:/etc/xdg'), ('PICO_SDK_PATH', '/home/henrique/pico-sdk'), ('XDG_DATA_DIRS', '/usr/share/ubuntu-xorg:/usr/share/gnome:/home/henrique/.local/share/flatpak/exports/share:/var/lib/flatpak/exports/share:/usr/local/share/:/usr/share/:/var/lib/snapd/desktop'), ('PYTHONPATH', '/home/henrique/ws_visao/stereo-cam/install/stereo_cam/lib/python3.10/site-packages:/home/henrique/ws_drone/keyboard-control-ros-sim/install/px4_ros_com/local/lib/python3.10/dist-packages:/home/henrique/ws_drone/keyboard-control-ros-sim/install/px4_control/lib/python3.10/site-packages:/home/henrique/ws_drone/keyboard-control-ros-sim/install/px4_msgs/local/lib/python3.10/dist-packages:/opt/ros/humble/lib/python3.10/site-packages:/opt/ros/humble/local/lib/python3.10/dist-packages'), ('LC_NUMERIC', 'pt_BR.UTF-8'), ('LC_PAPER', 'pt_BR.UTF-8'), ('COLCON', '1'), ('VTE_VERSION', '6800'), ('CMAKE_PREFIX_PATH', '/home/henrique/ws_visao/kinect-orbslam-ws/install/ros2_orbslam3:/home/henrique/ws_robotic/turtle_ws/install/kinect_ros2:/home/henrique/ws_robotic/turtle_ws/install/libfreenect:/home/henrique/ws_drone/keyboard-control-ros-sim/install/px4_ros_com:/home/henrique/ws_drone/keyboard-control-ros-sim/install/px4_msgs:/home/henrique/ws_visao/stereo-cam/install/stereo_cam:/home/henrique/ws_drone/keyboard-control-ros-sim/install/px4_control:/opt/ros/humble')]), 'shell': False}
[0.046464] (ros2_orbslam3) StdoutLine: {'line': b'\x1b[35m\x1b[1mConsolidate compiler generated dependencies of target stereo\x1b[0m\n'}
[0.060540] (ros2_orbslam3) StdoutLine: {'line': b'[ 66%] Built target mono\n'}
[0.060678] (ros2_orbslam3) StdoutLine: {'line': b'[ 66%] Built target rgbd\n'}
[0.067905] (ros2_orbslam3) StdoutLine: {'line': b'[ 77%] \x1b[32mBuilding CXX object CMakeFiles/stereo.dir/src/stereo/stereo-slam-node.cpp.o\x1b[0m\n'}
[0.099973] (-) TimerEvent: {}
[0.200200] (-) TimerEvent: {}
[0.300470] (-) TimerEvent: {}
[0.400837] (-) TimerEvent: {}
[0.501189] (-) TimerEvent: {}
[0.601536] (-) TimerEvent: {}
[0.701886] (-) TimerEvent: {}
[0.802115] (-) TimerEvent: {}
[0.902438] (-) TimerEvent: {}
[1.002789] (-) TimerEvent: {}
[1.103125] (-) TimerEvent: {}
[1.203470] (-) TimerEvent: {}
[1.303699] (-) TimerEvent: {}
[1.404034] (-) TimerEvent: {}
[1.504301] (-) TimerEvent: {}
[1.604645] (-) TimerEvent: {}
[1.704892] (-) TimerEvent: {}
[1.805165] (-) TimerEvent: {}
[1.905440] (-) TimerEvent: {}
[2.005702] (-) TimerEvent: {}
[2.105932] (-) TimerEvent: {}
[2.206291] (-) TimerEvent: {}
[2.306644] (-) TimerEvent: {}
[2.407002] (-) TimerEvent: {}
[2.507339] (-) TimerEvent: {}
[2.607682] (-) TimerEvent: {}
[2.707937] (-) TimerEvent: {}
[2.808290] (-) TimerEvent: {}
[2.908651] (-) TimerEvent: {}
[3.008996] (-) TimerEvent: {}
[3.109337] (-) TimerEvent: {}
[3.209690] (-) TimerEvent: {}
[3.310042] (-) TimerEvent: {}
[3.410386] (-) TimerEvent: {}
[3.430226] (ros2_orbslam3) StderrLine: {'line': b'In file included from \x1b[01m\x1b[K/home/henrique/ORB_SLAM3_Modular/include/Frame.h:30\x1b[m\x1b[K,\n'}
[3.430367] (ros2_orbslam3) StderrLine: {'line': b'                 from \x1b[01m\x1b[K/home/henrique/ORB_SLAM3_Modular/include/KeyFrame.h:28\x1b[m\x1b[K,\n'}
[3.430406] (ros2_orbslam3) StderrLine: {'line': b'                 from \x1b[01m\x1b[K/home/henrique/ORB_SLAM3_Modular/include/MapPoint.h:23\x1b[m\x1b[K,\n'}
[3.430438] (ros2_orbslam3) StderrLine: {'line': b'                 from \x1b[01m\x1b[K/home/henrique/ORB_SLAM3_Modular/include/FrameDrawer.h:24\x1b[m\x1b[K,\n'}
[3.430470] (ros2_orbslam3) StderrLine: {'line': b'                 from \x1b[01m\x1b[K/home/henrique/ORB_SLAM3_Modular/include/Viewer.h:23\x1b[m\x1b[K,\n'}
[3.430502] (ros2_orbslam3) StderrLine: {'line': b'                 from \x1b[01m\x1b[K/home/henrique/ORB_SLAM3_Modular/include/Tracking.h:26\x1b[m\x1b[K,\n'}
[3.430533] (ros2_orbslam3) StderrLine: {'line': b'                 from \x1b[01m\x1b[K/home/henrique/ORB_SLAM3_Modular/include/System.h:31\x1b[m\x1b[K,\n'}
[3.430579] (ros2_orbslam3) StderrLine: {'line': b'                 from \x1b[01m\x1b[K/home/henrique/ws_visao/kinect-orbslam-ws/src/ros2_orbslam3/src/stereo/stereo-slam-node.hpp:29\x1b[m\x1b[K,\n'}
[3.430631] (ros2_orbslam3) StderrLine: {'line': b'                 from \x1b[01m\x1b[K/home/henrique/ws_visao/kinect-orbslam-ws/src/ros2_orbslam3/src/stereo/stereo-slam-node.cpp:7\x1b[m\x1b[K:\n'}
[3.430667] (ros2_orbslam3) StderrLine: {'line': b'\x1b[01m\x1b[K/home/henrique/ORB_SLAM3_Modular/include/ImuTypes.h:\x1b[m\x1b[K In member function \xe2\x80\x98\x1b[01m\x1b[Kvoid ORB_SLAM3::IMU::Preintegrated::printMeasurements() const\x1b[m\x1b[K\xe2\x80\x99:\n'}
[3.430704] (ros2_orbslam3) StderrLine: {'line': b'\x1b[01m\x1b[K/home/henrique/ORB_SLAM3_Modular/include/ImuTypes.h:204:23:\x1b[m\x1b[K \x1b[01;35m\x1b[Kwarning: \x1b[m\x1b[Kcomparison of integer expressions of different signedness: \xe2\x80\x98\x1b[01m\x1b[Kint\x1b[m\x1b[K\xe2\x80\x99 and \xe2\x80\x98\x1b[01m\x1b[Kstd::vector<ORB_SLAM3::IMU::Preintegrated::integrable>::size_type\x1b[m\x1b[K\xe2\x80\x99 {aka \xe2\x80\x98\x1b[01m\x1b[Klong unsigned int\x1b[m\x1b[K\xe2\x80\x99} [\x1b[01;35m\x1b[K\x1b]8;;https://gcc.gnu.org/onlinedocs/gcc/Warning-Options.html#index-Wsign-compare\x07-Wsign-compare\x1b]8;;\x07\x1b[m\x1b[K]\n'}
[3.430739] (ros2_orbslam3) StderrLine: {'line': b'  204 |         for(int i=0; \x1b[01;35m\x1b[Ki<mvMeasurements.size()\x1b[m\x1b[K; i++){\n'}
[3.430771] (ros2_orbslam3) StderrLine: {'line': b'      |                      \x1b[01;35m\x1b[K~^~~~~~~~~~~~~~~~~~~~~~\x1b[m\x1b[K\n'}
[3.492749] (ros2_orbslam3) StderrLine: {'line': b'In file included from \x1b[01m\x1b[K/home/henrique/ORB_SLAM3_Modular/Thirdparty/g2o/g2o/types/types_six_dof_expmap.h:37\x1b[m\x1b[K,\n'}
[3.492873] (ros2_orbslam3) StderrLine: {'line': b'                 from \x1b[01m\x1b[K/home/henrique/ORB_SLAM3_Modular/include/Converter.h:26\x1b[m\x1b[K,\n'}
[3.492910] (ros2_orbslam3) StderrLine: {'line': b'                 from \x1b[01m\x1b[K/home/henrique/ORB_SLAM3_Modular/include/Frame.h:33\x1b[m\x1b[K,\n'}
[3.492943] (ros2_orbslam3) StderrLine: {'line': b'                 from \x1b[01m\x1b[K/home/henrique/ORB_SLAM3_Modular/include/KeyFrame.h:28\x1b[m\x1b[K,\n'}
[3.492975] (ros2_orbslam3) StderrLine: {'line': b'                 from \x1b[01m\x1b[K/home/henrique/ORB_SLAM3_Modular/include/MapPoint.h:23\x1b[m\x1b[K,\n'}
[3.493007] (ros2_orbslam3) StderrLine: {'line': b'                 from \x1b[01m\x1b[K/home/henrique/ORB_SLAM3_Modular/include/FrameDrawer.h:24\x1b[m\x1b[K,\n'}
[3.493045] (ros2_orbslam3) StderrLine: {'line': b'                 from \x1b[01m\x1b[K/home/henrique/ORB_SLAM3_Modular/include/Viewer.h:23\x1b[m\x1b[K,\n'}
[3.493076] (ros2_orbslam3) StderrLine: {'line': b'                 from \x1b[01m\x1b[K/home/henrique/ORB_SLAM3_Modular/include/Tracking.h:26\x1b[m\x1b[K,\n'}
[3.493108] (ros2_orbslam3) StderrLine: {'line': b'                 from \x1b[01m\x1b[K/home/henrique/ORB_SLAM3_Modular/include/System.h:31\x1b[m\x1b[K,\n'}
[3.493139] (ros2_orbslam3) StderrLine: {'line': b'                 from \x1b[01m\x1b[K/home/henrique/ws_visao/kinect-orbslam-ws/src/ros2_orbslam3/src/stereo/stereo-slam-node.hpp:29\x1b[m\x1b[K,\n'}
[3.493171] (ros2_orbslam3) StderrLine: {'line': b'                 from \x1b[01m\x1b[K/home/henrique/ws_visao/kinect-orbslam-ws/src/ros2_orbslam3/src/stereo/stereo-slam-node.cpp:7\x1b[m\x1b[K:\n'}
[3.493203] (ros2_orbslam3) StderrLine: {'line': b'\x1b[01m\x1b[K/home/henrique/ORB_SLAM3_Modular/Thirdparty/g2o/g2o/types/../core/base_vertex.h:\x1b[m\x1b[K At global scope:\n'}
[3.493235] (ros2_orbslam3) StderrLine: {'line': b'\x1b[01m\x1b[K/home/henrique/ORB_SLAM3_Modular/Thirdparty/g2o/g2o/types/../core/base_vertex.h:62:74:\x1b[m\x1b[K \x1b[01;35m\x1b[Kwarning: \x1b[m\x1b[K\xe2\x80\x98\x1b[01m\x1b[KEigen::AlignedBit\x1b[m\x1b[K\xe2\x80\x99 is deprecated [\x1b[01;35m\x1b[K\x1b]8;;https://gcc.gnu.org/onlinedocs/gcc/Warning-Options.html#index-Wdeprecated-declarations\x07-Wdeprecated-declarations\x1b]8;;\x07\x1b[m\x1b[K]\n'}
[3.493270] (ros2_orbslam3) StderrLine: {'line': b'   62 |     typedef Eigen::Map<Matrix<double, D, D>, Matrix<double,D,D>::Flags & \x1b[01;35m\x1b[KAlignedBit\x1b[m\x1b[K ? Aligned : Unaligned >  HessianBlockType;\n'}
[3.493307] (ros2_orbslam3) StderrLine: {'line': b'      |                                                                          \x1b[01;35m\x1b[K^~~~~~~~~~\x1b[m\x1b[K\n'}
[3.493337] (ros2_orbslam3) StderrLine: {'line': b'In file included from \x1b[01m\x1b[K/usr/include/eigen3/Eigen/Core:161\x1b[m\x1b[K,\n'}
[3.493367] (ros2_orbslam3) StderrLine: {'line': b'                 from \x1b[01m\x1b[K/usr/include/eigen3/Eigen/Dense:1\x1b[m\x1b[K,\n'}
[3.493397] (ros2_orbslam3) StderrLine: {'line': b'                 from \x1b[01m\x1b[K/home/henrique/ws_visao/kinect-orbslam-ws/src/ros2_orbslam3/src/stereo/stereo-slam-node.cpp:2\x1b[m\x1b[K:\n'}
[3.493428] (ros2_orbslam3) StderrLine: {'line': b'\x1b[01m\x1b[K/usr/include/eigen3/Eigen/src/Core/util/Constants.h:167:37:\x1b[m\x1b[K \x1b[01;36m\x1b[Knote: \x1b[m\x1b[Kdeclared here\n'}
[3.493458] (ros2_orbslam3) StderrLine: {'line': b'  167 | EIGEN_DEPRECATED const unsigned int \x1b[01;36m\x1b[KAlignedBit\x1b[m\x1b[K = 0x80;\n'}
[3.493491] (ros2_orbslam3) StderrLine: {'line': b'      |                                     \x1b[01;36m\x1b[K^~~~~~~~~~\x1b[m\x1b[K\n'}
[3.507862] (ros2_orbslam3) StderrLine: {'line': b'In file included from \x1b[01m\x1b[K/home/henrique/ORB_SLAM3_Modular/Thirdparty/g2o/g2o/types/types_six_dof_expmap.h:38\x1b[m\x1b[K,\n'}
[3.507997] (ros2_orbslam3) StderrLine: {'line': b'                 from \x1b[01m\x1b[K/home/henrique/ORB_SLAM3_Modular/include/Converter.h:26\x1b[m\x1b[K,\n'}
[3.508035] (ros2_orbslam3) StderrLine: {'line': b'                 from \x1b[01m\x1b[K/home/henrique/ORB_SLAM3_Modular/include/Frame.h:33\x1b[m\x1b[K,\n'}
[3.508067] (ros2_orbslam3) StderrLine: {'line': b'                 from \x1b[01m\x1b[K/home/henrique/ORB_SLAM3_Modular/include/KeyFrame.h:28\x1b[m\x1b[K,\n'}
[3.508098] (ros2_orbslam3) StderrLine: {'line': b'                 from \x1b[01m\x1b[K/home/henrique/ORB_SLAM3_Modular/include/MapPoint.h:23\x1b[m\x1b[K,\n'}
[3.508128] (ros2_orbslam3) StderrLine: {'line': b'                 from \x1b[01m\x1b[K/home/henrique/ORB_SLAM3_Modular/include/FrameDrawer.h:24\x1b[m\x1b[K,\n'}
[3.508159] (ros2_orbslam3) StderrLine: {'line': b'                 from \x1b[01m\x1b[K/home/henrique/ORB_SLAM3_Modular/include/Viewer.h:23\x1b[m\x1b[K,\n'}
[3.508189] (ros2_orbslam3) StderrLine: {'line': b'                 from \x1b[01m\x1b[K/home/henrique/ORB_SLAM3_Modular/include/Tracking.h:26\x1b[m\x1b[K,\n'}
[3.508221] (ros2_orbslam3) StderrLine: {'line': b'                 from \x1b[01m\x1b[K/home/henrique/ORB_SLAM3_Modular/include/System.h:31\x1b[m\x1b[K,\n'}
[3.508251] (ros2_orbslam3) StderrLine: {'line': b'                 from \x1b[01m\x1b[K/home/henrique/ws_visao/kinect-orbslam-ws/src/ros2_orbslam3/src/stereo/stereo-slam-node.hpp:29\x1b[m\x1b[K,\n'}
[3.508282] (ros2_orbslam3) StderrLine: {'line': b'                 from \x1b[01m\x1b[K/home/henrique/ws_visao/kinect-orbslam-ws/src/ros2_orbslam3/src/stereo/stereo-slam-node.cpp:7\x1b[m\x1b[K:\n'}
[3.508312] (ros2_orbslam3) StderrLine: {'line': b'\x1b[01m\x1b[K/home/henrique/ORB_SLAM3_Modular/Thirdparty/g2o/g2o/types/../core/base_binary_edge.h:59:82:\x1b[m\x1b[K \x1b[01;35m\x1b[Kwarning: \x1b[m\x1b[K\xe2\x80\x98\x1b[01m\x1b[KEigen::AlignedBit\x1b[m\x1b[K\xe2\x80\x99 is deprecated [\x1b[01;35m\x1b[K\x1b]8;;https://gcc.gnu.org/onlinedocs/gcc/Warning-Options.html#index-Wdeprecated-declarations\x07-Wdeprecated-declarations\x1b]8;;\x07\x1b[m\x1b[K]\n'}
[3.508346] (ros2_orbslam3) StderrLine: {'line': b'   59 |       typedef Eigen::Map<Matrix<double, Di, Dj>, Matrix<double, Di, Dj>::Flags & \x1b[01;35m\x1b[KAlignedBit\x1b[m\x1b[K ? Aligned : Unaligned > HessianBlockType;\n'}
[3.508377] (ros2_orbslam3) StderrLine: {'line': b'      |                                                                                  \x1b[01;35m\x1b[K^~~~~~~~~~\x1b[m\x1b[K\n'}
[3.508408] (ros2_orbslam3) StderrLine: {'line': b'In file included from \x1b[01m\x1b[K/usr/include/eigen3/Eigen/Core:161\x1b[m\x1b[K,\n'}
[3.508437] (ros2_orbslam3) StderrLine: {'line': b'                 from \x1b[01m\x1b[K/usr/include/eigen3/Eigen/Dense:1\x1b[m\x1b[K,\n'}
[3.508467] (ros2_orbslam3) StderrLine: {'line': b'                 from \x1b[01m\x1b[K/home/henrique/ws_visao/kinect-orbslam-ws/src/ros2_orbslam3/src/stereo/stereo-slam-node.cpp:2\x1b[m\x1b[K:\n'}
[3.508498] (ros2_orbslam3) StderrLine: {'line': b'\x1b[01m\x1b[K/usr/include/eigen3/Eigen/src/Core/util/Constants.h:167:37:\x1b[m\x1b[K \x1b[01;36m\x1b[Knote: \x1b[m\x1b[Kdeclared here\n'}
[3.508528] (ros2_orbslam3) StderrLine: {'line': b'  167 | EIGEN_DEPRECATED const unsigned int \x1b[01;36m\x1b[KAlignedBit\x1b[m\x1b[K = 0x80;\n'}
[3.508564] (ros2_orbslam3) StderrLine: {'line': b'      |                                     \x1b[01;36m\x1b[K^~~~~~~~~~\x1b[m\x1b[K\n'}
[3.508605] (ros2_orbslam3) StderrLine: {'line': b'In file included from \x1b[01m\x1b[K/home/henrique/ORB_SLAM3_Modular/Thirdparty/g2o/g2o/types/types_six_dof_expmap.h:38\x1b[m\x1b[K,\n'}
[3.508639] (ros2_orbslam3) StderrLine: {'line': b'                 from \x1b[01m\x1b[K/home/henrique/ORB_SLAM3_Modular/include/Converter.h:26\x1b[m\x1b[K,\n'}
[3.508673] (ros2_orbslam3) StderrLine: {'line': b'                 from \x1b[01m\x1b[K/home/henrique/ORB_SLAM3_Modular/include/Frame.h:33\x1b[m\x1b[K,\n'}
[3.508706] (ros2_orbslam3) StderrLine: {'line': b'                 from \x1b[01m\x1b[K/home/henrique/ORB_SLAM3_Modular/include/KeyFrame.h:28\x1b[m\x1b[K,\n'}
[3.508736] (ros2_orbslam3) StderrLine: {'line': b'                 from \x1b[01m\x1b[K/home/henrique/ORB_SLAM3_Modular/include/MapPoint.h:23\x1b[m\x1b[K,\n'}
[3.508767] (ros2_orbslam3) StderrLine: {'line': b'                 from \x1b[01m\x1b[K/home/henrique/ORB_SLAM3_Modular/include/FrameDrawer.h:24\x1b[m\x1b[K,\n'}
[3.508798] (ros2_orbslam3) StderrLine: {'line': b'                 from \x1b[01m\x1b[K/home/henrique/ORB_SLAM3_Modular/include/Viewer.h:23\x1b[m\x1b[K,\n'}
[3.508828] (ros2_orbslam3) StderrLine: {'line': b'                 from \x1b[01m\x1b[K/home/henrique/ORB_SLAM3_Modular/include/Tracking.h:26\x1b[m\x1b[K,\n'}
[3.508859] (ros2_orbslam3) StderrLine: {'line': b'                 from \x1b[01m\x1b[K/home/henrique/ORB_SLAM3_Modular/include/System.h:31\x1b[m\x1b[K,\n'}
[3.508889] (ros2_orbslam3) StderrLine: {'line': b'                 from \x1b[01m\x1b[K/home/henrique/ws_visao/kinect-orbslam-ws/src/ros2_orbslam3/src/stereo/stereo-slam-node.hpp:29\x1b[m\x1b[K,\n'}
[3.508919] (ros2_orbslam3) StderrLine: {'line': b'                 from \x1b[01m\x1b[K/home/henrique/ws_visao/kinect-orbslam-ws/src/ros2_orbslam3/src/stereo/stereo-slam-node.cpp:7\x1b[m\x1b[K:\n'}
[3.508951] (ros2_orbslam3) StderrLine: {'line': b'\x1b[01m\x1b[K/home/henrique/ORB_SLAM3_Modular/Thirdparty/g2o/g2o/types/../core/base_binary_edge.h:60:82:\x1b[m\x1b[K \x1b[01;35m\x1b[Kwarning: \x1b[m\x1b[K\xe2\x80\x98\x1b[01m\x1b[KEigen::AlignedBit\x1b[m\x1b[K\xe2\x80\x99 is deprecated [\x1b[01;35m\x1b[K\x1b]8;;https://gcc.gnu.org/onlinedocs/gcc/Warning-Options.html#index-Wdeprecated-declarations\x07-Wdeprecated-declarations\x1b]8;;\x07\x1b[m\x1b[K]\n'}
[3.508984] (ros2_orbslam3) StderrLine: {'line': b'   60 |       typedef Eigen::Map<Matrix<double, Dj, Di>, Matrix<double, Dj, Di>::Flags & \x1b[01;35m\x1b[KAlignedBit\x1b[m\x1b[K ? Aligned : Unaligned > HessianBlockTransposedType;\n'}
[3.509014] (ros2_orbslam3) StderrLine: {'line': b'      |                                                                                  \x1b[01;35m\x1b[K^~~~~~~~~~\x1b[m\x1b[K\n'}
[3.509047] (ros2_orbslam3) StderrLine: {'line': b'In file included from \x1b[01m\x1b[K/usr/include/eigen3/Eigen/Core:161\x1b[m\x1b[K,\n'}
[3.509077] (ros2_orbslam3) StderrLine: {'line': b'                 from \x1b[01m\x1b[K/usr/include/eigen3/Eigen/Dense:1\x1b[m\x1b[K,\n'}
[3.509107] (ros2_orbslam3) StderrLine: {'line': b'                 from \x1b[01m\x1b[K/home/henrique/ws_visao/kinect-orbslam-ws/src/ros2_orbslam3/src/stereo/stereo-slam-node.cpp:2\x1b[m\x1b[K:\n'}
[3.509139] (ros2_orbslam3) StderrLine: {'line': b'\x1b[01m\x1b[K/usr/include/eigen3/Eigen/src/Core/util/Constants.h:167:37:\x1b[m\x1b[K \x1b[01;36m\x1b[Knote: \x1b[m\x1b[Kdeclared here\n'}
[3.509169] (ros2_orbslam3) StderrLine: {'line': b'  167 | EIGEN_DEPRECATED const unsigned int \x1b[01;36m\x1b[KAlignedBit\x1b[m\x1b[K = 0x80;\n'}
[3.509199] (ros2_orbslam3) StderrLine: {'line': b'      |                                     \x1b[01;36m\x1b[K^~~~~~~~~~\x1b[m\x1b[K\n'}
[3.510462] (-) TimerEvent: {}
[3.539953] (ros2_orbslam3) StderrLine: {'line': b'In file included from \x1b[01m\x1b[K/home/henrique/ORB_SLAM3_Modular/Thirdparty/g2o/g2o/types/types_six_dof_expmap.h:41\x1b[m\x1b[K,\n'}
[3.540085] (ros2_orbslam3) StderrLine: {'line': b'                 from \x1b[01m\x1b[K/home/henrique/ORB_SLAM3_Modular/include/Converter.h:26\x1b[m\x1b[K,\n'}
[3.540127] (ros2_orbslam3) StderrLine: {'line': b'                 from \x1b[01m\x1b[K/home/henrique/ORB_SLAM3_Modular/include/Frame.h:33\x1b[m\x1b[K,\n'}
[3.540163] (ros2_orbslam3) StderrLine: {'line': b'                 from \x1b[01m\x1b[K/home/henrique/ORB_SLAM3_Modular/include/KeyFrame.h:28\x1b[m\x1b[K,\n'}
[3.540197] (ros2_orbslam3) StderrLine: {'line': b'                 from \x1b[01m\x1b[K/home/henrique/ORB_SLAM3_Modular/include/MapPoint.h:23\x1b[m\x1b[K,\n'}
[3.540230] (ros2_orbslam3) StderrLine: {'line': b'                 from \x1b[01m\x1b[K/home/henrique/ORB_SLAM3_Modular/include/FrameDrawer.h:24\x1b[m\x1b[K,\n'}
[3.540263] (ros2_orbslam3) StderrLine: {'line': b'                 from \x1b[01m\x1b[K/home/henrique/ORB_SLAM3_Modular/include/Viewer.h:23\x1b[m\x1b[K,\n'}
[3.540297] (ros2_orbslam3) StderrLine: {'line': b'                 from \x1b[01m\x1b[K/home/henrique/ORB_SLAM3_Modular/include/Tracking.h:26\x1b[m\x1b[K,\n'}
[3.540331] (ros2_orbslam3) StderrLine: {'line': b'                 from \x1b[01m\x1b[K/home/henrique/ORB_SLAM3_Modular/include/System.h:31\x1b[m\x1b[K,\n'}
[3.540365] (ros2_orbslam3) StderrLine: {'line': b'                 from \x1b[01m\x1b[K/home/henrique/ws_visao/kinect-orbslam-ws/src/ros2_orbslam3/src/stereo/stereo-slam-node.hpp:29\x1b[m\x1b[K,\n'}
[3.540400] (ros2_orbslam3) StderrLine: {'line': b'                 from \x1b[01m\x1b[K/home/henrique/ws_visao/kinect-orbslam-ws/src/ros2_orbslam3/src/stereo/stereo-slam-node.cpp:7\x1b[m\x1b[K:\n'}
[3.540434] (ros2_orbslam3) StderrLine: {'line': b'\x1b[01m\x1b[K/home/henrique/ORB_SLAM3_Modular/Thirdparty/g2o/g2o/types/se3quat.h:43:38:\x1b[m\x1b[K \x1b[01;35m\x1b[Kwarning: \x1b[m\x1b[Kextra \xe2\x80\x98\x1b[01m\x1b[K;\x1b[m\x1b[K\xe2\x80\x99 [\x1b[01;35m\x1b[K\x1b]8;;https://gcc.gnu.org/onlinedocs/gcc/Warning-Options.html#index-Wpedantic\x07-Wpedantic\x1b]8;;\x07\x1b[m\x1b[K]\n'}
[3.540480] (ros2_orbslam3) StderrLine: {'line': b'   43 |       EIGEN_MAKE_ALIGNED_OPERATOR_NEW\x1b[01;35m\x1b[K;\x1b[m\x1b[K\n'}
[3.540515] (ros2_orbslam3) StderrLine: {'line': b'      |                                      \x1b[01;35m\x1b[K^\x1b[m\x1b[K\n'}
[3.540548] (ros2_orbslam3) StderrLine: {'line': b'      |                                      \x1b[31m\x1b[K-\x1b[m\x1b[K\n'}
[3.610670] (-) TimerEvent: {}
[3.711008] (-) TimerEvent: {}
[3.798207] (ros2_orbslam3) StderrLine: {'line': b'In file included from \x1b[01m\x1b[K/home/henrique/ORB_SLAM3_Modular/Thirdparty/g2o/g2o/types/types_six_dof_expmap.h:37\x1b[m\x1b[K,\n'}
[3.798335] (ros2_orbslam3) StderrLine: {'line': b'                 from \x1b[01m\x1b[K/home/henrique/ORB_SLAM3_Modular/include/Converter.h:26\x1b[m\x1b[K,\n'}
[3.798374] (ros2_orbslam3) StderrLine: {'line': b'                 from \x1b[01m\x1b[K/home/henrique/ORB_SLAM3_Modular/include/Frame.h:33\x1b[m\x1b[K,\n'}
[3.798407] (ros2_orbslam3) StderrLine: {'line': b'                 from \x1b[01m\x1b[K/home/henrique/ORB_SLAM3_Modular/include/KeyFrame.h:28\x1b[m\x1b[K,\n'}
[3.798439] (ros2_orbslam3) StderrLine: {'line': b'                 from \x1b[01m\x1b[K/home/henrique/ORB_SLAM3_Modular/include/MapPoint.h:23\x1b[m\x1b[K,\n'}
[3.798470] (ros2_orbslam3) StderrLine: {'line': b'                 from \x1b[01m\x1b[K/home/henrique/ORB_SLAM3_Modular/include/FrameDrawer.h:24\x1b[m\x1b[K,\n'}
[3.798502] (ros2_orbslam3) StderrLine: {'line': b'                 from \x1b[01m\x1b[K/home/henrique/ORB_SLAM3_Modular/include/Viewer.h:23\x1b[m\x1b[K,\n'}
[3.798533] (ros2_orbslam3) StderrLine: {'line': b'                 from \x1b[01m\x1b[K/home/henrique/ORB_SLAM3_Modular/include/Tracking.h:26\x1b[m\x1b[K,\n'}
[3.798594] (ros2_orbslam3) StderrLine: {'line': b'                 from \x1b[01m\x1b[K/home/henrique/ORB_SLAM3_Modular/include/System.h:31\x1b[m\x1b[K,\n'}
[3.798631] (ros2_orbslam3) StderrLine: {'line': b'                 from \x1b[01m\x1b[K/home/henrique/ws_visao/kinect-orbslam-ws/src/ros2_orbslam3/src/stereo/stereo-slam-node.hpp:29\x1b[m\x1b[K,\n'}
[3.798665] (ros2_orbslam3) StderrLine: {'line': b'                 from \x1b[01m\x1b[K/home/henrique/ws_visao/kinect-orbslam-ws/src/ros2_orbslam3/src/stereo/stereo-slam-node.cpp:7\x1b[m\x1b[K:\n'}
[3.798702] (ros2_orbslam3) StderrLine: {'line': b'/home/henrique/ORB_SLAM3_Modular/Thirdparty/g2o/g2o/types/../core/base_vertex.h: In instantiation of \xe2\x80\x98\x1b[01m\x1b[Kclass g2o::BaseVertex<3, Eigen::Matrix<double, 3, 1> >\x1b[m\x1b[K\xe2\x80\x99:\n'}
[3.798735] (ros2_orbslam3) StderrLine: {'line': b'\x1b[01m\x1b[K/home/henrique/ORB_SLAM3_Modular/Thirdparty/g2o/g2o/types/types_sba.h:40:35:\x1b[m\x1b[K   required from here\n'}
[3.798766] (ros2_orbslam3) StderrLine: {'line': b'\x1b[01m\x1b[K/home/henrique/ORB_SLAM3_Modular/Thirdparty/g2o/g2o/types/../core/base_vertex.h:62:72:\x1b[m\x1b[K \x1b[01;35m\x1b[Kwarning: \x1b[m\x1b[K\xe2\x80\x98\x1b[01m\x1b[KEigen::AlignedBit\x1b[m\x1b[K\xe2\x80\x99 is deprecated [\x1b[01;35m\x1b[K\x1b]8;;https://gcc.gnu.org/onlinedocs/gcc/Warning-Options.html#index-Wdeprecated-declarations\x07-Wdeprecated-declarations\x1b]8;;\x07\x1b[m\x1b[K]\n'}
[3.798801] (ros2_orbslam3) StderrLine: {'line': b'   62 |     typedef Eigen::Map<Matrix<double, D, D>, Matrix<double,D,D>::\x1b[01;35m\x1b[KFlags & AlignedBit\x1b[m\x1b[K ? Aligned : Unaligned >  HessianBlockType;\n'}
[3.798832] (ros2_orbslam3) StderrLine: {'line': b'      |                                                                  \x1b[01;35m\x1b[K~~~~~~^~~~~~~~~~~~\x1b[m\x1b[K\n'}
[3.798866] (ros2_orbslam3) StderrLine: {'line': b'In file included from \x1b[01m\x1b[K/usr/include/eigen3/Eigen/Core:161\x1b[m\x1b[K,\n'}
[3.798897] (ros2_orbslam3) StderrLine: {'line': b'                 from \x1b[01m\x1b[K/usr/include/eigen3/Eigen/Dense:1\x1b[m\x1b[K,\n'}
[3.798928] (ros2_orbslam3) StderrLine: {'line': b'                 from \x1b[01m\x1b[K/home/henrique/ws_visao/kinect-orbslam-ws/src/ros2_orbslam3/src/stereo/stereo-slam-node.cpp:2\x1b[m\x1b[K:\n'}
[3.798962] (ros2_orbslam3) StderrLine: {'line': b'\x1b[01m\x1b[K/usr/include/eigen3/Eigen/src/Core/util/Constants.h:167:37:\x1b[m\x1b[K \x1b[01;36m\x1b[Knote: \x1b[m\x1b[Kdeclared here\n'}
[3.798992] (ros2_orbslam3) StderrLine: {'line': b'  167 | EIGEN_DEPRECATED const unsigned int \x1b[01;36m\x1b[KAlignedBit\x1b[m\x1b[K = 0x80;\n'}
[3.799022] (ros2_orbslam3) StderrLine: {'line': b'      |                                     \x1b[01;36m\x1b[K^~~~~~~~~~\x1b[m\x1b[K\n'}
[3.811204] (-) TimerEvent: {}
[3.817693] (ros2_orbslam3) StderrLine: {'line': b'In file included from \x1b[01m\x1b[K/home/henrique/ORB_SLAM3_Modular/Thirdparty/g2o/g2o/types/types_six_dof_expmap.h:37\x1b[m\x1b[K,\n'}
[3.817819] (ros2_orbslam3) StderrLine: {'line': b'                 from \x1b[01m\x1b[K/home/henrique/ORB_SLAM3_Modular/include/Converter.h:26\x1b[m\x1b[K,\n'}
[3.817857] (ros2_orbslam3) StderrLine: {'line': b'                 from \x1b[01m\x1b[K/home/henrique/ORB_SLAM3_Modular/include/Frame.h:33\x1b[m\x1b[K,\n'}
[3.817889] (ros2_orbslam3) StderrLine: {'line': b'                 from \x1b[01m\x1b[K/home/henrique/ORB_SLAM3_Modular/include/KeyFrame.h:28\x1b[m\x1b[K,\n'}
[3.817919] (ros2_orbslam3) StderrLine: {'line': b'                 from \x1b[01m\x1b[K/home/henrique/ORB_SLAM3_Modular/include/MapPoint.h:23\x1b[m\x1b[K,\n'}
[3.817949] (ros2_orbslam3) StderrLine: {'line': b'                 from \x1b[01m\x1b[K/home/henrique/ORB_SLAM3_Modular/include/FrameDrawer.h:24\x1b[m\x1b[K,\n'}
[3.817980] (ros2_orbslam3) StderrLine: {'line': b'                 from \x1b[01m\x1b[K/home/henrique/ORB_SLAM3_Modular/include/Viewer.h:23\x1b[m\x1b[K,\n'}
[3.818011] (ros2_orbslam3) StderrLine: {'line': b'                 from \x1b[01m\x1b[K/home/henrique/ORB_SLAM3_Modular/include/Tracking.h:26\x1b[m\x1b[K,\n'}
[3.818041] (ros2_orbslam3) StderrLine: {'line': b'                 from \x1b[01m\x1b[K/home/henrique/ORB_SLAM3_Modular/include/System.h:31\x1b[m\x1b[K,\n'}
[3.818072] (ros2_orbslam3) StderrLine: {'line': b'                 from \x1b[01m\x1b[K/home/henrique/ws_visao/kinect-orbslam-ws/src/ros2_orbslam3/src/stereo/stereo-slam-node.hpp:29\x1b[m\x1b[K,\n'}
[3.818103] (ros2_orbslam3) StderrLine: {'line': b'                 from \x1b[01m\x1b[K/home/henrique/ws_visao/kinect-orbslam-ws/src/ros2_orbslam3/src/stereo/stereo-slam-node.cpp:7\x1b[m\x1b[K:\n'}
[3.818133] (ros2_orbslam3) StderrLine: {'line': b'/home/henrique/ORB_SLAM3_Modular/Thirdparty/g2o/g2o/types/../core/base_vertex.h: In instantiation of \xe2\x80\x98\x1b[01m\x1b[Kclass g2o::BaseVertex<6, g2o::SE3Quat>\x1b[m\x1b[K\xe2\x80\x99:\n'}
[3.818165] (ros2_orbslam3) StderrLine: {'line': b'\x1b[01m\x1b[K/home/henrique/ORB_SLAM3_Modular/Thirdparty/g2o/g2o/types/types_six_dof_expmap.h:59:33:\x1b[m\x1b[K   required from here\n'}
[3.818196] (ros2_orbslam3) StderrLine: {'line': b'\x1b[01m\x1b[K/home/henrique/ORB_SLAM3_Modular/Thirdparty/g2o/g2o/types/../core/base_vertex.h:62:72:\x1b[m\x1b[K \x1b[01;35m\x1b[Kwarning: \x1b[m\x1b[K\xe2\x80\x98\x1b[01m\x1b[KEigen::AlignedBit\x1b[m\x1b[K\xe2\x80\x99 is deprecated [\x1b[01;35m\x1b[K\x1b]8;;https://gcc.gnu.org/onlinedocs/gcc/Warning-Options.html#index-Wdeprecated-declarations\x07-Wdeprecated-declarations\x1b]8;;\x07\x1b[m\x1b[K]\n'}
[3.818230] (ros2_orbslam3) StderrLine: {'line': b'   62 |     typedef Eigen::Map<Matrix<double, D, D>, Matrix<double,D,D>::\x1b[01;35m\x1b[KFlags & AlignedBit\x1b[m\x1b[K ? Aligned : Unaligned >  HessianBlockType;\n'}
[3.818262] (ros2_orbslam3) StderrLine: {'line': b'      |                                                                  \x1b[01;35m\x1b[K~~~~~~^~~~~~~~~~~~\x1b[m\x1b[K\n'}
[3.818293] (ros2_orbslam3) StderrLine: {'line': b'In file included from \x1b[01m\x1b[K/usr/include/eigen3/Eigen/Core:161\x1b[m\x1b[K,\n'}
[3.818331] (ros2_orbslam3) StderrLine: {'line': b'                 from \x1b[01m\x1b[K/usr/include/eigen3/Eigen/Dense:1\x1b[m\x1b[K,\n'}
[3.818362] (ros2_orbslam3) StderrLine: {'line': b'                 from \x1b[01m\x1b[K/home/henrique/ws_visao/kinect-orbslam-ws/src/ros2_orbslam3/src/stereo/stereo-slam-node.cpp:2\x1b[m\x1b[K:\n'}
[3.818395] (ros2_orbslam3) StderrLine: {'line': b'\x1b[01m\x1b[K/usr/include/eigen3/Eigen/src/Core/util/Constants.h:167:37:\x1b[m\x1b[K \x1b[01;36m\x1b[Knote: \x1b[m\x1b[Kdeclared here\n'}
[3.818425] (ros2_orbslam3) StderrLine: {'line': b'  167 | EIGEN_DEPRECATED const unsigned int \x1b[01;36m\x1b[KAlignedBit\x1b[m\x1b[K = 0x80;\n'}
[3.818455] (ros2_orbslam3) StderrLine: {'line': b'      |                                     \x1b[01;36m\x1b[K^~~~~~~~~~\x1b[m\x1b[K\n'}
[3.839099] (ros2_orbslam3) StderrLine: {'line': b'In file included from \x1b[01m\x1b[K/home/henrique/ORB_SLAM3_Modular/Thirdparty/g2o/g2o/types/types_six_dof_expmap.h:38\x1b[m\x1b[K,\n'}
[3.839291] (ros2_orbslam3) StderrLine: {'line': b'                 from \x1b[01m\x1b[K/home/henrique/ORB_SLAM3_Modular/include/Converter.h:26\x1b[m\x1b[K,\n'}
[3.839338] (ros2_orbslam3) StderrLine: {'line': b'                 from \x1b[01m\x1b[K/home/henrique/ORB_SLAM3_Modular/include/Frame.h:33\x1b[m\x1b[K,\n'}
[3.839378] (ros2_orbslam3) StderrLine: {'line': b'                 from \x1b[01m\x1b[K/home/henrique/ORB_SLAM3_Modular/include/KeyFrame.h:28\x1b[m\x1b[K,\n'}
[3.839417] (ros2_orbslam3) StderrLine: {'line': b'                 from \x1b[01m\x1b[K/home/henrique/ORB_SLAM3_Modular/include/MapPoint.h:23\x1b[m\x1b[K,\n'}
[3.839455] (ros2_orbslam3) StderrLine: {'line': b'                 from \x1b[01m\x1b[K/home/henrique/ORB_SLAM3_Modular/include/FrameDrawer.h:24\x1b[m\x1b[K,\n'}
[3.839490] (ros2_orbslam3) StderrLine: {'line': b'                 from \x1b[01m\x1b[K/home/henrique/ORB_SLAM3_Modular/include/Viewer.h:23\x1b[m\x1b[K,\n'}
[3.839526] (ros2_orbslam3) StderrLine: {'line': b'                 from \x1b[01m\x1b[K/home/henrique/ORB_SLAM3_Modular/include/Tracking.h:26\x1b[m\x1b[K,\n'}
[3.839565] (ros2_orbslam3) StderrLine: {'line': b'                 from \x1b[01m\x1b[K/home/henrique/ORB_SLAM3_Modular/include/System.h:31\x1b[m\x1b[K,\n'}
[3.839604] (ros2_orbslam3) StderrLine: {'line': b'                 from \x1b[01m\x1b[K/home/henrique/ws_visao/kinect-orbslam-ws/src/ros2_orbslam3/src/stereo/stereo-slam-node.hpp:29\x1b[m\x1b[K,\n'}
[3.839656] (ros2_orbslam3) StderrLine: {'line': b'                 from \x1b[01m\x1b[K/home/henrique/ws_visao/kinect-orbslam-ws/src/ros2_orbslam3/src/stereo/stereo-slam-node.cpp:7\x1b[m\x1b[K:\n'}
[3.839702] (ros2_orbslam3) StderrLine: {'line': b'/home/henrique/ORB_SLAM3_Modular/Thirdparty/g2o/g2o/types/../core/base_binary_edge.h: In instantiation of \xe2\x80\x98\x1b[01m\x1b[Kclass g2o::BaseBinaryEdge<6, g2o::SE3Quat, g2o::VertexSE3Expmap, g2o::VertexSE3Expmap>\x1b[m\x1b[K\xe2\x80\x99:\n'}
[3.839746] (ros2_orbslam3) StderrLine: {'line': b'\x1b[01m\x1b[K/home/henrique/ORB_SLAM3_Modular/Thirdparty/g2o/g2o/types/types_six_dof_expmap.h:83:24:\x1b[m\x1b[K   required from here\n'}
[3.839781] (ros2_orbslam3) StderrLine: {'line': b'\x1b[01m\x1b[K/home/henrique/ORB_SLAM3_Modular/Thirdparty/g2o/g2o/types/../core/base_binary_edge.h:59:80:\x1b[m\x1b[K \x1b[01;35m\x1b[Kwarning: \x1b[m\x1b[K\xe2\x80\x98\x1b[01m\x1b[KEigen::AlignedBit\x1b[m\x1b[K\xe2\x80\x99 is deprecated [\x1b[01;35m\x1b[K\x1b]8;;https://gcc.gnu.org/onlinedocs/gcc/Warning-Options.html#index-Wdeprecated-declarations\x07-Wdeprecated-declarations\x1b]8;;\x07\x1b[m\x1b[K]\n'}
[3.839818] (ros2_orbslam3) StderrLine: {'line': b'   59 |       typedef Eigen::Map<Matrix<double, Di, Dj>, Matrix<double, Di, Dj>::\x1b[01;35m\x1b[KFlags & AlignedBit\x1b[m\x1b[K ? Aligned : Unaligned > HessianBlockType;\n'}
[3.839854] (ros2_orbslam3) StderrLine: {'line': b'      |                                                                          \x1b[01;35m\x1b[K~~~~~~^~~~~~~~~~~~\x1b[m\x1b[K\n'}
[3.839891] (ros2_orbslam3) StderrLine: {'line': b'In file included from \x1b[01m\x1b[K/usr/include/eigen3/Eigen/Core:161\x1b[m\x1b[K,\n'}
[3.839943] (ros2_orbslam3) StderrLine: {'line': b'                 from \x1b[01m\x1b[K/usr/include/eigen3/Eigen/Dense:1\x1b[m\x1b[K,\n'}
[3.839992] (ros2_orbslam3) StderrLine: {'line': b'                 from \x1b[01m\x1b[K/home/henrique/ws_visao/kinect-orbslam-ws/src/ros2_orbslam3/src/stereo/stereo-slam-node.cpp:2\x1b[m\x1b[K:\n'}
[3.840031] (ros2_orbslam3) StderrLine: {'line': b'\x1b[01m\x1b[K/usr/include/eigen3/Eigen/src/Core/util/Constants.h:167:37:\x1b[m\x1b[K \x1b[01;36m\x1b[Knote: \x1b[m\x1b[Kdeclared here\n'}
[3.840065] (ros2_orbslam3) StderrLine: {'line': b'  167 | EIGEN_DEPRECATED const unsigned int \x1b[01;36m\x1b[KAlignedBit\x1b[m\x1b[K = 0x80;\n'}
[3.840098] (ros2_orbslam3) StderrLine: {'line': b'      |                                     \x1b[01;36m\x1b[K^~~~~~~~~~\x1b[m\x1b[K\n'}
[3.840131] (ros2_orbslam3) StderrLine: {'line': b'In file included from \x1b[01m\x1b[K/home/henrique/ORB_SLAM3_Modular/Thirdparty/g2o/g2o/types/types_six_dof_expmap.h:38\x1b[m\x1b[K,\n'}
[3.840164] (ros2_orbslam3) StderrLine: {'line': b'                 from \x1b[01m\x1b[K/home/henrique/ORB_SLAM3_Modular/include/Converter.h:26\x1b[m\x1b[K,\n'}
[3.840197] (ros2_orbslam3) StderrLine: {'line': b'                 from \x1b[01m\x1b[K/home/henrique/ORB_SLAM3_Modular/include/Frame.h:33\x1b[m\x1b[K,\n'}
[3.840231] (ros2_orbslam3) StderrLine: {'line': b'                 from \x1b[01m\x1b[K/home/henrique/ORB_SLAM3_Modular/include/KeyFrame.h:28\x1b[m\x1b[K,\n'}
[3.840265] (ros2_orbslam3) StderrLine: {'line': b'                 from \x1b[01m\x1b[K/home/henrique/ORB_SLAM3_Modular/include/MapPoint.h:23\x1b[m\x1b[K,\n'}
[3.840297] (ros2_orbslam3) StderrLine: {'line': b'                 from \x1b[01m\x1b[K/home/henrique/ORB_SLAM3_Modular/include/FrameDrawer.h:24\x1b[m\x1b[K,\n'}
[3.840330] (ros2_orbslam3) StderrLine: {'line': b'                 from \x1b[01m\x1b[K/home/henrique/ORB_SLAM3_Modular/include/Viewer.h:23\x1b[m\x1b[K,\n'}
[3.840364] (ros2_orbslam3) StderrLine: {'line': b'                 from \x1b[01m\x1b[K/home/henrique/ORB_SLAM3_Modular/include/Tracking.h:26\x1b[m\x1b[K,\n'}
[3.840397] (ros2_orbslam3) StderrLine: {'line': b'                 from \x1b[01m\x1b[K/home/henrique/ORB_SLAM3_Modular/include/System.h:31\x1b[m\x1b[K,\n'}
[3.840429] (ros2_orbslam3) StderrLine: {'line': b'                 from \x1b[01m\x1b[K/home/henrique/ws_visao/kinect-orbslam-ws/src/ros2_orbslam3/src/stereo/stereo-slam-node.hpp:29\x1b[m\x1b[K,\n'}
[3.840463] (ros2_orbslam3) StderrLine: {'line': b'                 from \x1b[01m\x1b[K/home/henrique/ws_visao/kinect-orbslam-ws/src/ros2_orbslam3/src/stereo/stereo-slam-node.cpp:7\x1b[m\x1b[K:\n'}
[3.840496] (ros2_orbslam3) StderrLine: {'line': b'\x1b[01m\x1b[K/home/henrique/ORB_SLAM3_Modular/Thirdparty/g2o/g2o/types/../core/base_binary_edge.h:60:80:\x1b[m\x1b[K \x1b[01;35m\x1b[Kwarning: \x1b[m\x1b[K\xe2\x80\x98\x1b[01m\x1b[KEigen::AlignedBit\x1b[m\x1b[K\xe2\x80\x99 is deprecated [\x1b[01;35m\x1b[K\x1b]8;;https://gcc.gnu.org/onlinedocs/gcc/Warning-Options.html#index-Wdeprecated-declarations\x07-Wdeprecated-declarations\x1b]8;;\x07\x1b[m\x1b[K]\n'}
[3.840531] (ros2_orbslam3) StderrLine: {'line': b'   60 |       typedef Eigen::Map<Matrix<double, Dj, Di>, Matrix<double, Dj, Di>::\x1b[01;35m\x1b[KFlags & AlignedBit\x1b[m\x1b[K ? Aligned : Unaligned > HessianBlockTransposedType;\n'}
[3.840570] (ros2_orbslam3) StderrLine: {'line': b'      |                                                                          \x1b[01;35m\x1b[K~~~~~~^~~~~~~~~~~~\x1b[m\x1b[K\n'}
[3.840606] (ros2_orbslam3) StderrLine: {'line': b'In file included from \x1b[01m\x1b[K/usr/include/eigen3/Eigen/Core:161\x1b[m\x1b[K,\n'}
[3.840641] (ros2_orbslam3) StderrLine: {'line': b'                 from \x1b[01m\x1b[K/usr/include/eigen3/Eigen/Dense:1\x1b[m\x1b[K,\n'}
[3.840674] (ros2_orbslam3) StderrLine: {'line': b'                 from \x1b[01m\x1b[K/home/henrique/ws_visao/kinect-orbslam-ws/src/ros2_orbslam3/src/stereo/stereo-slam-node.cpp:2\x1b[m\x1b[K:\n'}
[3.840707] (ros2_orbslam3) StderrLine: {'line': b'\x1b[01m\x1b[K/usr/include/eigen3/Eigen/src/Core/util/Constants.h:167:37:\x1b[m\x1b[K \x1b[01;36m\x1b[Knote: \x1b[m\x1b[Kdeclared here\n'}
[3.840746] (ros2_orbslam3) StderrLine: {'line': b'  167 | EIGEN_DEPRECATED const unsigned int \x1b[01;36m\x1b[KAlignedBit\x1b[m\x1b[K = 0x80;\n'}
[3.840782] (ros2_orbslam3) StderrLine: {'line': b'      |                                     \x1b[01;36m\x1b[K^~~~~~~~~~\x1b[m\x1b[K\n'}
[3.889667] (ros2_orbslam3) StderrLine: {'line': b'In file included from \x1b[01m\x1b[K/home/henrique/ORB_SLAM3_Modular/Thirdparty/g2o/g2o/types/types_six_dof_expmap.h:38\x1b[m\x1b[K,\n'}
[3.889793] (ros2_orbslam3) StderrLine: {'line': b'                 from \x1b[01m\x1b[K/home/henrique/ORB_SLAM3_Modular/include/Converter.h:26\x1b[m\x1b[K,\n'}
[3.889831] (ros2_orbslam3) StderrLine: {'line': b'                 from \x1b[01m\x1b[K/home/henrique/ORB_SLAM3_Modular/include/Frame.h:33\x1b[m\x1b[K,\n'}
[3.889876] (ros2_orbslam3) StderrLine: {'line': b'                 from \x1b[01m\x1b[K/home/henrique/ORB_SLAM3_Modular/include/KeyFrame.h:28\x1b[m\x1b[K,\n'}
[3.889908] (ros2_orbslam3) StderrLine: {'line': b'                 from \x1b[01m\x1b[K/home/henrique/ORB_SLAM3_Modular/include/MapPoint.h:23\x1b[m\x1b[K,\n'}
[3.889941] (ros2_orbslam3) StderrLine: {'line': b'                 from \x1b[01m\x1b[K/home/henrique/ORB_SLAM3_Modular/include/FrameDrawer.h:24\x1b[m\x1b[K,\n'}
[3.889972] (ros2_orbslam3) StderrLine: {'line': b'                 from \x1b[01m\x1b[K/home/henrique/ORB_SLAM3_Modular/include/Viewer.h:23\x1b[m\x1b[K,\n'}
[3.890003] (ros2_orbslam3) StderrLine: {'line': b'                 from \x1b[01m\x1b[K/home/henrique/ORB_SLAM3_Modular/include/Tracking.h:26\x1b[m\x1b[K,\n'}
[3.890033] (ros2_orbslam3) StderrLine: {'line': b'                 from \x1b[01m\x1b[K/home/henrique/ORB_SLAM3_Modular/include/System.h:31\x1b[m\x1b[K,\n'}
[3.890063] (ros2_orbslam3) StderrLine: {'line': b'                 from \x1b[01m\x1b[K/home/henrique/ws_visao/kinect-orbslam-ws/src/ros2_orbslam3/src/stereo/stereo-slam-node.hpp:29\x1b[m\x1b[K,\n'}
[3.890094] (ros2_orbslam3) StderrLine: {'line': b'                 from \x1b[01m\x1b[K/home/henrique/ws_visao/kinect-orbslam-ws/src/ros2_orbslam3/src/stereo/stereo-slam-node.cpp:7\x1b[m\x1b[K:\n'}
[3.890124] (ros2_orbslam3) StderrLine: {'line': b'/home/henrique/ORB_SLAM3_Modular/Thirdparty/g2o/g2o/types/../core/base_binary_edge.h: In instantiation of \xe2\x80\x98\x1b[01m\x1b[Kclass g2o::BaseBinaryEdge<2, Eigen::Matrix<double, 2, 1>, g2o::VertexSBAPointXYZ, g2o::VertexSE3Expmap>\x1b[m\x1b[K\xe2\x80\x99:\n'}
[3.890157] (ros2_orbslam3) StderrLine: {'line': b'\x1b[01m\x1b[K/home/henrique/ORB_SLAM3_Modular/Thirdparty/g2o/g2o/types/types_six_dof_expmap.h:114:35:\x1b[m\x1b[K   required from here\n'}
[3.890188] (ros2_orbslam3) StderrLine: {'line': b'\x1b[01m\x1b[K/home/henrique/ORB_SLAM3_Modular/Thirdparty/g2o/g2o/types/../core/base_binary_edge.h:59:80:\x1b[m\x1b[K \x1b[01;35m\x1b[Kwarning: \x1b[m\x1b[K\xe2\x80\x98\x1b[01m\x1b[KEigen::AlignedBit\x1b[m\x1b[K\xe2\x80\x99 is deprecated [\x1b[01;35m\x1b[K\x1b]8;;https://gcc.gnu.org/onlinedocs/gcc/Warning-Options.html#index-Wdeprecated-declarations\x07-Wdeprecated-declarations\x1b]8;;\x07\x1b[m\x1b[K]\n'}
[3.890223] (ros2_orbslam3) StderrLine: {'line': b'   59 |       typedef Eigen::Map<Matrix<double, Di, Dj>, Matrix<double, Di, Dj>::\x1b[01;35m\x1b[KFlags & AlignedBit\x1b[m\x1b[K ? Aligned : Unaligned > HessianBlockType;\n'}
[3.890255] (ros2_orbslam3) StderrLine: {'line': b'      |                                                                          \x1b[01;35m\x1b[K~~~~~~^~~~~~~~~~~~\x1b[m\x1b[K\n'}
[3.890286] (ros2_orbslam3) StderrLine: {'line': b'In file included from \x1b[01m\x1b[K/usr/include/eigen3/Eigen/Core:161\x1b[m\x1b[K,\n'}
[3.890317] (ros2_orbslam3) StderrLine: {'line': b'                 from \x1b[01m\x1b[K/usr/include/eigen3/Eigen/Dense:1\x1b[m\x1b[K,\n'}
[3.890347] (ros2_orbslam3) StderrLine: {'line': b'                 from \x1b[01m\x1b[K/home/henrique/ws_visao/kinect-orbslam-ws/src/ros2_orbslam3/src/stereo/stereo-slam-node.cpp:2\x1b[m\x1b[K:\n'}
[3.890382] (ros2_orbslam3) StderrLine: {'line': b'\x1b[01m\x1b[K/usr/include/eigen3/Eigen/src/Core/util/Constants.h:167:37:\x1b[m\x1b[K \x1b[01;36m\x1b[Knote: \x1b[m\x1b[Kdeclared here\n'}
[3.890414] (ros2_orbslam3) StderrLine: {'line': b'  167 | EIGEN_DEPRECATED const unsigned int \x1b[01;36m\x1b[KAlignedBit\x1b[m\x1b[K = 0x80;\n'}
[3.890447] (ros2_orbslam3) StderrLine: {'line': b'      |                                     \x1b[01;36m\x1b[K^~~~~~~~~~\x1b[m\x1b[K\n'}
[3.899540] (ros2_orbslam3) StderrLine: {'line': b'In file included from \x1b[01m\x1b[K/home/henrique/ORB_SLAM3_Modular/Thirdparty/g2o/g2o/types/types_six_dof_expmap.h:38\x1b[m\x1b[K,\n'}
[3.899694] (ros2_orbslam3) StderrLine: {'line': b'                 from \x1b[01m\x1b[K/home/henrique/ORB_SLAM3_Modular/include/Converter.h:26\x1b[m\x1b[K,\n'}
[3.899731] (ros2_orbslam3) StderrLine: {'line': b'                 from \x1b[01m\x1b[K/home/henrique/ORB_SLAM3_Modular/include/Frame.h:33\x1b[m\x1b[K,\n'}
[3.899763] (ros2_orbslam3) StderrLine: {'line': b'                 from \x1b[01m\x1b[K/home/henrique/ORB_SLAM3_Modular/include/KeyFrame.h:28\x1b[m\x1b[K,\n'}
[3.899794] (ros2_orbslam3) StderrLine: {'line': b'                 from \x1b[01m\x1b[K/home/henrique/ORB_SLAM3_Modular/include/MapPoint.h:23\x1b[m\x1b[K,\n'}
[3.899825] (ros2_orbslam3) StderrLine: {'line': b'                 from \x1b[01m\x1b[K/home/henrique/ORB_SLAM3_Modular/include/FrameDrawer.h:24\x1b[m\x1b[K,\n'}
[3.899856] (ros2_orbslam3) StderrLine: {'line': b'                 from \x1b[01m\x1b[K/home/henrique/ORB_SLAM3_Modular/include/Viewer.h:23\x1b[m\x1b[K,\n'}
[3.899886] (ros2_orbslam3) StderrLine: {'line': b'                 from \x1b[01m\x1b[K/home/henrique/ORB_SLAM3_Modular/include/Tracking.h:26\x1b[m\x1b[K,\n'}
[3.899916] (ros2_orbslam3) StderrLine: {'line': b'                 from \x1b[01m\x1b[K/home/henrique/ORB_SLAM3_Modular/include/System.h:31\x1b[m\x1b[K,\n'}
[3.899945] (ros2_orbslam3) StderrLine: {'line': b'                 from \x1b[01m\x1b[K/home/henrique/ws_visao/kinect-orbslam-ws/src/ros2_orbslam3/src/stereo/stereo-slam-node.hpp:29\x1b[m\x1b[K,\n'}
[3.899976] (ros2_orbslam3) StderrLine: {'line': b'                 from \x1b[01m\x1b[K/home/henrique/ws_visao/kinect-orbslam-ws/src/ros2_orbslam3/src/stereo/stereo-slam-node.cpp:7\x1b[m\x1b[K:\n'}
[3.900006] (ros2_orbslam3) StderrLine: {'line': b'\x1b[01m\x1b[K/home/henrique/ORB_SLAM3_Modular/Thirdparty/g2o/g2o/types/../core/base_binary_edge.h:60:80:\x1b[m\x1b[K \x1b[01;35m\x1b[Kwarning: \x1b[m\x1b[K\xe2\x80\x98\x1b[01m\x1b[KEigen::AlignedBit\x1b[m\x1b[K\xe2\x80\x99 is deprecated [\x1b[01;35m\x1b[K\x1b]8;;https://gcc.gnu.org/onlinedocs/gcc/Warning-Options.html#index-Wdeprecated-declarations\x07-Wdeprecated-declarations\x1b]8;;\x07\x1b[m\x1b[K]\n'}
[3.900040] (ros2_orbslam3) StderrLine: {'line': b'   60 |       typedef Eigen::Map<Matrix<double, Dj, Di>, Matrix<double, Dj, Di>::\x1b[01;35m\x1b[KFlags & AlignedBit\x1b[m\x1b[K ? Aligned : Unaligned > HessianBlockTransposedType;\n'}
[3.900071] (ros2_orbslam3) StderrLine: {'line': b'      |                                                                          \x1b[01;35m\x1b[K~~~~~~^~~~~~~~~~~~\x1b[m\x1b[K\n'}
[3.900101] (ros2_orbslam3) StderrLine: {'line': b'In file included from \x1b[01m\x1b[K/usr/include/eigen3/Eigen/Core:161\x1b[m\x1b[K,\n'}
[3.900140] (ros2_orbslam3) StderrLine: {'line': b'                 from \x1b[01m\x1b[K/usr/include/eigen3/Eigen/Dense:1\x1b[m\x1b[K,\n'}
[3.900170] (ros2_orbslam3) StderrLine: {'line': b'                 from \x1b[01m\x1b[K/home/henrique/ws_visao/kinect-orbslam-ws/src/ros2_orbslam3/src/stereo/stereo-slam-node.cpp:2\x1b[m\x1b[K:\n'}
[3.900202] (ros2_orbslam3) StderrLine: {'line': b'\x1b[01m\x1b[K/usr/include/eigen3/Eigen/src/Core/util/Constants.h:167:37:\x1b[m\x1b[K \x1b[01;36m\x1b[Knote: \x1b[m\x1b[Kdeclared here\n'}
[3.900233] (ros2_orbslam3) StderrLine: {'line': b'  167 | EIGEN_DEPRECATED const unsigned int \x1b[01;36m\x1b[KAlignedBit\x1b[m\x1b[K = 0x80;\n'}
[3.900263] (ros2_orbslam3) StderrLine: {'line': b'      |                                     \x1b[01;36m\x1b[K^~~~~~~~~~\x1b[m\x1b[K\n'}
[3.911393] (-) TimerEvent: {}
[3.941207] (ros2_orbslam3) StderrLine: {'line': b'In file included from \x1b[01m\x1b[K/home/henrique/ORB_SLAM3_Modular/Thirdparty/g2o/g2o/types/types_six_dof_expmap.h:38\x1b[m\x1b[K,\n'}
[3.941385] (ros2_orbslam3) StderrLine: {'line': b'                 from \x1b[01m\x1b[K/home/henrique/ORB_SLAM3_Modular/include/Converter.h:26\x1b[m\x1b[K,\n'}
[3.941426] (ros2_orbslam3) StderrLine: {'line': b'                 from \x1b[01m\x1b[K/home/henrique/ORB_SLAM3_Modular/include/Frame.h:33\x1b[m\x1b[K,\n'}
[3.941462] (ros2_orbslam3) StderrLine: {'line': b'                 from \x1b[01m\x1b[K/home/henrique/ORB_SLAM3_Modular/include/KeyFrame.h:28\x1b[m\x1b[K,\n'}
[3.941497] (ros2_orbslam3) StderrLine: {'line': b'                 from \x1b[01m\x1b[K/home/henrique/ORB_SLAM3_Modular/include/MapPoint.h:23\x1b[m\x1b[K,\n'}
[3.941531] (ros2_orbslam3) StderrLine: {'line': b'                 from \x1b[01m\x1b[K/home/henrique/ORB_SLAM3_Modular/include/FrameDrawer.h:24\x1b[m\x1b[K,\n'}
[3.941576] (ros2_orbslam3) StderrLine: {'line': b'                 from \x1b[01m\x1b[K/home/henrique/ORB_SLAM3_Modular/include/Viewer.h:23\x1b[m\x1b[K,\n'}
[3.941614] (ros2_orbslam3) StderrLine: {'line': b'                 from \x1b[01m\x1b[K/home/henrique/ORB_SLAM3_Modular/include/Tracking.h:26\x1b[m\x1b[K,\n'}
[3.941649] (ros2_orbslam3) StderrLine: {'line': b'                 from \x1b[01m\x1b[K/home/henrique/ORB_SLAM3_Modular/include/System.h:31\x1b[m\x1b[K,\n'}
[3.941680] (ros2_orbslam3) StderrLine: {'line': b'                 from \x1b[01m\x1b[K/home/henrique/ws_visao/kinect-orbslam-ws/src/ros2_orbslam3/src/stereo/stereo-slam-node.hpp:29\x1b[m\x1b[K,\n'}
[3.941711] (ros2_orbslam3) StderrLine: {'line': b'                 from \x1b[01m\x1b[K/home/henrique/ws_visao/kinect-orbslam-ws/src/ros2_orbslam3/src/stereo/stereo-slam-node.cpp:7\x1b[m\x1b[K:\n'}
[3.941746] (ros2_orbslam3) StderrLine: {'line': b'/home/henrique/ORB_SLAM3_Modular/Thirdparty/g2o/g2o/types/../core/base_binary_edge.h: In instantiation of \xe2\x80\x98\x1b[01m\x1b[Kclass g2o::BaseBinaryEdge<3, Eigen::Matrix<double, 3, 1>, g2o::VertexSBAPointXYZ, g2o::VertexSE3Expmap>\x1b[m\x1b[K\xe2\x80\x99:\n'}
[3.941786] (ros2_orbslam3) StderrLine: {'line': b'\x1b[01m\x1b[K/home/henrique/ORB_SLAM3_Modular/Thirdparty/g2o/g2o/types/types_six_dof_expmap.h:146:41:\x1b[m\x1b[K   required from here\n'}
[3.941823] (ros2_orbslam3) StderrLine: {'line': b'\x1b[01m\x1b[K/home/henrique/ORB_SLAM3_Modular/Thirdparty/g2o/g2o/types/../core/base_binary_edge.h:59:80:\x1b[m\x1b[K \x1b[01;35m\x1b[Kwarning: \x1b[m\x1b[K\xe2\x80\x98\x1b[01m\x1b[KEigen::AlignedBit\x1b[m\x1b[K\xe2\x80\x99 is deprecated [\x1b[01;35m\x1b[K\x1b]8;;https://gcc.gnu.org/onlinedocs/gcc/Warning-Options.html#index-Wdeprecated-declarations\x07-Wdeprecated-declarations\x1b]8;;\x07\x1b[m\x1b[K]\n'}
[3.941860] (ros2_orbslam3) StderrLine: {'line': b'   59 |       typedef Eigen::Map<Matrix<double, Di, Dj>, Matrix<double, Di, Dj>::\x1b[01;35m\x1b[KFlags & AlignedBit\x1b[m\x1b[K ? Aligned : Unaligned > HessianBlockType;\n'}
[3.941895] (ros2_orbslam3) StderrLine: {'line': b'      |                                                                          \x1b[01;35m\x1b[K~~~~~~^~~~~~~~~~~~\x1b[m\x1b[K\n'}
[3.941928] (ros2_orbslam3) StderrLine: {'line': b'In file included from \x1b[01m\x1b[K/usr/include/eigen3/Eigen/Core:161\x1b[m\x1b[K,\n'}
[3.941961] (ros2_orbslam3) StderrLine: {'line': b'                 from \x1b[01m\x1b[K/usr/include/eigen3/Eigen/Dense:1\x1b[m\x1b[K,\n'}
[3.941994] (ros2_orbslam3) StderrLine: {'line': b'                 from \x1b[01m\x1b[K/home/henrique/ws_visao/kinect-orbslam-ws/src/ros2_orbslam3/src/stereo/stereo-slam-node.cpp:2\x1b[m\x1b[K:\n'}
[3.942028] (ros2_orbslam3) StderrLine: {'line': b'\x1b[01m\x1b[K/usr/include/eigen3/Eigen/src/Core/util/Constants.h:167:37:\x1b[m\x1b[K \x1b[01;36m\x1b[Knote: \x1b[m\x1b[Kdeclared here\n'}
[3.942061] (ros2_orbslam3) StderrLine: {'line': b'  167 | EIGEN_DEPRECATED const unsigned int \x1b[01;36m\x1b[KAlignedBit\x1b[m\x1b[K = 0x80;\n'}
[3.942094] (ros2_orbslam3) StderrLine: {'line': b'      |                                     \x1b[01;36m\x1b[K^~~~~~~~~~\x1b[m\x1b[K\n'}
[3.942127] (ros2_orbslam3) StderrLine: {'line': b'In file included from \x1b[01m\x1b[K/home/henrique/ORB_SLAM3_Modular/Thirdparty/g2o/g2o/types/types_six_dof_expmap.h:38\x1b[m\x1b[K,\n'}
[3.942162] (ros2_orbslam3) StderrLine: {'line': b'                 from \x1b[01m\x1b[K/home/henrique/ORB_SLAM3_Modular/include/Converter.h:26\x1b[m\x1b[K,\n'}
[3.942195] (ros2_orbslam3) StderrLine: {'line': b'                 from \x1b[01m\x1b[K/home/henrique/ORB_SLAM3_Modular/include/Frame.h:33\x1b[m\x1b[K,\n'}
[3.942228] (ros2_orbslam3) StderrLine: {'line': b'                 from \x1b[01m\x1b[K/home/henrique/ORB_SLAM3_Modular/include/KeyFrame.h:28\x1b[m\x1b[K,\n'}
[3.942260] (ros2_orbslam3) StderrLine: {'line': b'                 from \x1b[01m\x1b[K/home/henrique/ORB_SLAM3_Modular/include/MapPoint.h:23\x1b[m\x1b[K,\n'}
[3.942293] (ros2_orbslam3) StderrLine: {'line': b'                 from \x1b[01m\x1b[K/home/henrique/ORB_SLAM3_Modular/include/FrameDrawer.h:24\x1b[m\x1b[K,\n'}
[3.942326] (ros2_orbslam3) StderrLine: {'line': b'                 from \x1b[01m\x1b[K/home/henrique/ORB_SLAM3_Modular/include/Viewer.h:23\x1b[m\x1b[K,\n'}
[3.942360] (ros2_orbslam3) StderrLine: {'line': b'                 from \x1b[01m\x1b[K/home/henrique/ORB_SLAM3_Modular/include/Tracking.h:26\x1b[m\x1b[K,\n'}
[3.942393] (ros2_orbslam3) StderrLine: {'line': b'                 from \x1b[01m\x1b[K/home/henrique/ORB_SLAM3_Modular/include/System.h:31\x1b[m\x1b[K,\n'}
[3.942426] (ros2_orbslam3) StderrLine: {'line': b'                 from \x1b[01m\x1b[K/home/henrique/ws_visao/kinect-orbslam-ws/src/ros2_orbslam3/src/stereo/stereo-slam-node.hpp:29\x1b[m\x1b[K,\n'}
[3.942461] (ros2_orbslam3) StderrLine: {'line': b'                 from \x1b[01m\x1b[K/home/henrique/ws_visao/kinect-orbslam-ws/src/ros2_orbslam3/src/stereo/stereo-slam-node.cpp:7\x1b[m\x1b[K:\n'}
[3.942494] (ros2_orbslam3) StderrLine: {'line': b'\x1b[01m\x1b[K/home/henrique/ORB_SLAM3_Modular/Thirdparty/g2o/g2o/types/../core/base_binary_edge.h:60:80:\x1b[m\x1b[K \x1b[01;35m\x1b[Kwarning: \x1b[m\x1b[K\xe2\x80\x98\x1b[01m\x1b[KEigen::AlignedBit\x1b[m\x1b[K\xe2\x80\x99 is deprecated [\x1b[01;35m\x1b[K\x1b]8;;https://gcc.gnu.org/onlinedocs/gcc/Warning-Options.html#index-Wdeprecated-declarations\x07-Wdeprecated-declarations\x1b]8;;\x07\x1b[m\x1b[K]\n'}
[3.942533] (ros2_orbslam3) StderrLine: {'line': b'   60 |       typedef Eigen::Map<Matrix<double, Dj, Di>, Matrix<double, Dj, Di>::\x1b[01;35m\x1b[KFlags & AlignedBit\x1b[m\x1b[K ? Aligned : Unaligned > HessianBlockTransposedType;\n'}
[3.942574] (ros2_orbslam3) StderrLine: {'line': b'      |                                                                          \x1b[01;35m\x1b[K~~~~~~^~~~~~~~~~~~\x1b[m\x1b[K\n'}
[3.942608] (ros2_orbslam3) StderrLine: {'line': b'In file included from \x1b[01m\x1b[K/usr/include/eigen3/Eigen/Core:161\x1b[m\x1b[K,\n'}
[3.942640] (ros2_orbslam3) StderrLine: {'line': b'                 from \x1b[01m\x1b[K/usr/include/eigen3/Eigen/Dense:1\x1b[m\x1b[K,\n'}
[3.942670] (ros2_orbslam3) StderrLine: {'line': b'                 from \x1b[01m\x1b[K/home/henrique/ws_visao/kinect-orbslam-ws/src/ros2_orbslam3/src/stereo/stereo-slam-node.cpp:2\x1b[m\x1b[K:\n'}
[3.942700] (ros2_orbslam3) StderrLine: {'line': b'\x1b[01m\x1b[K/usr/include/eigen3/Eigen/src/Core/util/Constants.h:167:37:\x1b[m\x1b[K \x1b[01;36m\x1b[Knote: \x1b[m\x1b[Kdeclared here\n'}
[3.942730] (ros2_orbslam3) StderrLine: {'line': b'  167 | EIGEN_DEPRECATED const unsigned int \x1b[01;36m\x1b[KAlignedBit\x1b[m\x1b[K = 0x80;\n'}
[3.942761] (ros2_orbslam3) StderrLine: {'line': b'      |                                     \x1b[01;36m\x1b[K^~~~~~~~~~\x1b[m\x1b[K\n'}
[4.011618] (-) TimerEvent: {}
[4.092576] (ros2_orbslam3) StderrLine: {'line': b'In file included from \x1b[01m\x1b[K/home/henrique/ORB_SLAM3_Modular/Thirdparty/g2o/g2o/types/types_six_dof_expmap.h:37\x1b[m\x1b[K,\n'}
[4.092738] (ros2_orbslam3) StderrLine: {'line': b'                 from \x1b[01m\x1b[K/home/henrique/ORB_SLAM3_Modular/include/Converter.h:26\x1b[m\x1b[K,\n'}
[4.092777] (ros2_orbslam3) StderrLine: {'line': b'                 from \x1b[01m\x1b[K/home/henrique/ORB_SLAM3_Modular/include/Frame.h:33\x1b[m\x1b[K,\n'}
[4.092811] (ros2_orbslam3) StderrLine: {'line': b'                 from \x1b[01m\x1b[K/home/henrique/ORB_SLAM3_Modular/include/KeyFrame.h:28\x1b[m\x1b[K,\n'}
[4.092842] (ros2_orbslam3) StderrLine: {'line': b'                 from \x1b[01m\x1b[K/home/henrique/ORB_SLAM3_Modular/include/MapPoint.h:23\x1b[m\x1b[K,\n'}
[4.092873] (ros2_orbslam3) StderrLine: {'line': b'                 from \x1b[01m\x1b[K/home/henrique/ORB_SLAM3_Modular/include/FrameDrawer.h:24\x1b[m\x1b[K,\n'}
[4.092904] (ros2_orbslam3) StderrLine: {'line': b'                 from \x1b[01m\x1b[K/home/henrique/ORB_SLAM3_Modular/include/Viewer.h:23\x1b[m\x1b[K,\n'}
[4.092934] (ros2_orbslam3) StderrLine: {'line': b'                 from \x1b[01m\x1b[K/home/henrique/ORB_SLAM3_Modular/include/Tracking.h:26\x1b[m\x1b[K,\n'}
[4.092964] (ros2_orbslam3) StderrLine: {'line': b'                 from \x1b[01m\x1b[K/home/henrique/ORB_SLAM3_Modular/include/System.h:31\x1b[m\x1b[K,\n'}
[4.092994] (ros2_orbslam3) StderrLine: {'line': b'                 from \x1b[01m\x1b[K/home/henrique/ws_visao/kinect-orbslam-ws/src/ros2_orbslam3/src/stereo/stereo-slam-node.hpp:29\x1b[m\x1b[K,\n'}
[4.093031] (ros2_orbslam3) StderrLine: {'line': b'                 from \x1b[01m\x1b[K/home/henrique/ws_visao/kinect-orbslam-ws/src/ros2_orbslam3/src/stereo/stereo-slam-node.cpp:7\x1b[m\x1b[K:\n'}
[4.093062] (ros2_orbslam3) StderrLine: {'line': b'/home/henrique/ORB_SLAM3_Modular/Thirdparty/g2o/g2o/types/../core/base_vertex.h: In instantiation of \xe2\x80\x98\x1b[01m\x1b[Kclass g2o::BaseVertex<7, g2o::Sim3>\x1b[m\x1b[K\xe2\x80\x99:\n'}
[4.093093] (ros2_orbslam3) StderrLine: {'line': b'\x1b[01m\x1b[K/home/henrique/ORB_SLAM3_Modular/Thirdparty/g2o/g2o/types/types_seven_dof_expmap.h:48:35:\x1b[m\x1b[K   required from here\n'}
[4.093123] (ros2_orbslam3) StderrLine: {'line': b'\x1b[01m\x1b[K/home/henrique/ORB_SLAM3_Modular/Thirdparty/g2o/g2o/types/../core/base_vertex.h:62:72:\x1b[m\x1b[K \x1b[01;35m\x1b[Kwarning: \x1b[m\x1b[K\xe2\x80\x98\x1b[01m\x1b[KEigen::AlignedBit\x1b[m\x1b[K\xe2\x80\x99 is deprecated [\x1b[01;35m\x1b[K\x1b]8;;https://gcc.gnu.org/onlinedocs/gcc/Warning-Options.html#index-Wdeprecated-declarations\x07-Wdeprecated-declarations\x1b]8;;\x07\x1b[m\x1b[K]\n'}
[4.093157] (ros2_orbslam3) StderrLine: {'line': b'   62 |     typedef Eigen::Map<Matrix<double, D, D>, Matrix<double,D,D>::\x1b[01;35m\x1b[KFlags & AlignedBit\x1b[m\x1b[K ? Aligned : Unaligned >  HessianBlockType;\n'}
[4.093189] (ros2_orbslam3) StderrLine: {'line': b'      |                                                                  \x1b[01;35m\x1b[K~~~~~~^~~~~~~~~~~~\x1b[m\x1b[K\n'}
[4.093220] (ros2_orbslam3) StderrLine: {'line': b'In file included from \x1b[01m\x1b[K/usr/include/eigen3/Eigen/Core:161\x1b[m\x1b[K,\n'}
[4.093250] (ros2_orbslam3) StderrLine: {'line': b'                 from \x1b[01m\x1b[K/usr/include/eigen3/Eigen/Dense:1\x1b[m\x1b[K,\n'}
[4.093280] (ros2_orbslam3) StderrLine: {'line': b'                 from \x1b[01m\x1b[K/home/henrique/ws_visao/kinect-orbslam-ws/src/ros2_orbslam3/src/stereo/stereo-slam-node.cpp:2\x1b[m\x1b[K:\n'}
[4.093311] (ros2_orbslam3) StderrLine: {'line': b'\x1b[01m\x1b[K/usr/include/eigen3/Eigen/src/Core/util/Constants.h:167:37:\x1b[m\x1b[K \x1b[01;36m\x1b[Knote: \x1b[m\x1b[Kdeclared here\n'}
[4.093342] (ros2_orbslam3) StderrLine: {'line': b'  167 | EIGEN_DEPRECATED const unsigned int \x1b[01;36m\x1b[KAlignedBit\x1b[m\x1b[K = 0x80;\n'}
[4.093373] (ros2_orbslam3) StderrLine: {'line': b'      |                                     \x1b[01;36m\x1b[K^~~~~~~~~~\x1b[m\x1b[K\n'}
[4.111817] (-) TimerEvent: {}
[4.115211] (ros2_orbslam3) StderrLine: {'line': b'In file included from \x1b[01m\x1b[K/home/henrique/ORB_SLAM3_Modular/Thirdparty/g2o/g2o/types/types_six_dof_expmap.h:38\x1b[m\x1b[K,\n'}
[4.115342] (ros2_orbslam3) StderrLine: {'line': b'                 from \x1b[01m\x1b[K/home/henrique/ORB_SLAM3_Modular/include/Converter.h:26\x1b[m\x1b[K,\n'}
[4.115378] (ros2_orbslam3) StderrLine: {'line': b'                 from \x1b[01m\x1b[K/home/henrique/ORB_SLAM3_Modular/include/Frame.h:33\x1b[m\x1b[K,\n'}
[4.115420] (ros2_orbslam3) StderrLine: {'line': b'                 from \x1b[01m\x1b[K/home/henrique/ORB_SLAM3_Modular/include/KeyFrame.h:28\x1b[m\x1b[K,\n'}
[4.115452] (ros2_orbslam3) StderrLine: {'line': b'                 from \x1b[01m\x1b[K/home/henrique/ORB_SLAM3_Modular/include/MapPoint.h:23\x1b[m\x1b[K,\n'}
[4.115482] (ros2_orbslam3) StderrLine: {'line': b'                 from \x1b[01m\x1b[K/home/henrique/ORB_SLAM3_Modular/include/FrameDrawer.h:24\x1b[m\x1b[K,\n'}
[4.115515] (ros2_orbslam3) StderrLine: {'line': b'                 from \x1b[01m\x1b[K/home/henrique/ORB_SLAM3_Modular/include/Viewer.h:23\x1b[m\x1b[K,\n'}
[4.115546] (ros2_orbslam3) StderrLine: {'line': b'                 from \x1b[01m\x1b[K/home/henrique/ORB_SLAM3_Modular/include/Tracking.h:26\x1b[m\x1b[K,\n'}
[4.115595] (ros2_orbslam3) StderrLine: {'line': b'                 from \x1b[01m\x1b[K/home/henrique/ORB_SLAM3_Modular/include/System.h:31\x1b[m\x1b[K,\n'}
[4.115631] (ros2_orbslam3) StderrLine: {'line': b'                 from \x1b[01m\x1b[K/home/henrique/ws_visao/kinect-orbslam-ws/src/ros2_orbslam3/src/stereo/stereo-slam-node.hpp:29\x1b[m\x1b[K,\n'}
[4.115666] (ros2_orbslam3) StderrLine: {'line': b'                 from \x1b[01m\x1b[K/home/henrique/ws_visao/kinect-orbslam-ws/src/ros2_orbslam3/src/stereo/stereo-slam-node.cpp:7\x1b[m\x1b[K:\n'}
[4.115700] (ros2_orbslam3) StderrLine: {'line': b'/home/henrique/ORB_SLAM3_Modular/Thirdparty/g2o/g2o/types/../core/base_binary_edge.h: In instantiation of \xe2\x80\x98\x1b[01m\x1b[Kclass g2o::BaseBinaryEdge<7, g2o::Sim3, g2o::VertexSim3Expmap, g2o::VertexSim3Expmap>\x1b[m\x1b[K\xe2\x80\x99:\n'}
[4.115735] (ros2_orbslam3) StderrLine: {'line': b'\x1b[01m\x1b[K/home/henrique/ORB_SLAM3_Modular/Thirdparty/g2o/g2o/types/types_seven_dof_expmap.h:99:27:\x1b[m\x1b[K   required from here\n'}
[4.115767] (ros2_orbslam3) StderrLine: {'line': b'\x1b[01m\x1b[K/home/henrique/ORB_SLAM3_Modular/Thirdparty/g2o/g2o/types/../core/base_binary_edge.h:59:80:\x1b[m\x1b[K \x1b[01;35m\x1b[Kwarning: \x1b[m\x1b[K\xe2\x80\x98\x1b[01m\x1b[KEigen::AlignedBit\x1b[m\x1b[K\xe2\x80\x99 is deprecated [\x1b[01;35m\x1b[K\x1b]8;;https://gcc.gnu.org/onlinedocs/gcc/Warning-Options.html#index-Wdeprecated-declarations\x07-Wdeprecated-declarations\x1b]8;;\x07\x1b[m\x1b[K]\n'}
[4.115800] (ros2_orbslam3) StderrLine: {'line': b'   59 |       typedef Eigen::Map<Matrix<double, Di, Dj>, Matrix<double, Di, Dj>::\x1b[01;35m\x1b[KFlags & AlignedBit\x1b[m\x1b[K ? Aligned : Unaligned > HessianBlockType;\n'}
[4.115831] (ros2_orbslam3) StderrLine: {'line': b'      |                                                                          \x1b[01;35m\x1b[K~~~~~~^~~~~~~~~~~~\x1b[m\x1b[K\n'}
[4.115863] (ros2_orbslam3) StderrLine: {'line': b'In file included from \x1b[01m\x1b[K/usr/include/eigen3/Eigen/Core:161\x1b[m\x1b[K,\n'}
[4.115893] (ros2_orbslam3) StderrLine: {'line': b'                 from \x1b[01m\x1b[K/usr/include/eigen3/Eigen/Dense:1\x1b[m\x1b[K,\n'}
[4.115923] (ros2_orbslam3) StderrLine: {'line': b'                 from \x1b[01m\x1b[K/home/henrique/ws_visao/kinect-orbslam-ws/src/ros2_orbslam3/src/stereo/stereo-slam-node.cpp:2\x1b[m\x1b[K:\n'}
[4.115952] (ros2_orbslam3) StderrLine: {'line': b'\x1b[01m\x1b[K/usr/include/eigen3/Eigen/src/Core/util/Constants.h:167:37:\x1b[m\x1b[K \x1b[01;36m\x1b[Knote: \x1b[m\x1b[Kdeclared here\n'}
[4.115982] (ros2_orbslam3) StderrLine: {'line': b'  167 | EIGEN_DEPRECATED const unsigned int \x1b[01;36m\x1b[KAlignedBit\x1b[m\x1b[K = 0x80;\n'}
[4.116013] (ros2_orbslam3) StderrLine: {'line': b'      |                                     \x1b[01;36m\x1b[K^~~~~~~~~~\x1b[m\x1b[K\n'}
[4.116043] (ros2_orbslam3) StderrLine: {'line': b'In file included from \x1b[01m\x1b[K/home/henrique/ORB_SLAM3_Modular/Thirdparty/g2o/g2o/types/types_six_dof_expmap.h:38\x1b[m\x1b[K,\n'}
[4.116074] (ros2_orbslam3) StderrLine: {'line': b'                 from \x1b[01m\x1b[K/home/henrique/ORB_SLAM3_Modular/include/Converter.h:26\x1b[m\x1b[K,\n'}
[4.116103] (ros2_orbslam3) StderrLine: {'line': b'                 from \x1b[01m\x1b[K/home/henrique/ORB_SLAM3_Modular/include/Frame.h:33\x1b[m\x1b[K,\n'}
[4.116135] (ros2_orbslam3) StderrLine: {'line': b'                 from \x1b[01m\x1b[K/home/henrique/ORB_SLAM3_Modular/include/KeyFrame.h:28\x1b[m\x1b[K,\n'}
[4.116166] (ros2_orbslam3) StderrLine: {'line': b'                 from \x1b[01m\x1b[K/home/henrique/ORB_SLAM3_Modular/include/MapPoint.h:23\x1b[m\x1b[K,\n'}
[4.116196] (ros2_orbslam3) StderrLine: {'line': b'                 from \x1b[01m\x1b[K/home/henrique/ORB_SLAM3_Modular/include/FrameDrawer.h:24\x1b[m\x1b[K,\n'}
[4.116226] (ros2_orbslam3) StderrLine: {'line': b'                 from \x1b[01m\x1b[K/home/henrique/ORB_SLAM3_Modular/include/Viewer.h:23\x1b[m\x1b[K,\n'}
[4.116257] (ros2_orbslam3) StderrLine: {'line': b'                 from \x1b[01m\x1b[K/home/henrique/ORB_SLAM3_Modular/include/Tracking.h:26\x1b[m\x1b[K,\n'}
[4.116286] (ros2_orbslam3) StderrLine: {'line': b'                 from \x1b[01m\x1b[K/home/henrique/ORB_SLAM3_Modular/include/System.h:31\x1b[m\x1b[K,\n'}
[4.116316] (ros2_orbslam3) StderrLine: {'line': b'                 from \x1b[01m\x1b[K/home/henrique/ws_visao/kinect-orbslam-ws/src/ros2_orbslam3/src/stereo/stereo-slam-node.hpp:29\x1b[m\x1b[K,\n'}
[4.116346] (ros2_orbslam3) StderrLine: {'line': b'                 from \x1b[01m\x1b[K/home/henrique/ws_visao/kinect-orbslam-ws/src/ros2_orbslam3/src/stereo/stereo-slam-node.cpp:7\x1b[m\x1b[K:\n'}
[4.116377] (ros2_orbslam3) StderrLine: {'line': b'\x1b[01m\x1b[K/home/henrique/ORB_SLAM3_Modular/Thirdparty/g2o/g2o/types/../core/base_binary_edge.h:60:80:\x1b[m\x1b[K \x1b[01;35m\x1b[Kwarning: \x1b[m\x1b[K\xe2\x80\x98\x1b[01m\x1b[KEigen::AlignedBit\x1b[m\x1b[K\xe2\x80\x99 is deprecated [\x1b[01;35m\x1b[K\x1b]8;;https://gcc.gnu.org/onlinedocs/gcc/Warning-Options.html#index-Wdeprecated-declarations\x07-Wdeprecated-declarations\x1b]8;;\x07\x1b[m\x1b[K]\n'}
[4.116409] (ros2_orbslam3) StderrLine: {'line': b'   60 |       typedef Eigen::Map<Matrix<double, Dj, Di>, Matrix<double, Dj, Di>::\x1b[01;35m\x1b[KFlags & AlignedBit\x1b[m\x1b[K ? Aligned : Unaligned > HessianBlockTransposedType;\n'}
[4.116441] (ros2_orbslam3) StderrLine: {'line': b'      |                                                                          \x1b[01;35m\x1b[K~~~~~~^~~~~~~~~~~~\x1b[m\x1b[K\n'}
[4.116471] (ros2_orbslam3) StderrLine: {'line': b'In file included from \x1b[01m\x1b[K/usr/include/eigen3/Eigen/Core:161\x1b[m\x1b[K,\n'}
[4.116503] (ros2_orbslam3) StderrLine: {'line': b'                 from \x1b[01m\x1b[K/usr/include/eigen3/Eigen/Dense:1\x1b[m\x1b[K,\n'}
[4.116533] (ros2_orbslam3) StderrLine: {'line': b'                 from \x1b[01m\x1b[K/home/henrique/ws_visao/kinect-orbslam-ws/src/ros2_orbslam3/src/stereo/stereo-slam-node.cpp:2\x1b[m\x1b[K:\n'}
[4.116570] (ros2_orbslam3) StderrLine: {'line': b'\x1b[01m\x1b[K/usr/include/eigen3/Eigen/src/Core/util/Constants.h:167:37:\x1b[m\x1b[K \x1b[01;36m\x1b[Knote: \x1b[m\x1b[Kdeclared here\n'}
[4.116602] (ros2_orbslam3) StderrLine: {'line': b'  167 | EIGEN_DEPRECATED const unsigned int \x1b[01;36m\x1b[KAlignedBit\x1b[m\x1b[K = 0x80;\n'}
[4.116633] (ros2_orbslam3) StderrLine: {'line': b'      |                                     \x1b[01;36m\x1b[K^~~~~~~~~~\x1b[m\x1b[K\n'}
[4.147544] (ros2_orbslam3) StderrLine: {'line': b'In file included from \x1b[01m\x1b[K/home/henrique/ORB_SLAM3_Modular/Thirdparty/g2o/g2o/types/types_six_dof_expmap.h:38\x1b[m\x1b[K,\n'}
[4.147688] (ros2_orbslam3) StderrLine: {'line': b'                 from \x1b[01m\x1b[K/home/henrique/ORB_SLAM3_Modular/include/Converter.h:26\x1b[m\x1b[K,\n'}
[4.147725] (ros2_orbslam3) StderrLine: {'line': b'                 from \x1b[01m\x1b[K/home/henrique/ORB_SLAM3_Modular/include/Frame.h:33\x1b[m\x1b[K,\n'}
[4.147765] (ros2_orbslam3) StderrLine: {'line': b'                 from \x1b[01m\x1b[K/home/henrique/ORB_SLAM3_Modular/include/KeyFrame.h:28\x1b[m\x1b[K,\n'}
[4.147797] (ros2_orbslam3) StderrLine: {'line': b'                 from \x1b[01m\x1b[K/home/henrique/ORB_SLAM3_Modular/include/MapPoint.h:23\x1b[m\x1b[K,\n'}
[4.147828] (ros2_orbslam3) StderrLine: {'line': b'                 from \x1b[01m\x1b[K/home/henrique/ORB_SLAM3_Modular/include/FrameDrawer.h:24\x1b[m\x1b[K,\n'}
[4.147861] (ros2_orbslam3) StderrLine: {'line': b'                 from \x1b[01m\x1b[K/home/henrique/ORB_SLAM3_Modular/include/Viewer.h:23\x1b[m\x1b[K,\n'}
[4.147890] (ros2_orbslam3) StderrLine: {'line': b'                 from \x1b[01m\x1b[K/home/henrique/ORB_SLAM3_Modular/include/Tracking.h:26\x1b[m\x1b[K,\n'}
[4.147921] (ros2_orbslam3) StderrLine: {'line': b'                 from \x1b[01m\x1b[K/home/henrique/ORB_SLAM3_Modular/include/System.h:31\x1b[m\x1b[K,\n'}
[4.147951] (ros2_orbslam3) StderrLine: {'line': b'                 from \x1b[01m\x1b[K/home/henrique/ws_visao/kinect-orbslam-ws/src/ros2_orbslam3/src/stereo/stereo-slam-node.hpp:29\x1b[m\x1b[K,\n'}
[4.147983] (ros2_orbslam3) StderrLine: {'line': b'                 from \x1b[01m\x1b[K/home/henrique/ws_visao/kinect-orbslam-ws/src/ros2_orbslam3/src/stereo/stereo-slam-node.cpp:7\x1b[m\x1b[K:\n'}
[4.148013] (ros2_orbslam3) StderrLine: {'line': b'/home/henrique/ORB_SLAM3_Modular/Thirdparty/g2o/g2o/types/../core/base_binary_edge.h: In instantiation of \xe2\x80\x98\x1b[01m\x1b[Kclass g2o::BaseBinaryEdge<2, Eigen::Matrix<double, 2, 1>, g2o::VertexSBAPointXYZ, g2o::VertexSim3Expmap>\x1b[m\x1b[K\xe2\x80\x99:\n'}
[4.148046] (ros2_orbslam3) StderrLine: {'line': b'\x1b[01m\x1b[K/home/henrique/ORB_SLAM3_Modular/Thirdparty/g2o/g2o/types/types_seven_dof_expmap.h:130:36:\x1b[m\x1b[K   required from here\n'}
[4.148076] (ros2_orbslam3) StderrLine: {'line': b'\x1b[01m\x1b[K/home/henrique/ORB_SLAM3_Modular/Thirdparty/g2o/g2o/types/../core/base_binary_edge.h:59:80:\x1b[m\x1b[K \x1b[01;35m\x1b[Kwarning: \x1b[m\x1b[K\xe2\x80\x98\x1b[01m\x1b[KEigen::AlignedBit\x1b[m\x1b[K\xe2\x80\x99 is deprecated [\x1b[01;35m\x1b[K\x1b]8;;https://gcc.gnu.org/onlinedocs/gcc/Warning-Options.html#index-Wdeprecated-declarations\x07-Wdeprecated-declarations\x1b]8;;\x07\x1b[m\x1b[K]\n'}
[4.148110] (ros2_orbslam3) StderrLine: {'line': b'   59 |       typedef Eigen::Map<Matrix<double, Di, Dj>, Matrix<double, Di, Dj>::\x1b[01;35m\x1b[KFlags & AlignedBit\x1b[m\x1b[K ? Aligned : Unaligned > HessianBlockType;\n'}
[4.148141] (ros2_orbslam3) StderrLine: {'line': b'      |                                                                          \x1b[01;35m\x1b[K~~~~~~^~~~~~~~~~~~\x1b[m\x1b[K\n'}
[4.148171] (ros2_orbslam3) StderrLine: {'line': b'In file included from \x1b[01m\x1b[K/usr/include/eigen3/Eigen/Core:161\x1b[m\x1b[K,\n'}
[4.148201] (ros2_orbslam3) StderrLine: {'line': b'                 from \x1b[01m\x1b[K/usr/include/eigen3/Eigen/Dense:1\x1b[m\x1b[K,\n'}
[4.148230] (ros2_orbslam3) StderrLine: {'line': b'                 from \x1b[01m\x1b[K/home/henrique/ws_visao/kinect-orbslam-ws/src/ros2_orbslam3/src/stereo/stereo-slam-node.cpp:2\x1b[m\x1b[K:\n'}
[4.148261] (ros2_orbslam3) StderrLine: {'line': b'\x1b[01m\x1b[K/usr/include/eigen3/Eigen/src/Core/util/Constants.h:167:37:\x1b[m\x1b[K \x1b[01;36m\x1b[Knote: \x1b[m\x1b[Kdeclared here\n'}
[4.148292] (ros2_orbslam3) StderrLine: {'line': b'  167 | EIGEN_DEPRECATED const unsigned int \x1b[01;36m\x1b[KAlignedBit\x1b[m\x1b[K = 0x80;\n'}
[4.148322] (ros2_orbslam3) StderrLine: {'line': b'      |                                     \x1b[01;36m\x1b[K^~~~~~~~~~\x1b[m\x1b[K\n'}
[4.158538] (ros2_orbslam3) StderrLine: {'line': b'In file included from \x1b[01m\x1b[K/home/henrique/ORB_SLAM3_Modular/Thirdparty/g2o/g2o/types/types_six_dof_expmap.h:38\x1b[m\x1b[K,\n'}
[4.158670] (ros2_orbslam3) StderrLine: {'line': b'                 from \x1b[01m\x1b[K/home/henrique/ORB_SLAM3_Modular/include/Converter.h:26\x1b[m\x1b[K,\n'}
[4.158712] (ros2_orbslam3) StderrLine: {'line': b'                 from \x1b[01m\x1b[K/home/henrique/ORB_SLAM3_Modular/include/Frame.h:33\x1b[m\x1b[K,\n'}
[4.158744] (ros2_orbslam3) StderrLine: {'line': b'                 from \x1b[01m\x1b[K/home/henrique/ORB_SLAM3_Modular/include/KeyFrame.h:28\x1b[m\x1b[K,\n'}
[4.158775] (ros2_orbslam3) StderrLine: {'line': b'                 from \x1b[01m\x1b[K/home/henrique/ORB_SLAM3_Modular/include/MapPoint.h:23\x1b[m\x1b[K,\n'}
[4.158815] (ros2_orbslam3) StderrLine: {'line': b'                 from \x1b[01m\x1b[K/home/henrique/ORB_SLAM3_Modular/include/FrameDrawer.h:24\x1b[m\x1b[K,\n'}
[4.158846] (ros2_orbslam3) StderrLine: {'line': b'                 from \x1b[01m\x1b[K/home/henrique/ORB_SLAM3_Modular/include/Viewer.h:23\x1b[m\x1b[K,\n'}
[4.158877] (ros2_orbslam3) StderrLine: {'line': b'                 from \x1b[01m\x1b[K/home/henrique/ORB_SLAM3_Modular/include/Tracking.h:26\x1b[m\x1b[K,\n'}
[4.158908] (ros2_orbslam3) StderrLine: {'line': b'                 from \x1b[01m\x1b[K/home/henrique/ORB_SLAM3_Modular/include/System.h:31\x1b[m\x1b[K,\n'}
[4.158938] (ros2_orbslam3) StderrLine: {'line': b'                 from \x1b[01m\x1b[K/home/henrique/ws_visao/kinect-orbslam-ws/src/ros2_orbslam3/src/stereo/stereo-slam-node.hpp:29\x1b[m\x1b[K,\n'}
[4.158969] (ros2_orbslam3) StderrLine: {'line': b'                 from \x1b[01m\x1b[K/home/henrique/ws_visao/kinect-orbslam-ws/src/ros2_orbslam3/src/stereo/stereo-slam-node.cpp:7\x1b[m\x1b[K:\n'}
[4.159001] (ros2_orbslam3) StderrLine: {'line': b'\x1b[01m\x1b[K/home/henrique/ORB_SLAM3_Modular/Thirdparty/g2o/g2o/types/../core/base_binary_edge.h:60:80:\x1b[m\x1b[K \x1b[01;35m\x1b[Kwarning: \x1b[m\x1b[K\xe2\x80\x98\x1b[01m\x1b[KEigen::AlignedBit\x1b[m\x1b[K\xe2\x80\x99 is deprecated [\x1b[01;35m\x1b[K\x1b]8;;https://gcc.gnu.org/onlinedocs/gcc/Warning-Options.html#index-Wdeprecated-declarations\x07-Wdeprecated-declarations\x1b]8;;\x07\x1b[m\x1b[K]\n'}
[4.159044] (ros2_orbslam3) StderrLine: {'line': b'   60 |       typedef Eigen::Map<Matrix<double, Dj, Di>, Matrix<double, Dj, Di>::\x1b[01;35m\x1b[KFlags & AlignedBit\x1b[m\x1b[K ? Aligned : Unaligned > HessianBlockTransposedType;\n'}
[4.159078] (ros2_orbslam3) StderrLine: {'line': b'      |                                                                          \x1b[01;35m\x1b[K~~~~~~^~~~~~~~~~~~\x1b[m\x1b[K\n'}
[4.159109] (ros2_orbslam3) StderrLine: {'line': b'In file included from \x1b[01m\x1b[K/usr/include/eigen3/Eigen/Core:161\x1b[m\x1b[K,\n'}
[4.159140] (ros2_orbslam3) StderrLine: {'line': b'                 from \x1b[01m\x1b[K/usr/include/eigen3/Eigen/Dense:1\x1b[m\x1b[K,\n'}
[4.159169] (ros2_orbslam3) StderrLine: {'line': b'                 from \x1b[01m\x1b[K/home/henrique/ws_visao/kinect-orbslam-ws/src/ros2_orbslam3/src/stereo/stereo-slam-node.cpp:2\x1b[m\x1b[K:\n'}
[4.159200] (ros2_orbslam3) StderrLine: {'line': b'\x1b[01m\x1b[K/usr/include/eigen3/Eigen/src/Core/util/Constants.h:167:37:\x1b[m\x1b[K \x1b[01;36m\x1b[Knote: \x1b[m\x1b[Kdeclared here\n'}
[4.159229] (ros2_orbslam3) StderrLine: {'line': b'  167 | EIGEN_DEPRECATED const unsigned int \x1b[01;36m\x1b[KAlignedBit\x1b[m\x1b[K = 0x80;\n'}
[4.159259] (ros2_orbslam3) StderrLine: {'line': b'      |                                     \x1b[01;36m\x1b[K^~~~~~~~~~\x1b[m\x1b[K\n'}
[4.211917] (-) TimerEvent: {}
[4.312253] (-) TimerEvent: {}
[4.412616] (-) TimerEvent: {}
[4.512960] (-) TimerEvent: {}
[4.569136] (ros2_orbslam3) StderrLine: {'line': b'In file included from \x1b[01m\x1b[K/home/henrique/ORB_SLAM3_Modular/include/Atlas.h:26\x1b[m\x1b[K,\n'}
[4.569281] (ros2_orbslam3) StderrLine: {'line': b'                 from \x1b[01m\x1b[K/home/henrique/ORB_SLAM3_Modular/include/FrameDrawer.h:25\x1b[m\x1b[K,\n'}
[4.569320] (ros2_orbslam3) StderrLine: {'line': b'                 from \x1b[01m\x1b[K/home/henrique/ORB_SLAM3_Modular/include/Viewer.h:23\x1b[m\x1b[K,\n'}
[4.569352] (ros2_orbslam3) StderrLine: {'line': b'                 from \x1b[01m\x1b[K/home/henrique/ORB_SLAM3_Modular/include/Tracking.h:26\x1b[m\x1b[K,\n'}
[4.569382] (ros2_orbslam3) StderrLine: {'line': b'                 from \x1b[01m\x1b[K/home/henrique/ORB_SLAM3_Modular/include/System.h:31\x1b[m\x1b[K,\n'}
[4.569412] (ros2_orbslam3) StderrLine: {'line': b'                 from \x1b[01m\x1b[K/home/henrique/ws_visao/kinect-orbslam-ws/src/ros2_orbslam3/src/stereo/stereo-slam-node.hpp:29\x1b[m\x1b[K,\n'}
[4.569444] (ros2_orbslam3) StderrLine: {'line': b'                 from \x1b[01m\x1b[K/home/henrique/ws_visao/kinect-orbslam-ws/src/ros2_orbslam3/src/stereo/stereo-slam-node.cpp:7\x1b[m\x1b[K:\n'}
[4.569484] (ros2_orbslam3) StderrLine: {'line': b'\x1b[01m\x1b[K/home/henrique/ORB_SLAM3_Modular/include/CameraModels/Pinhole.h:\x1b[m\x1b[K In member function \xe2\x80\x98\x1b[01m\x1b[Kvirtual bool ORB_SLAM3::Pinhole::matchAndtriangulate(const cv::KeyPoint&, const cv::KeyPoint&, ORB_SLAM3::GeometricCamera*, Sophus::SE3f&, Sophus::SE3f&, float, float, Eigen::Vector3f&)\x1b[m\x1b[K\xe2\x80\x99:\n'}
[4.569517] (ros2_orbslam3) StderrLine: {'line': b'\x1b[01m\x1b[K/home/henrique/ORB_SLAM3_Modular/include/CameraModels/Pinhole.h:83:54:\x1b[m\x1b[K \x1b[01;35m\x1b[Kwarning: \x1b[m\x1b[Kunused parameter \xe2\x80\x98\x1b[01m\x1b[Kkp1\x1b[m\x1b[K\xe2\x80\x99 [\x1b[01;35m\x1b[K\x1b]8;;https://gcc.gnu.org/onlinedocs/gcc/Warning-Options.html#index-Wunused-parameter\x07-Wunused-parameter\x1b]8;;\x07\x1b[m\x1b[K]\n'}
[4.569551] (ros2_orbslam3) StderrLine: {'line': b'   83 |         bool matchAndtriangulate(\x1b[01;35m\x1b[Kconst cv::KeyPoint& kp1\x1b[m\x1b[K, const cv::KeyPoint& kp2, GeometricCamera* pOther,\n'}
[4.569599] (ros2_orbslam3) StderrLine: {'line': b'      |                                  \x1b[01;35m\x1b[K~~~~~~~~~~~~~~~~~~~~^~~\x1b[m\x1b[K\n'}
[4.569634] (ros2_orbslam3) StderrLine: {'line': b'\x1b[01m\x1b[K/home/henrique/ORB_SLAM3_Modular/include/CameraModels/Pinhole.h:83:79:\x1b[m\x1b[K \x1b[01;35m\x1b[Kwarning: \x1b[m\x1b[Kunused parameter \xe2\x80\x98\x1b[01m\x1b[Kkp2\x1b[m\x1b[K\xe2\x80\x99 [\x1b[01;35m\x1b[K\x1b]8;;https://gcc.gnu.org/onlinedocs/gcc/Warning-Options.html#index-Wunused-parameter\x07-Wunused-parameter\x1b]8;;\x07\x1b[m\x1b[K]\n'}
[4.569669] (ros2_orbslam3) StderrLine: {'line': b'   83 |         bool matchAndtriangulate(const cv::KeyPoint& kp1, \x1b[01;35m\x1b[Kconst cv::KeyPoint& kp2\x1b[m\x1b[K, GeometricCamera* pOther,\n'}
[4.569702] (ros2_orbslam3) StderrLine: {'line': b'      |                                                           \x1b[01;35m\x1b[K~~~~~~~~~~~~~~~~~~~~^~~\x1b[m\x1b[K\n'}
[4.569735] (ros2_orbslam3) StderrLine: {'line': b'\x1b[01m\x1b[K/home/henrique/ORB_SLAM3_Modular/include/CameraModels/Pinhole.h:83:101:\x1b[m\x1b[K \x1b[01;35m\x1b[Kwarning: \x1b[m\x1b[Kunused parameter \xe2\x80\x98\x1b[01m\x1b[KpOther\x1b[m\x1b[K\xe2\x80\x99 [\x1b[01;35m\x1b[K\x1b]8;;https://gcc.gnu.org/onlinedocs/gcc/Warning-Options.html#index-Wunused-parameter\x07-Wunused-parameter\x1b]8;;\x07\x1b[m\x1b[K]\n'}
[4.569771] (ros2_orbslam3) StderrLine: {'line': b'   83 |         bool matchAndtriangulate(const cv::KeyPoint& kp1, const cv::KeyPoint& kp2, \x1b[01;35m\x1b[KGeometricCamera* pOther\x1b[m\x1b[K,\n'}
[4.569820] (ros2_orbslam3) StderrLine: {'line': b'      |                                                                                    \x1b[01;35m\x1b[K~~~~~~~~~~~~~~~~~^~~~~~\x1b[m\x1b[K\n'}
[4.569867] (ros2_orbslam3) StderrLine: {'line': b'\x1b[01m\x1b[K/home/henrique/ORB_SLAM3_Modular/include/CameraModels/Pinhole.h:84:48:\x1b[m\x1b[K \x1b[01;35m\x1b[Kwarning: \x1b[m\x1b[Kunused parameter \xe2\x80\x98\x1b[01m\x1b[KTcw1\x1b[m\x1b[K\xe2\x80\x99 [\x1b[01;35m\x1b[K\x1b]8;;https://gcc.gnu.org/onlinedocs/gcc/Warning-Options.html#index-Wunused-parameter\x07-Wunused-parameter\x1b]8;;\x07\x1b[m\x1b[K]\n'}
[4.569983] (ros2_orbslam3) StderrLine: {'line': b'   84 |                                  \x1b[01;35m\x1b[KSophus::SE3f& Tcw1\x1b[m\x1b[K, Sophus::SE3f& Tcw2,\n'}
[4.570016] (ros2_orbslam3) StderrLine: {'line': b'      |                                  \x1b[01;35m\x1b[K~~~~~~~~~~~~~~^~~~\x1b[m\x1b[K\n'}
[4.570069] (ros2_orbslam3) StderrLine: {'line': b'\x1b[01m\x1b[K/home/henrique/ORB_SLAM3_Modular/include/CameraModels/Pinhole.h:84:68:\x1b[m\x1b[K \x1b[01;35m\x1b[Kwarning: \x1b[m\x1b[Kunused parameter \xe2\x80\x98\x1b[01m\x1b[KTcw2\x1b[m\x1b[K\xe2\x80\x99 [\x1b[01;35m\x1b[K\x1b]8;;https://gcc.gnu.org/onlinedocs/gcc/Warning-Options.html#index-Wunused-parameter\x07-Wunused-parameter\x1b]8;;\x07\x1b[m\x1b[K]\n'}
[4.570153] (ros2_orbslam3) StderrLine: {'line': b'   84 |                                  Sophus::SE3f& Tcw1, \x1b[01;35m\x1b[KSophus::SE3f& Tcw2\x1b[m\x1b[K,\n'}
[4.570188] (ros2_orbslam3) StderrLine: {'line': b'      |                                                      \x1b[01;35m\x1b[K~~~~~~~~~~~~~~^~~~\x1b[m\x1b[K\n'}
[4.570218] (ros2_orbslam3) StderrLine: {'line': b'\x1b[01m\x1b[K/home/henrique/ORB_SLAM3_Modular/include/CameraModels/Pinhole.h:85:46:\x1b[m\x1b[K \x1b[01;35m\x1b[Kwarning: \x1b[m\x1b[Kunused parameter \xe2\x80\x98\x1b[01m\x1b[KsigmaLevel1\x1b[m\x1b[K\xe2\x80\x99 [\x1b[01;35m\x1b[K\x1b]8;;https://gcc.gnu.org/onlinedocs/gcc/Warning-Options.html#index-Wunused-parameter\x07-Wunused-parameter\x1b]8;;\x07\x1b[m\x1b[K]\n'}
[4.570253] (ros2_orbslam3) StderrLine: {'line': b'   85 |                                  \x1b[01;35m\x1b[Kconst float sigmaLevel1\x1b[m\x1b[K, const float sigmaLevel2,\n'}
[4.570284] (ros2_orbslam3) StderrLine: {'line': b'      |                                  \x1b[01;35m\x1b[K~~~~~~~~~~~~^~~~~~~~~~~\x1b[m\x1b[K\n'}
[4.570331] (ros2_orbslam3) StderrLine: {'line': b'\x1b[01m\x1b[K/home/henrique/ORB_SLAM3_Modular/include/CameraModels/Pinhole.h:85:71:\x1b[m\x1b[K \x1b[01;35m\x1b[Kwarning: \x1b[m\x1b[Kunused parameter \xe2\x80\x98\x1b[01m\x1b[KsigmaLevel2\x1b[m\x1b[K\xe2\x80\x99 [\x1b[01;35m\x1b[K\x1b]8;;https://gcc.gnu.org/onlinedocs/gcc/Warning-Options.html#index-Wunused-parameter\x07-Wunused-parameter\x1b]8;;\x07\x1b[m\x1b[K]\n'}
[4.570382] (ros2_orbslam3) StderrLine: {'line': b'   85 |                                  const float sigmaLevel1, \x1b[01;35m\x1b[Kconst float sigmaLevel2\x1b[m\x1b[K,\n'}
[4.570425] (ros2_orbslam3) StderrLine: {'line': b'      |                                                           \x1b[01;35m\x1b[K~~~~~~~~~~~~^~~~~~~~~~~\x1b[m\x1b[K\n'}
[4.570467] (ros2_orbslam3) StderrLine: {'line': b'\x1b[01m\x1b[K/home/henrique/ORB_SLAM3_Modular/include/CameraModels/Pinhole.h:86:51:\x1b[m\x1b[K \x1b[01;35m\x1b[Kwarning: \x1b[m\x1b[Kunused parameter \xe2\x80\x98\x1b[01m\x1b[Kx3Dtriangulated\x1b[m\x1b[K\xe2\x80\x99 [\x1b[01;35m\x1b[K\x1b]8;;https://gcc.gnu.org/onlinedocs/gcc/Warning-Options.html#index-Wunused-parameter\x07-Wunused-parameter\x1b]8;;\x07\x1b[m\x1b[K]\n'}
[4.570511] (ros2_orbslam3) StderrLine: {'line': b'   86 |                                  \x1b[01;35m\x1b[KEigen::Vector3f& x3Dtriangulated\x1b[m\x1b[K) { return false;}\n'}
[4.570553] (ros2_orbslam3) StderrLine: {'line': b'      |                                  \x1b[01;35m\x1b[K~~~~~~~~~~~~~~~~~^~~~~~~~~~~~~~~\x1b[m\x1b[K\n'}
[4.570627] (ros2_orbslam3) StderrLine: {'line': b'In file included from \x1b[01m\x1b[K/home/henrique/ORB_SLAM3_Modular/include/Atlas.h:27\x1b[m\x1b[K,\n'}
[4.570659] (ros2_orbslam3) StderrLine: {'line': b'                 from \x1b[01m\x1b[K/home/henrique/ORB_SLAM3_Modular/include/FrameDrawer.h:25\x1b[m\x1b[K,\n'}
[4.570690] (ros2_orbslam3) StderrLine: {'line': b'                 from \x1b[01m\x1b[K/home/henrique/ORB_SLAM3_Modular/include/Viewer.h:23\x1b[m\x1b[K,\n'}
[4.570720] (ros2_orbslam3) StderrLine: {'line': b'                 from \x1b[01m\x1b[K/home/henrique/ORB_SLAM3_Modular/include/Tracking.h:26\x1b[m\x1b[K,\n'}
[4.570752] (ros2_orbslam3) StderrLine: {'line': b'                 from \x1b[01m\x1b[K/home/henrique/ORB_SLAM3_Modular/include/System.h:31\x1b[m\x1b[K,\n'}
[4.570781] (ros2_orbslam3) StderrLine: {'line': b'                 from \x1b[01m\x1b[K/home/henrique/ws_visao/kinect-orbslam-ws/src/ros2_orbslam3/src/stereo/stereo-slam-node.hpp:29\x1b[m\x1b[K,\n'}
[4.570810] (ros2_orbslam3) StderrLine: {'line': b'                 from \x1b[01m\x1b[K/home/henrique/ws_visao/kinect-orbslam-ws/src/ros2_orbslam3/src/stereo/stereo-slam-node.cpp:7\x1b[m\x1b[K:\n'}
[4.570839] (ros2_orbslam3) StderrLine: {'line': b'\x1b[01m\x1b[K/home/henrique/ORB_SLAM3_Modular/include/CameraModels/KannalaBrandt8.h:\x1b[m\x1b[K In constructor \xe2\x80\x98\x1b[01m\x1b[KORB_SLAM3::KannalaBrandt8::KannalaBrandt8(std::vector<float>)\x1b[m\x1b[K\xe2\x80\x99:\n'}
[4.570870] (ros2_orbslam3) StderrLine: {'line': b'\x1b[01m\x1b[K/home/henrique/ORB_SLAM3_Modular/include/CameraModels/KannalaBrandt8.h:102:21:\x1b[m\x1b[K \x1b[01;35m\x1b[Kwarning: \x1b[m\x1b[K\xe2\x80\x98\x1b[01m\x1b[KORB_SLAM3::KannalaBrandt8::precision\x1b[m\x1b[K\xe2\x80\x99 will be initialized after [\x1b[01;35m\x1b[K\x1b]8;;https://gcc.gnu.org/onlinedocs/gcc/Warning-Options.html#index-Wreorder\x07-Wreorder\x1b]8;;\x07\x1b[m\x1b[K]\n'}
[4.570905] (ros2_orbslam3) StderrLine: {'line': b'  102 |         const float \x1b[01;35m\x1b[Kprecision\x1b[m\x1b[K;\n'}
[4.570934] (ros2_orbslam3) StderrLine: {'line': b'      |                     \x1b[01;35m\x1b[K^~~~~~~~~\x1b[m\x1b[K\n'}
[4.570963] (ros2_orbslam3) StderrLine: {'line': b'\x1b[01m\x1b[K/home/henrique/ORB_SLAM3_Modular/include/CameraModels/KannalaBrandt8.h:88:26:\x1b[m\x1b[K \x1b[01;35m\x1b[Kwarning: \x1b[m\x1b[K  \xe2\x80\x98\x1b[01m\x1b[Kstd::vector<int> ORB_SLAM3::KannalaBrandt8::mvLappingArea\x1b[m\x1b[K\xe2\x80\x99 [\x1b[01;35m\x1b[K\x1b]8;;https://gcc.gnu.org/onlinedocs/gcc/Warning-Options.html#index-Wreorder\x07-Wreorder\x1b]8;;\x07\x1b[m\x1b[K]\n'}
[4.570995] (ros2_orbslam3) StderrLine: {'line': b'   88 |         std::vector<int> \x1b[01;35m\x1b[KmvLappingArea\x1b[m\x1b[K;\n'}
[4.571025] (ros2_orbslam3) StderrLine: {'line': b'      |                          \x1b[01;35m\x1b[K^~~~~~~~~~~~~\x1b[m\x1b[K\n'}
[4.571054] (ros2_orbslam3) StderrLine: {'line': b'In file included from \x1b[01m\x1b[K/home/henrique/ORB_SLAM3_Modular/include/Atlas.h:27\x1b[m\x1b[K,\n'}
[4.571084] (ros2_orbslam3) StderrLine: {'line': b'                 from \x1b[01m\x1b[K/home/henrique/ORB_SLAM3_Modular/include/FrameDrawer.h:25\x1b[m\x1b[K,\n'}
[4.571115] (ros2_orbslam3) StderrLine: {'line': b'                 from \x1b[01m\x1b[K/home/henrique/ORB_SLAM3_Modular/include/Viewer.h:23\x1b[m\x1b[K,\n'}
[4.571145] (ros2_orbslam3) StderrLine: {'line': b'                 from \x1b[01m\x1b[K/home/henrique/ORB_SLAM3_Modular/include/Tracking.h:26\x1b[m\x1b[K,\n'}
[4.571176] (ros2_orbslam3) StderrLine: {'line': b'                 from \x1b[01m\x1b[K/home/henrique/ORB_SLAM3_Modular/include/System.h:31\x1b[m\x1b[K,\n'}
[4.571206] (ros2_orbslam3) StderrLine: {'line': b'                 from \x1b[01m\x1b[K/home/henrique/ws_visao/kinect-orbslam-ws/src/ros2_orbslam3/src/stereo/stereo-slam-node.hpp:29\x1b[m\x1b[K,\n'}
[4.571236] (ros2_orbslam3) StderrLine: {'line': b'                 from \x1b[01m\x1b[K/home/henrique/ws_visao/kinect-orbslam-ws/src/ros2_orbslam3/src/stereo/stereo-slam-node.cpp:7\x1b[m\x1b[K:\n'}
[4.571266] (ros2_orbslam3) StderrLine: {'line': b'\x1b[01m\x1b[K/home/henrique/ORB_SLAM3_Modular/include/CameraModels/KannalaBrandt8.h:47:9:\x1b[m\x1b[K \x1b[01;35m\x1b[Kwarning: \x1b[m\x1b[K  when initialized here [\x1b[01;35m\x1b[K\x1b]8;;https://gcc.gnu.org/onlinedocs/gcc/Warning-Options.html#index-Wreorder\x07-Wreorder\x1b]8;;\x07\x1b[m\x1b[K]\n'}
[4.571298] (ros2_orbslam3) StderrLine: {'line': b'   47 |         \x1b[01;35m\x1b[KKannalaBrandt8\x1b[m\x1b[K(const std::vector<float> _vParameters) : GeometricCamera(_vParameters), precision(1e-6), mvLappingArea(2,0) ,tvr(nullptr) {\n'}
[4.571328] (ros2_orbslam3) StderrLine: {'line': b'      |         \x1b[01;35m\x1b[K^~~~~~~~~~~~~~\x1b[m\x1b[K\n'}
[4.571357] (ros2_orbslam3) StderrLine: {'line': b'In file included from \x1b[01m\x1b[K/home/henrique/ORB_SLAM3_Modular/include/Atlas.h:27\x1b[m\x1b[K,\n'}
[4.571387] (ros2_orbslam3) StderrLine: {'line': b'                 from \x1b[01m\x1b[K/home/henrique/ORB_SLAM3_Modular/include/FrameDrawer.h:25\x1b[m\x1b[K,\n'}
[4.571417] (ros2_orbslam3) StderrLine: {'line': b'                 from \x1b[01m\x1b[K/home/henrique/ORB_SLAM3_Modular/include/Viewer.h:23\x1b[m\x1b[K,\n'}
[4.571446] (ros2_orbslam3) StderrLine: {'line': b'                 from \x1b[01m\x1b[K/home/henrique/ORB_SLAM3_Modular/include/Tracking.h:26\x1b[m\x1b[K,\n'}
[4.571476] (ros2_orbslam3) StderrLine: {'line': b'                 from \x1b[01m\x1b[K/home/henrique/ORB_SLAM3_Modular/include/System.h:31\x1b[m\x1b[K,\n'}
[4.571505] (ros2_orbslam3) StderrLine: {'line': b'                 from \x1b[01m\x1b[K/home/henrique/ws_visao/kinect-orbslam-ws/src/ros2_orbslam3/src/stereo/stereo-slam-node.hpp:29\x1b[m\x1b[K,\n'}
[4.571535] (ros2_orbslam3) StderrLine: {'line': b'                 from \x1b[01m\x1b[K/home/henrique/ws_visao/kinect-orbslam-ws/src/ros2_orbslam3/src/stereo/stereo-slam-node.cpp:7\x1b[m\x1b[K:\n'}
[4.571572] (ros2_orbslam3) StderrLine: {'line': b'\x1b[01m\x1b[K/home/henrique/ORB_SLAM3_Modular/include/CameraModels/KannalaBrandt8.h:\x1b[m\x1b[K In constructor \xe2\x80\x98\x1b[01m\x1b[KORB_SLAM3::KannalaBrandt8::KannalaBrandt8(std::vector<float>, float)\x1b[m\x1b[K\xe2\x80\x99:\n'}
[4.571610] (ros2_orbslam3) StderrLine: {'line': b'\x1b[01m\x1b[K/home/henrique/ORB_SLAM3_Modular/include/CameraModels/KannalaBrandt8.h:102:21:\x1b[m\x1b[K \x1b[01;35m\x1b[Kwarning: \x1b[m\x1b[K\xe2\x80\x98\x1b[01m\x1b[KORB_SLAM3::KannalaBrandt8::precision\x1b[m\x1b[K\xe2\x80\x99 will be initialized after [\x1b[01;35m\x1b[K\x1b]8;;https://gcc.gnu.org/onlinedocs/gcc/Warning-Options.html#index-Wreorder\x07-Wreorder\x1b]8;;\x07\x1b[m\x1b[K]\n'}
[4.571645] (ros2_orbslam3) StderrLine: {'line': b'  102 |         const float \x1b[01;35m\x1b[Kprecision\x1b[m\x1b[K;\n'}
[4.571679] (ros2_orbslam3) StderrLine: {'line': b'      |                     \x1b[01;35m\x1b[K^~~~~~~~~\x1b[m\x1b[K\n'}
[4.571712] (ros2_orbslam3) StderrLine: {'line': b'\x1b[01m\x1b[K/home/henrique/ORB_SLAM3_Modular/include/CameraModels/KannalaBrandt8.h:88:26:\x1b[m\x1b[K \x1b[01;35m\x1b[Kwarning: \x1b[m\x1b[K  \xe2\x80\x98\x1b[01m\x1b[Kstd::vector<int> ORB_SLAM3::KannalaBrandt8::mvLappingArea\x1b[m\x1b[K\xe2\x80\x99 [\x1b[01;35m\x1b[K\x1b]8;;https://gcc.gnu.org/onlinedocs/gcc/Warning-Options.html#index-Wreorder\x07-Wreorder\x1b]8;;\x07\x1b[m\x1b[K]\n'}
[4.571743] (ros2_orbslam3) StderrLine: {'line': b'   88 |         std::vector<int> \x1b[01;35m\x1b[KmvLappingArea\x1b[m\x1b[K;\n'}
[4.571773] (ros2_orbslam3) StderrLine: {'line': b'      |                          \x1b[01;35m\x1b[K^~~~~~~~~~~~~\x1b[m\x1b[K\n'}
[4.571802] (ros2_orbslam3) StderrLine: {'line': b'\x1b[01m\x1b[K/home/henrique/ORB_SLAM3_Modular/include/CameraModels/KannalaBrandt8.h:53:9:\x1b[m\x1b[K \x1b[01;35m\x1b[Kwarning: \x1b[m\x1b[K  when initialized here [\x1b[01;35m\x1b[K\x1b]8;;https://gcc.gnu.org/onlinedocs/gcc/Warning-Options.html#index-Wreorder\x07-Wreorder\x1b]8;;\x07\x1b[m\x1b[K]\n'}
[4.571832] (ros2_orbslam3) StderrLine: {'line': b'   53 |         \x1b[01;35m\x1b[KKannalaBrandt8\x1b[m\x1b[K(const std::vector<float> _vParameters, const float _precision) : GeometricCamera(_vParameters),\n'}
[4.571862] (ros2_orbslam3) StderrLine: {'line': b'      |         \x1b[01;35m\x1b[K^~~~~~~~~~~~~~\x1b[m\x1b[K\n'}
[4.571892] (ros2_orbslam3) StderrLine: {'line': b'\x1b[01m\x1b[K/home/henrique/ORB_SLAM3_Modular/include/CameraModels/KannalaBrandt8.h:\x1b[m\x1b[K In constructor \xe2\x80\x98\x1b[01m\x1b[KORB_SLAM3::KannalaBrandt8::KannalaBrandt8(ORB_SLAM3::KannalaBrandt8*)\x1b[m\x1b[K\xe2\x80\x99:\n'}
[4.571923] (ros2_orbslam3) StderrLine: {'line': b'\x1b[01m\x1b[K/home/henrique/ORB_SLAM3_Modular/include/CameraModels/KannalaBrandt8.h:102:21:\x1b[m\x1b[K \x1b[01;35m\x1b[Kwarning: \x1b[m\x1b[K\xe2\x80\x98\x1b[01m\x1b[KORB_SLAM3::KannalaBrandt8::precision\x1b[m\x1b[K\xe2\x80\x99 will be initialized after [\x1b[01;35m\x1b[K\x1b]8;;https://gcc.gnu.org/onlinedocs/gcc/Warning-Options.html#index-Wreorder\x07-Wreorder\x1b]8;;\x07\x1b[m\x1b[K]\n'}
[4.571953] (ros2_orbslam3) StderrLine: {'line': b'  102 |         const float \x1b[01;35m\x1b[Kprecision\x1b[m\x1b[K;\n'}
[4.571985] (ros2_orbslam3) StderrLine: {'line': b'      |                     \x1b[01;35m\x1b[K^~~~~~~~~\x1b[m\x1b[K\n'}
[4.572015] (ros2_orbslam3) StderrLine: {'line': b'\x1b[01m\x1b[K/home/henrique/ORB_SLAM3_Modular/include/CameraModels/KannalaBrandt8.h:88:26:\x1b[m\x1b[K \x1b[01;35m\x1b[Kwarning: \x1b[m\x1b[K  \xe2\x80\x98\x1b[01m\x1b[Kstd::vector<int> ORB_SLAM3::KannalaBrandt8::mvLappingArea\x1b[m\x1b[K\xe2\x80\x99 [\x1b[01;35m\x1b[K\x1b]8;;https://gcc.gnu.org/onlinedocs/gcc/Warning-Options.html#index-Wreorder\x07-Wreorder\x1b]8;;\x07\x1b[m\x1b[K]\n'}
[4.572050] (ros2_orbslam3) StderrLine: {'line': b'   88 |         std::vector<int> \x1b[01;35m\x1b[KmvLappingArea\x1b[m\x1b[K;\n'}
[4.572081] (ros2_orbslam3) StderrLine: {'line': b'      |                          \x1b[01;35m\x1b[K^~~~~~~~~~~~~\x1b[m\x1b[K\n'}
[4.572114] (ros2_orbslam3) StderrLine: {'line': b'\x1b[01m\x1b[K/home/henrique/ORB_SLAM3_Modular/include/CameraModels/KannalaBrandt8.h:59:9:\x1b[m\x1b[K \x1b[01;35m\x1b[Kwarning: \x1b[m\x1b[K  when initialized here [\x1b[01;35m\x1b[K\x1b]8;;https://gcc.gnu.org/onlinedocs/gcc/Warning-Options.html#index-Wreorder\x07-Wreorder\x1b]8;;\x07\x1b[m\x1b[K]\n'}
[4.572144] (ros2_orbslam3) StderrLine: {'line': b'   59 |         \x1b[01;35m\x1b[KKannalaBrandt8\x1b[m\x1b[K(KannalaBrandt8* pKannala) : GeometricCamera(pKannala->mvParameters), precision(pKannala->precision), mvLappingArea(2,0) ,tvr(nullptr) {\n'}
[4.572175] (ros2_orbslam3) StderrLine: {'line': b'      |         \x1b[01;35m\x1b[K^~~~~~~~~~~~~~\x1b[m\x1b[K\n'}
[4.613157] (-) TimerEvent: {}
[4.713502] (-) TimerEvent: {}
[4.813865] (-) TimerEvent: {}
[4.914211] (-) TimerEvent: {}
[5.014553] (-) TimerEvent: {}
[5.114844] (-) TimerEvent: {}
[5.215189] (-) TimerEvent: {}
[5.296051] (ros2_orbslam3) StderrLine: {'line': b'\x1b[01m\x1b[K/home/henrique/ws_visao/kinect-orbslam-ws/src/ros2_orbslam3/src/stereo/stereo-slam-node.cpp:\x1b[m\x1b[K In member function \xe2\x80\x98\x1b[01m\x1b[Kbool StereoSLAMNode::save_map_srv(std::shared_ptr<std_srvs::srv::Empty_Request_<std::allocator<void> > >, std::shared_ptr<std_srvs::srv::Empty_Response_<std::allocator<void> > >)\x1b[m\x1b[K\xe2\x80\x99:\n'}
[5.296190] (ros2_orbslam3) StderrLine: {'line': b'\x1b[01m\x1b[K/home/henrique/ws_visao/kinect-orbslam-ws/src/ros2_orbslam3/src/stereo/stereo-slam-node.cpp:336:88:\x1b[m\x1b[K \x1b[01;35m\x1b[Kwarning: \x1b[m\x1b[Kunused parameter \xe2\x80\x98\x1b[01m\x1b[Krequest\x1b[m\x1b[K\xe2\x80\x99 [\x1b[01;35m\x1b[K\x1b]8;;https://gcc.gnu.org/onlinedocs/gcc/Warning-Options.html#index-Wunused-parameter\x07-Wunused-parameter\x1b]8;;\x07\x1b[m\x1b[K]\n'}
[5.296247] (ros2_orbslam3) StderrLine: {'line': b'  336 | bool StereoSLAMNode::save_map_srv(\x1b[01;35m\x1b[Kconst std::shared_ptr<std_srvs::srv::Empty::Request> request\x1b[m\x1b[K,\n'}
[5.296299] (ros2_orbslam3) StderrLine: {'line': b'      |                                   \x1b[01;35m\x1b[K~~~~~~~~~~~~~~~~~~~~~~~~~~~~~~~~~~~~~~~~~~~~~~~~~~~~~^~~~~~~\x1b[m\x1b[K\n'}
[5.296346] (ros2_orbslam3) StderrLine: {'line': b'\x1b[01m\x1b[K/home/henrique/ws_visao/kinect-orbslam-ws/src/ros2_orbslam3/src/stereo/stereo-slam-node.cpp:337:87:\x1b[m\x1b[K \x1b[01;35m\x1b[Kwarning: \x1b[m\x1b[Kunused parameter \xe2\x80\x98\x1b[01m\x1b[Kresponse\x1b[m\x1b[K\xe2\x80\x99 [\x1b[01;35m\x1b[K\x1b]8;;https://gcc.gnu.org/onlinedocs/gcc/Warning-Options.html#index-Wunused-parameter\x07-Wunused-parameter\x1b]8;;\x07\x1b[m\x1b[K]\n'}
[5.296402] (ros2_orbslam3) StderrLine: {'line': b'  337 |                                       \x1b[01;35m\x1b[Kstd::shared_ptr<std_srvs::srv::Empty::Response> response\x1b[m\x1b[K)\n'}
[5.296449] (ros2_orbslam3) StderrLine: {'line': b'      |                                       \x1b[01;35m\x1b[K~~~~~~~~~~~~~~~~~~~~~~~~~~~~~~~~~~~~~~~~~~~~~~~~^~~~~~~~\x1b[m\x1b[K\n'}
[5.296545] (ros2_orbslam3) StderrLine: {'line': b'\x1b[01m\x1b[K/home/henrique/ws_visao/kinect-orbslam-ws/src/ros2_orbslam3/src/stereo/stereo-slam-node.cpp:\x1b[m\x1b[K In member function \xe2\x80\x98\x1b[01m\x1b[Kbool StereoSLAMNode::save_trajectory_srv(std::shared_ptr<std_srvs::srv::Empty_Request_<std::allocator<void> > >, std::shared_ptr<std_srvs::srv::Empty_Response_<std::allocator<void> > >)\x1b[m\x1b[K\xe2\x80\x99:\n'}
[5.296599] (ros2_orbslam3) StderrLine: {'line': b'\x1b[01m\x1b[K/home/henrique/ws_visao/kinect-orbslam-ws/src/ros2_orbslam3/src/stereo/stereo-slam-node.cpp:344:95:\x1b[m\x1b[K \x1b[01;35m\x1b[Kwarning: \x1b[m\x1b[Kunused parameter \xe2\x80\x98\x1b[01m\x1b[Krequest\x1b[m\x1b[K\xe2\x80\x99 [\x1b[01;35m\x1b[K\x1b]8;;https://gcc.gnu.org/onlinedocs/gcc/Warning-Options.html#index-Wunused-parameter\x07-Wunused-parameter\x1b]8;;\x07\x1b[m\x1b[K]\n'}
[5.296640] (ros2_orbslam3) StderrLine: {'line': b'  344 | bool StereoSLAMNode::save_trajectory_srv(\x1b[01;35m\x1b[Kconst std::shared_ptr<std_srvs::srv::Empty::Request> request\x1b[m\x1b[K,\n'}
[5.296680] (ros2_orbslam3) StderrLine: {'line': b'      |                                          \x1b[01;35m\x1b[K~~~~~~~~~~~~~~~~~~~~~~~~~~~~~~~~~~~~~~~~~~~~~~~~~~~~~^~~~~~~\x1b[m\x1b[K\n'}
[5.296710] (ros2_orbslam3) StderrLine: {'line': b'\x1b[01m\x1b[K/home/henrique/ws_visao/kinect-orbslam-ws/src/ros2_orbslam3/src/stereo/stereo-slam-node.cpp:345:88:\x1b[m\x1b[K \x1b[01;35m\x1b[Kwarning: \x1b[m\x1b[Kunused parameter \xe2\x80\x98\x1b[01m\x1b[Kresponse\x1b[m\x1b[K\xe2\x80\x99 [\x1b[01;35m\x1b[K\x1b]8;;https://gcc.gnu.org/onlinedocs/gcc/Warning-Options.html#index-Wunused-parameter\x07-Wunused-parameter\x1b]8;;\x07\x1b[m\x1b[K]\n'}
[5.296742] (ros2_orbslam3) StderrLine: {'line': b'  345 |                                        \x1b[01;35m\x1b[Kstd::shared_ptr<std_srvs::srv::Empty::Response> response\x1b[m\x1b[K)\n'}
[5.296773] (ros2_orbslam3) StderrLine: {'line': b'      |                                        \x1b[01;35m\x1b[K~~~~~~~~~~~~~~~~~~~~~~~~~~~~~~~~~~~~~~~~~~~~~~~~^~~~~~~~\x1b[m\x1b[K\n'}
[5.315301] (-) TimerEvent: {}
[5.415597] (-) TimerEvent: {}
[5.515859] (-) TimerEvent: {}
[5.616188] (-) TimerEvent: {}
[5.716533] (-) TimerEvent: {}
[5.750874] (ros2_orbslam3) StderrLine: {'line': b'In file included from \x1b[01m\x1b[K/opt/ros/humble/include/message_filters/message_filters/synchronizer.h:47\x1b[m\x1b[K,\n'}
[5.751406] (ros2_orbslam3) StderrLine: {'line': b'                 from \x1b[01m\x1b[K/home/henrique/ws_visao/kinect-orbslam-ws/src/ros2_orbslam3/src/stereo/stereo-slam-node.hpp:16\x1b[m\x1b[K,\n'}
[5.751472] (ros2_orbslam3) StderrLine: {'line': b'                 from \x1b[01m\x1b[K/home/henrique/ws_visao/kinect-orbslam-ws/src/ros2_orbslam3/src/stereo/stereo-slam-node.cpp:7\x1b[m\x1b[K:\n'}
[5.751522] (ros2_orbslam3) StderrLine: {'line': b'/opt/ros/humble/include/message_filters/message_filters/signal9.h: In instantiation of \xe2\x80\x98\x1b[01m\x1b[Kmessage_filters::Connection message_filters::Signal9<M0, M1, M2, M3, M4, M5, M6, M7, M8>::addCallback(C&) [with C = const std::_Bind<void (StereoSLAMNode::*(StereoSLAMNode*, std::_Placeholder<1>, std::_Placeholder<2>))(std::shared_ptr<sensor_msgs::msg::Image_<std::allocator<void> > >, std::shared_ptr<sensor_msgs::msg::Image_<std::allocator<void> > >)>; M0 = sensor_msgs::msg::Image_<std::allocator<void> >; M1 = sensor_msgs::msg::Image_<std::allocator<void> >; M2 = message_filters::NullType; M3 = message_filters::NullType; M4 = message_filters::NullType; M5 = message_filters::NullType; M6 = message_filters::NullType; M7 = message_filters::NullType; M8 = message_filters::NullType]\x1b[m\x1b[K\xe2\x80\x99:\n'}
[5.751710] (ros2_orbslam3) StderrLine: {'line': b'\x1b[01m\x1b[K/opt/ros/humble/include/message_filters/message_filters/synchronizer.h:298:31:\x1b[m\x1b[K   required from \xe2\x80\x98\x1b[01m\x1b[Kmessage_filters::Connection message_filters::Synchronizer<Policy>::registerCallback(const C&) [with C = std::_Bind<void (StereoSLAMNode::*(StereoSLAMNode*, std::_Placeholder<1>, std::_Placeholder<2>))(std::shared_ptr<sensor_msgs::msg::Image_<std::allocator<void> > >, std::shared_ptr<sensor_msgs::msg::Image_<std::allocator<void> > >)>; Policy = message_filters::sync_policies::ApproximateTime<sensor_msgs::msg::Image_<std::allocator<void> >, sensor_msgs::msg::Image_<std::allocator<void> > >]\x1b[m\x1b[K\xe2\x80\x99\n'}
[5.751767] (ros2_orbslam3) StderrLine: {'line': b'\x1b[01m\x1b[K/home/henrique/ws_visao/kinect-orbslam-ws/src/ros2_orbslam3/src/stereo/stereo-slam-node.cpp:71:38:\x1b[m\x1b[K   required from here\n'}
[5.751814] (ros2_orbslam3) StderrLine: {'line': b'\x1b[01m\x1b[K/opt/ros/humble/include/message_filters/message_filters/signal9.h:280:40:\x1b[m\x1b[K \x1b[01;31m\x1b[Kerror: \x1b[m\x1b[Kno matching function for call to \xe2\x80\x98\x1b[01m\x1b[Kmessage_filters::Signal9<sensor_msgs::msg::Image_<std::allocator<void> >, sensor_msgs::msg::Image_<std::allocator<void> >, message_filters::NullType, message_filters::NullType, message_filters::NullType, message_filters::NullType, message_filters::NullType, message_filters::NullType, message_filters::NullType>::addCallback<const M0ConstPtr&, const M1ConstPtr&, const M2ConstPtr&, const M3ConstPtr&, const M4ConstPtr&, const M5ConstPtr&, const M6ConstPtr&, const M7ConstPtr&, const M8ConstPtr&>(std::_Bind_helper<false, const std::_Bind<void (StereoSLAMNode::*(StereoSLAMNode*, std::_Placeholder<1>, std::_Placeholder<2>))(std::shared_ptr<sensor_msgs::msg::Image_<std::allocator<void> > >, std::shared_ptr<sensor_msgs::msg::Image_<std::allocator<void> > >)>&, const std::_Placeholder<1>&, const std::_Placeholder<2>&, const std::_Placeholder<3>&, const std::_Placeholder<4>&, const std::_Placeholder<5>&, const std::_Placeholder<6>&, const std::_Placeholder<7>&, const std::_Placeholder<8>&, const std::_Placeholder<9>&>::type)\x1b[m\x1b[K\xe2\x80\x99\n'}
[5.751925] (ros2_orbslam3) StderrLine: {'line': b'  272 |     return \x1b[01;31m\x1b[KaddCallback<const M0ConstPtr&,\x1b[m\x1b[K\n'}
[5.751974] (ros2_orbslam3) StderrLine: {'line': b'      |            \x1b[01;31m\x1b[K~~~~~~~~~~~~~~~~~~~~~~~~~~~~~~\x1b[m\x1b[K\n'}
[5.752021] (ros2_orbslam3) StderrLine: {'line': b'  273 | \x1b[01;31m\x1b[K                     const M1ConstPtr&,\x1b[m\x1b[K\n'}
[5.752068] (ros2_orbslam3) StderrLine: {'line': b'      |                      \x1b[01;31m\x1b[K~~~~~~~~~~~~~~~~~~\x1b[m\x1b[K \n'}
[5.752115] (ros2_orbslam3) StderrLine: {'line': b'  274 | \x1b[01;31m\x1b[K                     const M2ConstPtr&,\x1b[m\x1b[K\n'}
[5.752161] (ros2_orbslam3) StderrLine: {'line': b'      |                      \x1b[01;31m\x1b[K~~~~~~~~~~~~~~~~~~\x1b[m\x1b[K \n'}
[5.752208] (ros2_orbslam3) StderrLine: {'line': b'  275 | \x1b[01;31m\x1b[K                     const M3ConstPtr&,\x1b[m\x1b[K\n'}
[5.752254] (ros2_orbslam3) StderrLine: {'line': b'      |                      \x1b[01;31m\x1b[K~~~~~~~~~~~~~~~~~~\x1b[m\x1b[K \n'}
[5.752301] (ros2_orbslam3) StderrLine: {'line': b'  276 | \x1b[01;31m\x1b[K                     const M4ConstPtr&,\x1b[m\x1b[K\n'}
[5.752347] (ros2_orbslam3) StderrLine: {'line': b'      |                      \x1b[01;31m\x1b[K~~~~~~~~~~~~~~~~~~\x1b[m\x1b[K \n'}
[5.752393] (ros2_orbslam3) StderrLine: {'line': b'  277 | \x1b[01;31m\x1b[K                     const M5ConstPtr&,\x1b[m\x1b[K\n'}
[5.752439] (ros2_orbslam3) StderrLine: {'line': b'      |                      \x1b[01;31m\x1b[K~~~~~~~~~~~~~~~~~~\x1b[m\x1b[K \n'}
[5.752485] (ros2_orbslam3) StderrLine: {'line': b'  278 | \x1b[01;31m\x1b[K                     const M6ConstPtr&,\x1b[m\x1b[K\n'}
[5.752600] (ros2_orbslam3) StderrLine: {'line': b'      |                      \x1b[01;31m\x1b[K~~~~~~~~~~~~~~~~~~\x1b[m\x1b[K \n'}
[5.752712] (ros2_orbslam3) StderrLine: {'line': b'  279 | \x1b[01;31m\x1b[K                     const M7ConstPtr&,\x1b[m\x1b[K\n'}
[5.752761] (ros2_orbslam3) StderrLine: {'line': b'      |                      \x1b[01;31m\x1b[K~~~~~~~~~~~~~~~~~~\x1b[m\x1b[K \n'}
[5.752808] (ros2_orbslam3) StderrLine: {'line': b'  280 | \x1b[01;31m\x1b[K                     const M8ConstPtr&>(std::bind(callback, std::placeholders::_1, std::placeholders::_2, std::placeholders::_3, std::placeholders::_4, std::placeholders::_5, std::placeholders::_6, std::placeholders::_7, std::placeholders::_8, std::placeholders::_9))\x1b[m\x1b[K;\n'}
[5.752857] (ros2_orbslam3) StderrLine: {'line': b'      |                      \x1b[01;31m\x1b[K~~~~~~~~~~~~~~~~~~^~~~~~~~~~~~~~~~~~~~~~~~~~~~~~~~~~~~~~~~~~~~~~~~~~~~~~~~~~~~~~~~~~~~~~~~~~~~~~~~~~~~~~~~~~~~~~~~~~~~~~~~~~~~~~~~~~~~~~~~~~~~~~~~~~~~~~~~~~~~~~~~~~~~~~~~~~~~~~~~~~~~~~~~~~~~~~~~~~~~~~~~~~~~~~~~~~~~~~~~~~~~~~~~~~~~~~~~~~~~~~~~~~~~\x1b[m\x1b[K\n'}
[5.753026] (ros2_orbslam3) StderrLine: {'line': b'In file included from \x1b[01m\x1b[K/opt/ros/humble/include/message_filters/message_filters/synchronizer.h:47\x1b[m\x1b[K,\n'}
[5.753140] (ros2_orbslam3) StderrLine: {'line': b'                 from \x1b[01m\x1b[K/home/henrique/ws_visao/kinect-orbslam-ws/src/ros2_orbslam3/src/stereo/stereo-slam-node.hpp:16\x1b[m\x1b[K,\n'}
[5.753189] (ros2_orbslam3) StderrLine: {'line': b'                 from \x1b[01m\x1b[K/home/henrique/ws_visao/kinect-orbslam-ws/src/ros2_orbslam3/src/stereo/stereo-slam-node.cpp:7\x1b[m\x1b[K:\n'}
[5.753296] (ros2_orbslam3) StderrLine: {'line': b'\x1b[01m\x1b[K/opt/ros/humble/include/message_filters/message_filters/signal9.h:170:14:\x1b[m\x1b[K \x1b[01;36m\x1b[Knote: \x1b[m\x1b[Kcandidate: \xe2\x80\x98\x1b[01m\x1b[Kmessage_filters::Connection message_filters::Signal9<M0, M1, M2, M3, M4, M5, M6, M7, M8>::addCallback(const std::function<void(P0, P1, P2, P3, P4, P5, P6, P7, P8)>&) [with P0 = const std::shared_ptr<const sensor_msgs::msg::Image_<std::allocator<void> > >&; P1 = const std::shared_ptr<const sensor_msgs::msg::Image_<std::allocator<void> > >&; P2 = const std::shared_ptr<const message_filters::NullType>&; P3 = const std::shared_ptr<const message_filters::NullType>&; P4 = const std::shared_ptr<const message_filters::NullType>&; P5 = const std::shared_ptr<const message_filters::NullType>&; P6 = const std::shared_ptr<const message_filters::NullType>&; P7 = const std::shared_ptr<const message_filters::NullType>&; P8 = const std::shared_ptr<const message_filters::NullType>&; M0 = sensor_msgs::msg::Image_<std::allocator<void> >; M1 = sensor_msgs::msg::Image_<std::allocator<void> >; M2 = message_filters::NullType; M3 = message_filters::NullType; M4 = message_filters::NullType; M5 = message_filters::NullType; M6 = message_filters::NullType; M7 = message_filters::NullType; M8 = message_filters::NullType]\x1b[m\x1b[K\xe2\x80\x99\n'}
[5.753353] (ros2_orbslam3) StderrLine: {'line': b'  170 |   Connection \x1b[01;36m\x1b[KaddCallback\x1b[m\x1b[K(const std::function<void(P0, P1, P2, P3, P4, P5, P6, P7, P8)>& callback)\n'}
[5.753402] (ros2_orbslam3) StderrLine: {'line': b'      |              \x1b[01;36m\x1b[K^~~~~~~~~~~\x1b[m\x1b[K\n'}
[5.753449] (ros2_orbslam3) StderrLine: {'line': b'\x1b[01m\x1b[K/opt/ros/humble/include/message_filters/message_filters/signal9.h:170:89:\x1b[m\x1b[K \x1b[01;36m\x1b[Knote: \x1b[m\x1b[K  no known conversion for argument 1 from \xe2\x80\x98\x1b[01m\x1b[Kstd::_Bind_helper<false, const std::_Bind<void (StereoSLAMNode::*(StereoSLAMNode*, std::_Placeholder<1>, std::_Placeholder<2>))(std::shared_ptr<sensor_msgs::msg::Image_<std::allocator<void> > >, std::shared_ptr<sensor_msgs::msg::Image_<std::allocator<void> > >)>&, const std::_Placeholder<1>&, const std::_Placeholder<2>&, const std::_Placeholder<3>&, const std::_Placeholder<4>&, const std::_Placeholder<5>&, const std::_Placeholder<6>&, const std::_Placeholder<7>&, const std::_Placeholder<8>&, const std::_Placeholder<9>&>::type\x1b[m\x1b[K\xe2\x80\x99 to \xe2\x80\x98\x1b[01m\x1b[Kconst std::function<void(const std::shared_ptr<const sensor_msgs::msg::Image_<std::allocator<void> > >&, const std::shared_ptr<const sensor_msgs::msg::Image_<std::allocator<void> > >&, const std::shared_ptr<const message_filters::NullType>&, const std::shared_ptr<const message_filters::NullType>&, const std::shared_ptr<const message_filters::NullType>&, const std::shared_ptr<const message_filters::NullType>&, const std::shared_ptr<const message_filters::NullType>&, const std::shared_ptr<const message_filters::NullType>&, const std::shared_ptr<const message_filters::NullType>&)>&\x1b[m\x1b[K\xe2\x80\x99\n'}
[5.753502] (ros2_orbslam3) StderrLine: {'line': b'  170 |   Connection addCallback(\x1b[01;36m\x1b[Kconst std::function<void(P0, P1, P2, P3, P4, P5, P6, P7, P8)>& callback\x1b[m\x1b[K)\n'}
[5.753591] (ros2_orbslam3) StderrLine: {'line': b'      |                          \x1b[01;36m\x1b[K~~~~~~~~~~~~~~~~~~~~~~~~~~~~~~~~~~~~~~~~~~~~~~~~~~~~~~~~~~~~~~~^~~~~~~~\x1b[m\x1b[K\n'}
[5.753709] (ros2_orbslam3) StderrLine: {'line': b'\x1b[01m\x1b[K/opt/ros/humble/include/message_filters/message_filters/signal9.h:180:14:\x1b[m\x1b[K \x1b[01;36m\x1b[Knote: \x1b[m\x1b[Kcandidate: \xe2\x80\x98\x1b[01m\x1b[Ktemplate<class P0, class P1> message_filters::Connection message_filters::Signal9<M0, M1, M2, M3, M4, M5, M6, M7, M8>::addCallback(void (*)(P0, P1)) [with P0 = P0; P1 = P1; M0 = sensor_msgs::msg::Image_<std::allocator<void> >; M1 = sensor_msgs::msg::Image_<std::allocator<void> >; M2 = message_filters::NullType; M3 = message_filters::NullType; M4 = message_filters::NullType; M5 = message_filters::NullType; M6 = message_filters::NullType; M7 = message_filters::NullType; M8 = message_filters::NullType]\x1b[m\x1b[K\xe2\x80\x99\n'}
[5.753754] (ros2_orbslam3) StderrLine: {'line': b'  180 |   Connection \x1b[01;36m\x1b[KaddCallback\x1b[m\x1b[K(void(*callback)(P0, P1))\n'}
[5.753788] (ros2_orbslam3) StderrLine: {'line': b'      |              \x1b[01;36m\x1b[K^~~~~~~~~~~\x1b[m\x1b[K\n'}
[5.753822] (ros2_orbslam3) StderrLine: {'line': b'\x1b[01m\x1b[K/opt/ros/humble/include/message_filters/message_filters/signal9.h:180:14:\x1b[m\x1b[K \x1b[01;36m\x1b[Knote: \x1b[m\x1b[K  template argument deduction/substitution failed:\n'}
[5.753858] (ros2_orbslam3) StderrLine: {'line': b'In file included from \x1b[01m\x1b[K/opt/ros/humble/include/message_filters/message_filters/synchronizer.h:47\x1b[m\x1b[K,\n'}
[5.753892] (ros2_orbslam3) StderrLine: {'line': b'                 from \x1b[01m\x1b[K/home/henrique/ws_visao/kinect-orbslam-ws/src/ros2_orbslam3/src/stereo/stereo-slam-node.hpp:16\x1b[m\x1b[K,\n'}
[5.753925] (ros2_orbslam3) StderrLine: {'line': b'                 from \x1b[01m\x1b[K/home/henrique/ws_visao/kinect-orbslam-ws/src/ros2_orbslam3/src/stereo/stereo-slam-node.cpp:7\x1b[m\x1b[K:\n'}
[5.753959] (ros2_orbslam3) StderrLine: {'line': b'\x1b[01m\x1b[K/opt/ros/humble/include/message_filters/message_filters/signal9.h:280:40:\x1b[m\x1b[K \x1b[01;31m\x1b[Kerror: \x1b[m\x1b[Kwrong number of template arguments (9, should be 2)\n'}
[5.753992] (ros2_orbslam3) StderrLine: {'line': b'  272 |     return \x1b[01;31m\x1b[KaddCallback<const M0ConstPtr&,\x1b[m\x1b[K\n'}
[5.754025] (ros2_orbslam3) StderrLine: {'line': b'      |            \x1b[01;31m\x1b[K~~~~~~~~~~~~~~~~~~~~~~~~~~~~~~\x1b[m\x1b[K\n'}
[5.754058] (ros2_orbslam3) StderrLine: {'line': b'  273 | \x1b[01;31m\x1b[K                     const M1ConstPtr&,\x1b[m\x1b[K\n'}
[5.754092] (ros2_orbslam3) StderrLine: {'line': b'      |                      \x1b[01;31m\x1b[K~~~~~~~~~~~~~~~~~~\x1b[m\x1b[K \n'}
[5.754126] (ros2_orbslam3) StderrLine: {'line': b'  274 | \x1b[01;31m\x1b[K                     const M2ConstPtr&,\x1b[m\x1b[K\n'}
[5.754159] (ros2_orbslam3) StderrLine: {'line': b'      |                      \x1b[01;31m\x1b[K~~~~~~~~~~~~~~~~~~\x1b[m\x1b[K \n'}
[5.754192] (ros2_orbslam3) StderrLine: {'line': b'  275 | \x1b[01;31m\x1b[K                     const M3ConstPtr&,\x1b[m\x1b[K\n'}
[5.754225] (ros2_orbslam3) StderrLine: {'line': b'      |                      \x1b[01;31m\x1b[K~~~~~~~~~~~~~~~~~~\x1b[m\x1b[K \n'}
[5.754258] (ros2_orbslam3) StderrLine: {'line': b'  276 | \x1b[01;31m\x1b[K                     const M4ConstPtr&,\x1b[m\x1b[K\n'}
[5.754291] (ros2_orbslam3) StderrLine: {'line': b'      |                      \x1b[01;31m\x1b[K~~~~~~~~~~~~~~~~~~\x1b[m\x1b[K \n'}
[5.754323] (ros2_orbslam3) StderrLine: {'line': b'  277 | \x1b[01;31m\x1b[K                     const M5ConstPtr&,\x1b[m\x1b[K\n'}
[5.754356] (ros2_orbslam3) StderrLine: {'line': b'      |                      \x1b[01;31m\x1b[K~~~~~~~~~~~~~~~~~~\x1b[m\x1b[K \n'}
[5.754389] (ros2_orbslam3) StderrLine: {'line': b'  278 | \x1b[01;31m\x1b[K                     const M6ConstPtr&,\x1b[m\x1b[K\n'}
[5.754421] (ros2_orbslam3) StderrLine: {'line': b'      |                      \x1b[01;31m\x1b[K~~~~~~~~~~~~~~~~~~\x1b[m\x1b[K \n'}
[5.754454] (ros2_orbslam3) StderrLine: {'line': b'  279 | \x1b[01;31m\x1b[K                     const M7ConstPtr&,\x1b[m\x1b[K\n'}
[5.754487] (ros2_orbslam3) StderrLine: {'line': b'      |                      \x1b[01;31m\x1b[K~~~~~~~~~~~~~~~~~~\x1b[m\x1b[K \n'}
[5.754519] (ros2_orbslam3) StderrLine: {'line': b'  280 | \x1b[01;31m\x1b[K                     const M8ConstPtr&>(std::bind(callback, std::placeholders::_1, std::placeholders::_2, std::placeholders::_3, std::placeholders::_4, std::placeholders::_5, std::placeholders::_6, std::placeholders::_7, std::placeholders::_8, std::placeholders::_9))\x1b[m\x1b[K;\n'}
[5.754561] (ros2_orbslam3) StderrLine: {'line': b'      |                      \x1b[01;31m\x1b[K~~~~~~~~~~~~~~~~~~^~~~~~~~~~~~~~~~~~~~~~~~~~~~~~~~~~~~~~~~~~~~~~~~~~~~~~~~~~~~~~~~~~~~~~~~~~~~~~~~~~~~~~~~~~~~~~~~~~~~~~~~~~~~~~~~~~~~~~~~~~~~~~~~~~~~~~~~~~~~~~~~~~~~~~~~~~~~~~~~~~~~~~~~~~~~~~~~~~~~~~~~~~~~~~~~~~~~~~~~~~~~~~~~~~~~~~~~~~~~~~~~~~~~\x1b[m\x1b[K\n'}
[5.754601] (ros2_orbslam3) StderrLine: {'line': b'In file included from \x1b[01m\x1b[K/opt/ros/humble/include/message_filters/message_filters/synchronizer.h:47\x1b[m\x1b[K,\n'}
[5.754635] (ros2_orbslam3) StderrLine: {'line': b'                 from \x1b[01m\x1b[K/home/henrique/ws_visao/kinect-orbslam-ws/src/ros2_orbslam3/src/stereo/stereo-slam-node.hpp:16\x1b[m\x1b[K,\n'}
[5.754669] (ros2_orbslam3) StderrLine: {'line': b'                 from \x1b[01m\x1b[K/home/henrique/ws_visao/kinect-orbslam-ws/src/ros2_orbslam3/src/stereo/stereo-slam-node.cpp:7\x1b[m\x1b[K:\n'}
[5.754703] (ros2_orbslam3) StderrLine: {'line': b'\x1b[01m\x1b[K/opt/ros/humble/include/message_filters/message_filters/signal9.h:180:14:\x1b[m\x1b[K \x1b[01;36m\x1b[Knote: \x1b[m\x1b[Kprovided for \xe2\x80\x98\x1b[01m\x1b[Ktemplate<class P0, class P1> message_filters::Connection message_filters::Signal9<M0, M1, M2, M3, M4, M5, M6, M7, M8>::addCallback(void (*)(P0, P1)) [with P0 = P0; P1 = P1; M0 = sensor_msgs::msg::Image_<std::allocator<void> >; M1 = sensor_msgs::msg::Image_<std::allocator<void> >; M2 = message_filters::NullType; M3 = message_filters::NullType; M4 = message_filters::NullType; M5 = message_filters::NullType; M6 = message_filters::NullType; M7 = message_filters::NullType; M8 = message_filters::NullType]\x1b[m\x1b[K\xe2\x80\x99\n'}
[5.754740] (ros2_orbslam3) StderrLine: {'line': b'  180 |   Connection \x1b[01;36m\x1b[KaddCallback\x1b[m\x1b[K(void(*callback)(P0, P1))\n'}
[5.754773] (ros2_orbslam3) StderrLine: {'line': b'      |              \x1b[01;36m\x1b[K^~~~~~~~~~~\x1b[m\x1b[K\n'}
[5.754806] (ros2_orbslam3) StderrLine: {'line': b'\x1b[01m\x1b[K/opt/ros/humble/include/message_filters/message_filters/signal9.h:186:14:\x1b[m\x1b[K \x1b[01;36m\x1b[Knote: \x1b[m\x1b[Kcandidate: \xe2\x80\x98\x1b[01m\x1b[Ktemplate<class P0, class P1, class P2> message_filters::Connection message_filters::Signal9<M0, M1, M2, M3, M4, M5, M6, M7, M8>::addCallback(void (*)(P0, P1, P2)) [with P0 = P0; P1 = P1; P2 = P2; M0 = sensor_msgs::msg::Image_<std::allocator<void> >; M1 = sensor_msgs::msg::Image_<std::allocator<void> >; M2 = message_filters::NullType; M3 = message_filters::NullType; M4 = message_filters::NullType; M5 = message_filters::NullType; M6 = message_filters::NullType; M7 = message_filters::NullType; M8 = message_filters::NullType]\x1b[m\x1b[K\xe2\x80\x99\n'}
[5.754844] (ros2_orbslam3) StderrLine: {'line': b'  186 |   Connection \x1b[01;36m\x1b[KaddCallback\x1b[m\x1b[K(void(*callback)(P0, P1, P2))\n'}
[5.754877] (ros2_orbslam3) StderrLine: {'line': b'      |              \x1b[01;36m\x1b[K^~~~~~~~~~~\x1b[m\x1b[K\n'}
[5.754909] (ros2_orbslam3) StderrLine: {'line': b'\x1b[01m\x1b[K/opt/ros/humble/include/message_filters/message_filters/signal9.h:186:14:\x1b[m\x1b[K \x1b[01;36m\x1b[Knote: \x1b[m\x1b[K  template argument deduction/substitution failed:\n'}
[5.754943] (ros2_orbslam3) StderrLine: {'line': b'In file included from \x1b[01m\x1b[K/opt/ros/humble/include/message_filters/message_filters/synchronizer.h:47\x1b[m\x1b[K,\n'}
[5.754976] (ros2_orbslam3) StderrLine: {'line': b'                 from \x1b[01m\x1b[K/home/henrique/ws_visao/kinect-orbslam-ws/src/ros2_orbslam3/src/stereo/stereo-slam-node.hpp:16\x1b[m\x1b[K,\n'}
[5.755009] (ros2_orbslam3) StderrLine: {'line': b'                 from \x1b[01m\x1b[K/home/henrique/ws_visao/kinect-orbslam-ws/src/ros2_orbslam3/src/stereo/stereo-slam-node.cpp:7\x1b[m\x1b[K:\n'}
[5.755042] (ros2_orbslam3) StderrLine: {'line': b'\x1b[01m\x1b[K/opt/ros/humble/include/message_filters/message_filters/signal9.h:280:40:\x1b[m\x1b[K \x1b[01;31m\x1b[Kerror: \x1b[m\x1b[Kwrong number of template arguments (9, should be 3)\n'}
[5.755076] (ros2_orbslam3) StderrLine: {'line': b'  272 |     return \x1b[01;31m\x1b[KaddCallback<const M0ConstPtr&,\x1b[m\x1b[K\n'}
[5.755111] (ros2_orbslam3) StderrLine: {'line': b'      |            \x1b[01;31m\x1b[K~~~~~~~~~~~~~~~~~~~~~~~~~~~~~~\x1b[m\x1b[K\n'}
[5.755144] (ros2_orbslam3) StderrLine: {'line': b'  273 | \x1b[01;31m\x1b[K                     const M1ConstPtr&,\x1b[m\x1b[K\n'}
[5.755176] (ros2_orbslam3) StderrLine: {'line': b'      |                      \x1b[01;31m\x1b[K~~~~~~~~~~~~~~~~~~\x1b[m\x1b[K \n'}
[5.755209] (ros2_orbslam3) StderrLine: {'line': b'  274 | \x1b[01;31m\x1b[K                     const M2ConstPtr&,\x1b[m\x1b[K\n'}
[5.755241] (ros2_orbslam3) StderrLine: {'line': b'      |                      \x1b[01;31m\x1b[K~~~~~~~~~~~~~~~~~~\x1b[m\x1b[K \n'}
[5.755273] (ros2_orbslam3) StderrLine: {'line': b'  275 | \x1b[01;31m\x1b[K                     const M3ConstPtr&,\x1b[m\x1b[K\n'}
[5.755305] (ros2_orbslam3) StderrLine: {'line': b'      |                      \x1b[01;31m\x1b[K~~~~~~~~~~~~~~~~~~\x1b[m\x1b[K \n'}
[5.755337] (ros2_orbslam3) StderrLine: {'line': b'  276 | \x1b[01;31m\x1b[K                     const M4ConstPtr&,\x1b[m\x1b[K\n'}
[5.755369] (ros2_orbslam3) StderrLine: {'line': b'      |                      \x1b[01;31m\x1b[K~~~~~~~~~~~~~~~~~~\x1b[m\x1b[K \n'}
[5.755402] (ros2_orbslam3) StderrLine: {'line': b'  277 | \x1b[01;31m\x1b[K                     const M5ConstPtr&,\x1b[m\x1b[K\n'}
[5.755434] (ros2_orbslam3) StderrLine: {'line': b'      |                      \x1b[01;31m\x1b[K~~~~~~~~~~~~~~~~~~\x1b[m\x1b[K \n'}
[5.755466] (ros2_orbslam3) StderrLine: {'line': b'  278 | \x1b[01;31m\x1b[K                     const M6ConstPtr&,\x1b[m\x1b[K\n'}
[5.755499] (ros2_orbslam3) StderrLine: {'line': b'      |                      \x1b[01;31m\x1b[K~~~~~~~~~~~~~~~~~~\x1b[m\x1b[K \n'}
[5.755532] (ros2_orbslam3) StderrLine: {'line': b'  279 | \x1b[01;31m\x1b[K                     const M7ConstPtr&,\x1b[m\x1b[K\n'}
[5.755570] (ros2_orbslam3) StderrLine: {'line': b'      |                      \x1b[01;31m\x1b[K~~~~~~~~~~~~~~~~~~\x1b[m\x1b[K \n'}
[5.755604] (ros2_orbslam3) StderrLine: {'line': b'  280 | \x1b[01;31m\x1b[K                     const M8ConstPtr&>(std::bind(callback, std::placeholders::_1, std::placeholders::_2, std::placeholders::_3, std::placeholders::_4, std::placeholders::_5, std::placeholders::_6, std::placeholders::_7, std::placeholders::_8, std::placeholders::_9))\x1b[m\x1b[K;\n'}
[5.755638] (ros2_orbslam3) StderrLine: {'line': b'      |                      \x1b[01;31m\x1b[K~~~~~~~~~~~~~~~~~~^~~~~~~~~~~~~~~~~~~~~~~~~~~~~~~~~~~~~~~~~~~~~~~~~~~~~~~~~~~~~~~~~~~~~~~~~~~~~~~~~~~~~~~~~~~~~~~~~~~~~~~~~~~~~~~~~~~~~~~~~~~~~~~~~~~~~~~~~~~~~~~~~~~~~~~~~~~~~~~~~~~~~~~~~~~~~~~~~~~~~~~~~~~~~~~~~~~~~~~~~~~~~~~~~~~~~~~~~~~~~~~~~~~~\x1b[m\x1b[K\n'}
[5.755672] (ros2_orbslam3) StderrLine: {'line': b'In file included from \x1b[01m\x1b[K/opt/ros/humble/include/message_filters/message_filters/synchronizer.h:47\x1b[m\x1b[K,\n'}
[5.755706] (ros2_orbslam3) StderrLine: {'line': b'                 from \x1b[01m\x1b[K/home/henrique/ws_visao/kinect-orbslam-ws/src/ros2_orbslam3/src/stereo/stereo-slam-node.hpp:16\x1b[m\x1b[K,\n'}
[5.755740] (ros2_orbslam3) StderrLine: {'line': b'                 from \x1b[01m\x1b[K/home/henrique/ws_visao/kinect-orbslam-ws/src/ros2_orbslam3/src/stereo/stereo-slam-node.cpp:7\x1b[m\x1b[K:\n'}
[5.755773] (ros2_orbslam3) StderrLine: {'line': b'\x1b[01m\x1b[K/opt/ros/humble/include/message_filters/message_filters/signal9.h:186:14:\x1b[m\x1b[K \x1b[01;36m\x1b[Knote: \x1b[m\x1b[Kprovided for \xe2\x80\x98\x1b[01m\x1b[Ktemplate<class P0, class P1, class P2> message_filters::Connection message_filters::Signal9<M0, M1, M2, M3, M4, M5, M6, M7, M8>::addCallback(void (*)(P0, P1, P2)) [with P0 = P0; P1 = P1; P2 = P2; M0 = sensor_msgs::msg::Image_<std::allocator<void> >; M1 = sensor_msgs::msg::Image_<std::allocator<void> >; M2 = message_filters::NullType; M3 = message_filters::NullType; M4 = message_filters::NullType; M5 = message_filters::NullType; M6 = message_filters::NullType; M7 = message_filters::NullType; M8 = message_filters::NullType]\x1b[m\x1b[K\xe2\x80\x99\n'}
[5.755808] (ros2_orbslam3) StderrLine: {'line': b'  186 |   Connection \x1b[01;36m\x1b[KaddCallback\x1b[m\x1b[K(void(*callback)(P0, P1, P2))\n'}
[5.755844] (ros2_orbslam3) StderrLine: {'line': b'      |              \x1b[01;36m\x1b[K^~~~~~~~~~~\x1b[m\x1b[K\n'}
[5.755877] (ros2_orbslam3) StderrLine: {'line': b'\x1b[01m\x1b[K/opt/ros/humble/include/message_filters/message_filters/signal9.h:192:14:\x1b[m\x1b[K \x1b[01;36m\x1b[Knote: \x1b[m\x1b[Kcandidate: \xe2\x80\x98\x1b[01m\x1b[Ktemplate<class P0, class P1, class P2, class P3> message_filters::Connection message_filters::Signal9<M0, M1, M2, M3, M4, M5, M6, M7, M8>::addCallback(void (*)(P0, P1, P2, P3)) [with P0 = P0; P1 = P1; P2 = P2; P3 = P3; M0 = sensor_msgs::msg::Image_<std::allocator<void> >; M1 = sensor_msgs::msg::Image_<std::allocator<void> >; M2 = message_filters::NullType; M3 = message_filters::NullType; M4 = message_filters::NullType; M5 = message_filters::NullType; M6 = message_filters::NullType; M7 = message_filters::NullType; M8 = message_filters::NullType]\x1b[m\x1b[K\xe2\x80\x99\n'}
[5.755917] (ros2_orbslam3) StderrLine: {'line': b'  192 |   Connection \x1b[01;36m\x1b[KaddCallback\x1b[m\x1b[K(void(*callback)(P0, P1, P2, P3))\n'}
[5.755951] (ros2_orbslam3) StderrLine: {'line': b'      |              \x1b[01;36m\x1b[K^~~~~~~~~~~\x1b[m\x1b[K\n'}
[5.755983] (ros2_orbslam3) StderrLine: {'line': b'\x1b[01m\x1b[K/opt/ros/humble/include/message_filters/message_filters/signal9.h:192:14:\x1b[m\x1b[K \x1b[01;36m\x1b[Knote: \x1b[m\x1b[K  template argument deduction/substitution failed:\n'}
[5.756016] (ros2_orbslam3) StderrLine: {'line': b'In file included from \x1b[01m\x1b[K/opt/ros/humble/include/message_filters/message_filters/synchronizer.h:47\x1b[m\x1b[K,\n'}
[5.756048] (ros2_orbslam3) StderrLine: {'line': b'                 from \x1b[01m\x1b[K/home/henrique/ws_visao/kinect-orbslam-ws/src/ros2_orbslam3/src/stereo/stereo-slam-node.hpp:16\x1b[m\x1b[K,\n'}
[5.756081] (ros2_orbslam3) StderrLine: {'line': b'                 from \x1b[01m\x1b[K/home/henrique/ws_visao/kinect-orbslam-ws/src/ros2_orbslam3/src/stereo/stereo-slam-node.cpp:7\x1b[m\x1b[K:\n'}
[5.756113] (ros2_orbslam3) StderrLine: {'line': b'\x1b[01m\x1b[K/opt/ros/humble/include/message_filters/message_filters/signal9.h:280:40:\x1b[m\x1b[K \x1b[01;31m\x1b[Kerror: \x1b[m\x1b[Kwrong number of template arguments (9, should be 4)\n'}
[5.756146] (ros2_orbslam3) StderrLine: {'line': b'  272 |     return \x1b[01;31m\x1b[KaddCallback<const M0ConstPtr&,\x1b[m\x1b[K\n'}
[5.756178] (ros2_orbslam3) StderrLine: {'line': b'      |            \x1b[01;31m\x1b[K~~~~~~~~~~~~~~~~~~~~~~~~~~~~~~\x1b[m\x1b[K\n'}
[5.756211] (ros2_orbslam3) StderrLine: {'line': b'  273 | \x1b[01;31m\x1b[K                     const M1ConstPtr&,\x1b[m\x1b[K\n'}
[5.756243] (ros2_orbslam3) StderrLine: {'line': b'      |                      \x1b[01;31m\x1b[K~~~~~~~~~~~~~~~~~~\x1b[m\x1b[K \n'}
[5.756275] (ros2_orbslam3) StderrLine: {'line': b'  274 | \x1b[01;31m\x1b[K                     const M2ConstPtr&,\x1b[m\x1b[K\n'}
[5.756307] (ros2_orbslam3) StderrLine: {'line': b'      |                      \x1b[01;31m\x1b[K~~~~~~~~~~~~~~~~~~\x1b[m\x1b[K \n'}
[5.756339] (ros2_orbslam3) StderrLine: {'line': b'  275 | \x1b[01;31m\x1b[K                     const M3ConstPtr&,\x1b[m\x1b[K\n'}
[5.756371] (ros2_orbslam3) StderrLine: {'line': b'      |                      \x1b[01;31m\x1b[K~~~~~~~~~~~~~~~~~~\x1b[m\x1b[K \n'}
[5.756403] (ros2_orbslam3) StderrLine: {'line': b'  276 | \x1b[01;31m\x1b[K                     const M4ConstPtr&,\x1b[m\x1b[K\n'}
[5.756436] (ros2_orbslam3) StderrLine: {'line': b'      |                      \x1b[01;31m\x1b[K~~~~~~~~~~~~~~~~~~\x1b[m\x1b[K \n'}
[5.756468] (ros2_orbslam3) StderrLine: {'line': b'  277 | \x1b[01;31m\x1b[K                     const M5ConstPtr&,\x1b[m\x1b[K\n'}
[5.756500] (ros2_orbslam3) StderrLine: {'line': b'      |                      \x1b[01;31m\x1b[K~~~~~~~~~~~~~~~~~~\x1b[m\x1b[K \n'}
[5.756532] (ros2_orbslam3) StderrLine: {'line': b'  278 | \x1b[01;31m\x1b[K                     const M6ConstPtr&,\x1b[m\x1b[K\n'}
[5.756570] (ros2_orbslam3) StderrLine: {'line': b'      |                      \x1b[01;31m\x1b[K~~~~~~~~~~~~~~~~~~\x1b[m\x1b[K \n'}
[5.756607] (ros2_orbslam3) StderrLine: {'line': b'  279 | \x1b[01;31m\x1b[K                     const M7ConstPtr&,\x1b[m\x1b[K\n'}
[5.756640] (ros2_orbslam3) StderrLine: {'line': b'      |                      \x1b[01;31m\x1b[K~~~~~~~~~~~~~~~~~~\x1b[m\x1b[K \n'}
[5.756673] (ros2_orbslam3) StderrLine: {'line': b'  280 | \x1b[01;31m\x1b[K                     const M8ConstPtr&>(std::bind(callback, std::placeholders::_1, std::placeholders::_2, std::placeholders::_3, std::placeholders::_4, std::placeholders::_5, std::placeholders::_6, std::placeholders::_7, std::placeholders::_8, std::placeholders::_9))\x1b[m\x1b[K;\n'}
[5.756708] (ros2_orbslam3) StderrLine: {'line': b'      |                      \x1b[01;31m\x1b[K~~~~~~~~~~~~~~~~~~^~~~~~~~~~~~~~~~~~~~~~~~~~~~~~~~~~~~~~~~~~~~~~~~~~~~~~~~~~~~~~~~~~~~~~~~~~~~~~~~~~~~~~~~~~~~~~~~~~~~~~~~~~~~~~~~~~~~~~~~~~~~~~~~~~~~~~~~~~~~~~~~~~~~~~~~~~~~~~~~~~~~~~~~~~~~~~~~~~~~~~~~~~~~~~~~~~~~~~~~~~~~~~~~~~~~~~~~~~~~~~~~~~~~\x1b[m\x1b[K\n'}
[5.756741] (ros2_orbslam3) StderrLine: {'line': b'In file included from \x1b[01m\x1b[K/opt/ros/humble/include/message_filters/message_filters/synchronizer.h:47\x1b[m\x1b[K,\n'}
[5.756774] (ros2_orbslam3) StderrLine: {'line': b'                 from \x1b[01m\x1b[K/home/henrique/ws_visao/kinect-orbslam-ws/src/ros2_orbslam3/src/stereo/stereo-slam-node.hpp:16\x1b[m\x1b[K,\n'}
[5.756807] (ros2_orbslam3) StderrLine: {'line': b'                 from \x1b[01m\x1b[K/home/henrique/ws_visao/kinect-orbslam-ws/src/ros2_orbslam3/src/stereo/stereo-slam-node.cpp:7\x1b[m\x1b[K:\n'}
[5.756840] (ros2_orbslam3) StderrLine: {'line': b'\x1b[01m\x1b[K/opt/ros/humble/include/message_filters/message_filters/signal9.h:192:14:\x1b[m\x1b[K \x1b[01;36m\x1b[Knote: \x1b[m\x1b[Kprovided for \xe2\x80\x98\x1b[01m\x1b[Ktemplate<class P0, class P1, class P2, class P3> message_filters::Connection message_filters::Signal9<M0, M1, M2, M3, M4, M5, M6, M7, M8>::addCallback(void (*)(P0, P1, P2, P3)) [with P0 = P0; P1 = P1; P2 = P2; P3 = P3; M0 = sensor_msgs::msg::Image_<std::allocator<void> >; M1 = sensor_msgs::msg::Image_<std::allocator<void> >; M2 = message_filters::NullType; M3 = message_filters::NullType; M4 = message_filters::NullType; M5 = message_filters::NullType; M6 = message_filters::NullType; M7 = message_filters::NullType; M8 = message_filters::NullType]\x1b[m\x1b[K\xe2\x80\x99\n'}
[5.756876] (ros2_orbslam3) StderrLine: {'line': b'  192 |   Connection \x1b[01;36m\x1b[KaddCallback\x1b[m\x1b[K(void(*callback)(P0, P1, P2, P3))\n'}
[5.756910] (ros2_orbslam3) StderrLine: {'line': b'      |              \x1b[01;36m\x1b[K^~~~~~~~~~~\x1b[m\x1b[K\n'}
[5.756943] (ros2_orbslam3) StderrLine: {'line': b'\x1b[01m\x1b[K/opt/ros/humble/include/message_filters/message_filters/signal9.h:198:14:\x1b[m\x1b[K \x1b[01;36m\x1b[Knote: \x1b[m\x1b[Kcandidate: \xe2\x80\x98\x1b[01m\x1b[Ktemplate<class P0, class P1, class P2, class P3, class P4> message_filters::Connection message_filters::Signal9<M0, M1, M2, M3, M4, M5, M6, M7, M8>::addCallback(void (*)(P0, P1, P2, P3, P4)) [with P0 = P0; P1 = P1; P2 = P2; P3 = P3; P4 = P4; M0 = sensor_msgs::msg::Image_<std::allocator<void> >; M1 = sensor_msgs::msg::Image_<std::allocator<void> >; M2 = message_filters::NullType; M3 = message_filters::NullType; M4 = message_filters::NullType; M5 = message_filters::NullType; M6 = message_filters::NullType; M7 = message_filters::NullType; M8 = message_filters::NullType]\x1b[m\x1b[K\xe2\x80\x99\n'}
[5.756985] (ros2_orbslam3) StderrLine: {'line': b'  198 |   Connection \x1b[01;36m\x1b[KaddCallback\x1b[m\x1b[K(void(*callback)(P0, P1, P2, P3, P4))\n'}
[5.757017] (ros2_orbslam3) StderrLine: {'line': b'      |              \x1b[01;36m\x1b[K^~~~~~~~~~~\x1b[m\x1b[K\n'}
[5.757050] (ros2_orbslam3) StderrLine: {'line': b'\x1b[01m\x1b[K/opt/ros/humble/include/message_filters/message_filters/signal9.h:198:14:\x1b[m\x1b[K \x1b[01;36m\x1b[Knote: \x1b[m\x1b[K  template argument deduction/substitution failed:\n'}
[5.757083] (ros2_orbslam3) StderrLine: {'line': b'In file included from \x1b[01m\x1b[K/opt/ros/humble/include/message_filters/message_filters/synchronizer.h:47\x1b[m\x1b[K,\n'}
[5.757118] (ros2_orbslam3) StderrLine: {'line': b'                 from \x1b[01m\x1b[K/home/henrique/ws_visao/kinect-orbslam-ws/src/ros2_orbslam3/src/stereo/stereo-slam-node.hpp:16\x1b[m\x1b[K,\n'}
[5.757151] (ros2_orbslam3) StderrLine: {'line': b'                 from \x1b[01m\x1b[K/home/henrique/ws_visao/kinect-orbslam-ws/src/ros2_orbslam3/src/stereo/stereo-slam-node.cpp:7\x1b[m\x1b[K:\n'}
[5.757183] (ros2_orbslam3) StderrLine: {'line': b'\x1b[01m\x1b[K/opt/ros/humble/include/message_filters/message_filters/signal9.h:280:40:\x1b[m\x1b[K \x1b[01;31m\x1b[Kerror: \x1b[m\x1b[Kwrong number of template arguments (9, should be 5)\n'}
[5.757216] (ros2_orbslam3) StderrLine: {'line': b'  272 |     return \x1b[01;31m\x1b[KaddCallback<const M0ConstPtr&,\x1b[m\x1b[K\n'}
[5.757249] (ros2_orbslam3) StderrLine: {'line': b'      |            \x1b[01;31m\x1b[K~~~~~~~~~~~~~~~~~~~~~~~~~~~~~~\x1b[m\x1b[K\n'}
[5.757282] (ros2_orbslam3) StderrLine: {'line': b'  273 | \x1b[01;31m\x1b[K                     const M1ConstPtr&,\x1b[m\x1b[K\n'}
[5.757314] (ros2_orbslam3) StderrLine: {'line': b'      |                      \x1b[01;31m\x1b[K~~~~~~~~~~~~~~~~~~\x1b[m\x1b[K \n'}
[5.757347] (ros2_orbslam3) StderrLine: {'line': b'  274 | \x1b[01;31m\x1b[K                     const M2ConstPtr&,\x1b[m\x1b[K\n'}
[5.757379] (ros2_orbslam3) StderrLine: {'line': b'      |                      \x1b[01;31m\x1b[K~~~~~~~~~~~~~~~~~~\x1b[m\x1b[K \n'}
[5.757411] (ros2_orbslam3) StderrLine: {'line': b'  275 | \x1b[01;31m\x1b[K                     const M3ConstPtr&,\x1b[m\x1b[K\n'}
[5.757443] (ros2_orbslam3) StderrLine: {'line': b'      |                      \x1b[01;31m\x1b[K~~~~~~~~~~~~~~~~~~\x1b[m\x1b[K \n'}
[5.757475] (ros2_orbslam3) StderrLine: {'line': b'  276 | \x1b[01;31m\x1b[K                     const M4ConstPtr&,\x1b[m\x1b[K\n'}
[5.757507] (ros2_orbslam3) StderrLine: {'line': b'      |                      \x1b[01;31m\x1b[K~~~~~~~~~~~~~~~~~~\x1b[m\x1b[K \n'}
[5.757539] (ros2_orbslam3) StderrLine: {'line': b'  277 | \x1b[01;31m\x1b[K                     const M5ConstPtr&,\x1b[m\x1b[K\n'}
[5.757581] (ros2_orbslam3) StderrLine: {'line': b'      |                      \x1b[01;31m\x1b[K~~~~~~~~~~~~~~~~~~\x1b[m\x1b[K \n'}
[5.757615] (ros2_orbslam3) StderrLine: {'line': b'  278 | \x1b[01;31m\x1b[K                     const M6ConstPtr&,\x1b[m\x1b[K\n'}
[5.757648] (ros2_orbslam3) StderrLine: {'line': b'      |                      \x1b[01;31m\x1b[K~~~~~~~~~~~~~~~~~~\x1b[m\x1b[K \n'}
[5.757680] (ros2_orbslam3) StderrLine: {'line': b'  279 | \x1b[01;31m\x1b[K                     const M7ConstPtr&,\x1b[m\x1b[K\n'}
[5.757713] (ros2_orbslam3) StderrLine: {'line': b'      |                      \x1b[01;31m\x1b[K~~~~~~~~~~~~~~~~~~\x1b[m\x1b[K \n'}
[5.757745] (ros2_orbslam3) StderrLine: {'line': b'  280 | \x1b[01;31m\x1b[K                     const M8ConstPtr&>(std::bind(callback, std::placeholders::_1, std::placeholders::_2, std::placeholders::_3, std::placeholders::_4, std::placeholders::_5, std::placeholders::_6, std::placeholders::_7, std::placeholders::_8, std::placeholders::_9))\x1b[m\x1b[K;\n'}
[5.757778] (ros2_orbslam3) StderrLine: {'line': b'      |                      \x1b[01;31m\x1b[K~~~~~~~~~~~~~~~~~~^~~~~~~~~~~~~~~~~~~~~~~~~~~~~~~~~~~~~~~~~~~~~~~~~~~~~~~~~~~~~~~~~~~~~~~~~~~~~~~~~~~~~~~~~~~~~~~~~~~~~~~~~~~~~~~~~~~~~~~~~~~~~~~~~~~~~~~~~~~~~~~~~~~~~~~~~~~~~~~~~~~~~~~~~~~~~~~~~~~~~~~~~~~~~~~~~~~~~~~~~~~~~~~~~~~~~~~~~~~~~~~~~~~~\x1b[m\x1b[K\n'}
[5.757811] (ros2_orbslam3) StderrLine: {'line': b'In file included from \x1b[01m\x1b[K/opt/ros/humble/include/message_filters/message_filters/synchronizer.h:47\x1b[m\x1b[K,\n'}
[5.757844] (ros2_orbslam3) StderrLine: {'line': b'                 from \x1b[01m\x1b[K/home/henrique/ws_visao/kinect-orbslam-ws/src/ros2_orbslam3/src/stereo/stereo-slam-node.hpp:16\x1b[m\x1b[K,\n'}
[5.757876] (ros2_orbslam3) StderrLine: {'line': b'                 from \x1b[01m\x1b[K/home/henrique/ws_visao/kinect-orbslam-ws/src/ros2_orbslam3/src/stereo/stereo-slam-node.cpp:7\x1b[m\x1b[K:\n'}
[5.757910] (ros2_orbslam3) StderrLine: {'line': b'\x1b[01m\x1b[K/opt/ros/humble/include/message_filters/message_filters/signal9.h:198:14:\x1b[m\x1b[K \x1b[01;36m\x1b[Knote: \x1b[m\x1b[Kprovided for \xe2\x80\x98\x1b[01m\x1b[Ktemplate<class P0, class P1, class P2, class P3, class P4> message_filters::Connection message_filters::Signal9<M0, M1, M2, M3, M4, M5, M6, M7, M8>::addCallback(void (*)(P0, P1, P2, P3, P4)) [with P0 = P0; P1 = P1; P2 = P2; P3 = P3; P4 = P4; M0 = sensor_msgs::msg::Image_<std::allocator<void> >; M1 = sensor_msgs::msg::Image_<std::allocator<void> >; M2 = message_filters::NullType; M3 = message_filters::NullType; M4 = message_filters::NullType; M5 = message_filters::NullType; M6 = message_filters::NullType; M7 = message_filters::NullType; M8 = message_filters::NullType]\x1b[m\x1b[K\xe2\x80\x99\n'}
[5.757949] (ros2_orbslam3) StderrLine: {'line': b'  198 |   Connection \x1b[01;36m\x1b[KaddCallback\x1b[m\x1b[K(void(*callback)(P0, P1, P2, P3, P4))\n'}
[5.757982] (ros2_orbslam3) StderrLine: {'line': b'      |              \x1b[01;36m\x1b[K^~~~~~~~~~~\x1b[m\x1b[K\n'}
[5.758015] (ros2_orbslam3) StderrLine: {'line': b'\x1b[01m\x1b[K/opt/ros/humble/include/message_filters/message_filters/signal9.h:204:14:\x1b[m\x1b[K \x1b[01;36m\x1b[Knote: \x1b[m\x1b[Kcandidate: \xe2\x80\x98\x1b[01m\x1b[Ktemplate<class P0, class P1, class P2, class P3, class P4, class P5> message_filters::Connection message_filters::Signal9<M0, M1, M2, M3, M4, M5, M6, M7, M8>::addCallback(void (*)(P0, P1, P2, P3, P4, P5)) [with P0 = P0; P1 = P1; P2 = P2; P3 = P3; P4 = P4; P5 = P5; M0 = sensor_msgs::msg::Image_<std::allocator<void> >; M1 = sensor_msgs::msg::Image_<std::allocator<void> >; M2 = message_filters::NullType; M3 = message_filters::NullType; M4 = message_filters::NullType; M5 = message_filters::NullType; M6 = message_filters::NullType; M7 = message_filters::NullType; M8 = message_filters::NullType]\x1b[m\x1b[K\xe2\x80\x99\n'}
[5.758050] (ros2_orbslam3) StderrLine: {'line': b'  204 |   Connection \x1b[01;36m\x1b[KaddCallback\x1b[m\x1b[K(void(*callback)(P0, P1, P2, P3, P4, P5))\n'}
[5.758083] (ros2_orbslam3) StderrLine: {'line': b'      |              \x1b[01;36m\x1b[K^~~~~~~~~~~\x1b[m\x1b[K\n'}
[5.758116] (ros2_orbslam3) StderrLine: {'line': b'\x1b[01m\x1b[K/opt/ros/humble/include/message_filters/message_filters/signal9.h:204:14:\x1b[m\x1b[K \x1b[01;36m\x1b[Knote: \x1b[m\x1b[K  template argument deduction/substitution failed:\n'}
[5.758149] (ros2_orbslam3) StderrLine: {'line': b'In file included from \x1b[01m\x1b[K/opt/ros/humble/include/message_filters/message_filters/synchronizer.h:47\x1b[m\x1b[K,\n'}
[5.758182] (ros2_orbslam3) StderrLine: {'line': b'                 from \x1b[01m\x1b[K/home/henrique/ws_visao/kinect-orbslam-ws/src/ros2_orbslam3/src/stereo/stereo-slam-node.hpp:16\x1b[m\x1b[K,\n'}
[5.758216] (ros2_orbslam3) StderrLine: {'line': b'                 from \x1b[01m\x1b[K/home/henrique/ws_visao/kinect-orbslam-ws/src/ros2_orbslam3/src/stereo/stereo-slam-node.cpp:7\x1b[m\x1b[K:\n'}
[5.758249] (ros2_orbslam3) StderrLine: {'line': b'\x1b[01m\x1b[K/opt/ros/humble/include/message_filters/message_filters/signal9.h:280:40:\x1b[m\x1b[K \x1b[01;31m\x1b[Kerror: \x1b[m\x1b[Kwrong number of template arguments (9, should be 6)\n'}
[5.758281] (ros2_orbslam3) StderrLine: {'line': b'  272 |     return \x1b[01;31m\x1b[KaddCallback<const M0ConstPtr&,\x1b[m\x1b[K\n'}
[5.758313] (ros2_orbslam3) StderrLine: {'line': b'      |            \x1b[01;31m\x1b[K~~~~~~~~~~~~~~~~~~~~~~~~~~~~~~\x1b[m\x1b[K\n'}
[5.758348] (ros2_orbslam3) StderrLine: {'line': b'  273 | \x1b[01;31m\x1b[K                     const M1ConstPtr&,\x1b[m\x1b[K\n'}
[5.758380] (ros2_orbslam3) StderrLine: {'line': b'      |                      \x1b[01;31m\x1b[K~~~~~~~~~~~~~~~~~~\x1b[m\x1b[K \n'}
[5.758413] (ros2_orbslam3) StderrLine: {'line': b'  274 | \x1b[01;31m\x1b[K                     const M2ConstPtr&,\x1b[m\x1b[K\n'}
[5.758445] (ros2_orbslam3) StderrLine: {'line': b'      |                      \x1b[01;31m\x1b[K~~~~~~~~~~~~~~~~~~\x1b[m\x1b[K \n'}
[5.758479] (ros2_orbslam3) StderrLine: {'line': b'  275 | \x1b[01;31m\x1b[K                     const M3ConstPtr&,\x1b[m\x1b[K\n'}
[5.758512] (ros2_orbslam3) StderrLine: {'line': b'      |                      \x1b[01;31m\x1b[K~~~~~~~~~~~~~~~~~~\x1b[m\x1b[K \n'}
[5.758544] (ros2_orbslam3) StderrLine: {'line': b'  276 | \x1b[01;31m\x1b[K                     const M4ConstPtr&,\x1b[m\x1b[K\n'}
[5.758586] (ros2_orbslam3) StderrLine: {'line': b'      |                      \x1b[01;31m\x1b[K~~~~~~~~~~~~~~~~~~\x1b[m\x1b[K \n'}
[5.758619] (ros2_orbslam3) StderrLine: {'line': b'  277 | \x1b[01;31m\x1b[K                     const M5ConstPtr&,\x1b[m\x1b[K\n'}
[5.758651] (ros2_orbslam3) StderrLine: {'line': b'      |                      \x1b[01;31m\x1b[K~~~~~~~~~~~~~~~~~~\x1b[m\x1b[K \n'}
[5.758684] (ros2_orbslam3) StderrLine: {'line': b'  278 | \x1b[01;31m\x1b[K                     const M6ConstPtr&,\x1b[m\x1b[K\n'}
[5.758716] (ros2_orbslam3) StderrLine: {'line': b'      |                      \x1b[01;31m\x1b[K~~~~~~~~~~~~~~~~~~\x1b[m\x1b[K \n'}
[5.758749] (ros2_orbslam3) StderrLine: {'line': b'  279 | \x1b[01;31m\x1b[K                     const M7ConstPtr&,\x1b[m\x1b[K\n'}
[5.758780] (ros2_orbslam3) StderrLine: {'line': b'      |                      \x1b[01;31m\x1b[K~~~~~~~~~~~~~~~~~~\x1b[m\x1b[K \n'}
[5.758813] (ros2_orbslam3) StderrLine: {'line': b'  280 | \x1b[01;31m\x1b[K                     const M8ConstPtr&>(std::bind(callback, std::placeholders::_1, std::placeholders::_2, std::placeholders::_3, std::placeholders::_4, std::placeholders::_5, std::placeholders::_6, std::placeholders::_7, std::placeholders::_8, std::placeholders::_9))\x1b[m\x1b[K;\n'}
[5.758847] (ros2_orbslam3) StderrLine: {'line': b'      |                      \x1b[01;31m\x1b[K~~~~~~~~~~~~~~~~~~^~~~~~~~~~~~~~~~~~~~~~~~~~~~~~~~~~~~~~~~~~~~~~~~~~~~~~~~~~~~~~~~~~~~~~~~~~~~~~~~~~~~~~~~~~~~~~~~~~~~~~~~~~~~~~~~~~~~~~~~~~~~~~~~~~~~~~~~~~~~~~~~~~~~~~~~~~~~~~~~~~~~~~~~~~~~~~~~~~~~~~~~~~~~~~~~~~~~~~~~~~~~~~~~~~~~~~~~~~~~~~~~~~~~\x1b[m\x1b[K\n'}
[5.758880] (ros2_orbslam3) StderrLine: {'line': b'In file included from \x1b[01m\x1b[K/opt/ros/humble/include/message_filters/message_filters/synchronizer.h:47\x1b[m\x1b[K,\n'}
[5.758913] (ros2_orbslam3) StderrLine: {'line': b'                 from \x1b[01m\x1b[K/home/henrique/ws_visao/kinect-orbslam-ws/src/ros2_orbslam3/src/stereo/stereo-slam-node.hpp:16\x1b[m\x1b[K,\n'}
[5.758945] (ros2_orbslam3) StderrLine: {'line': b'                 from \x1b[01m\x1b[K/home/henrique/ws_visao/kinect-orbslam-ws/src/ros2_orbslam3/src/stereo/stereo-slam-node.cpp:7\x1b[m\x1b[K:\n'}
[5.758978] (ros2_orbslam3) StderrLine: {'line': b'\x1b[01m\x1b[K/opt/ros/humble/include/message_filters/message_filters/signal9.h:204:14:\x1b[m\x1b[K \x1b[01;36m\x1b[Knote: \x1b[m\x1b[Kprovided for \xe2\x80\x98\x1b[01m\x1b[Ktemplate<class P0, class P1, class P2, class P3, class P4, class P5> message_filters::Connection message_filters::Signal9<M0, M1, M2, M3, M4, M5, M6, M7, M8>::addCallback(void (*)(P0, P1, P2, P3, P4, P5)) [with P0 = P0; P1 = P1; P2 = P2; P3 = P3; P4 = P4; P5 = P5; M0 = sensor_msgs::msg::Image_<std::allocator<void> >; M1 = sensor_msgs::msg::Image_<std::allocator<void> >; M2 = message_filters::NullType; M3 = message_filters::NullType; M4 = message_filters::NullType; M5 = message_filters::NullType; M6 = message_filters::NullType; M7 = message_filters::NullType; M8 = message_filters::NullType]\x1b[m\x1b[K\xe2\x80\x99\n'}
[5.759020] (ros2_orbslam3) StderrLine: {'line': b'  204 |   Connection \x1b[01;36m\x1b[KaddCallback\x1b[m\x1b[K(void(*callback)(P0, P1, P2, P3, P4, P5))\n'}
[5.759054] (ros2_orbslam3) StderrLine: {'line': b'      |              \x1b[01;36m\x1b[K^~~~~~~~~~~\x1b[m\x1b[K\n'}
[5.759087] (ros2_orbslam3) StderrLine: {'line': b'\x1b[01m\x1b[K/opt/ros/humble/include/message_filters/message_filters/signal9.h:210:14:\x1b[m\x1b[K \x1b[01;36m\x1b[Knote: \x1b[m\x1b[Kcandidate: \xe2\x80\x98\x1b[01m\x1b[Ktemplate<class P0, class P1, class P2, class P3, class P4, class P5, class P6> message_filters::Connection message_filters::Signal9<M0, M1, M2, M3, M4, M5, M6, M7, M8>::addCallback(void (*)(P0, P1, P2, P3, P4, P5, P6)) [with P0 = P0; P1 = P1; P2 = P2; P3 = P3; P4 = P4; P5 = P5; P6 = P6; M0 = sensor_msgs::msg::Image_<std::allocator<void> >; M1 = sensor_msgs::msg::Image_<std::allocator<void> >; M2 = message_filters::NullType; M3 = message_filters::NullType; M4 = message_filters::NullType; M5 = message_filters::NullType; M6 = message_filters::NullType; M7 = message_filters::NullType; M8 = message_filters::NullType]\x1b[m\x1b[K\xe2\x80\x99\n'}
[5.759123] (ros2_orbslam3) StderrLine: {'line': b'  210 |   Connection \x1b[01;36m\x1b[KaddCallback\x1b[m\x1b[K(void(*callback)(P0, P1, P2, P3, P4, P5, P6))\n'}
[5.759157] (ros2_orbslam3) StderrLine: {'line': b'      |              \x1b[01;36m\x1b[K^~~~~~~~~~~\x1b[m\x1b[K\n'}
[5.759190] (ros2_orbslam3) StderrLine: {'line': b'\x1b[01m\x1b[K/opt/ros/humble/include/message_filters/message_filters/signal9.h:210:14:\x1b[m\x1b[K \x1b[01;36m\x1b[Knote: \x1b[m\x1b[K  template argument deduction/substitution failed:\n'}
[5.759223] (ros2_orbslam3) StderrLine: {'line': b'In file included from \x1b[01m\x1b[K/opt/ros/humble/include/message_filters/message_filters/synchronizer.h:47\x1b[m\x1b[K,\n'}
[5.759258] (ros2_orbslam3) StderrLine: {'line': b'                 from \x1b[01m\x1b[K/home/henrique/ws_visao/kinect-orbslam-ws/src/ros2_orbslam3/src/stereo/stereo-slam-node.hpp:16\x1b[m\x1b[K,\n'}
[5.759292] (ros2_orbslam3) StderrLine: {'line': b'                 from \x1b[01m\x1b[K/home/henrique/ws_visao/kinect-orbslam-ws/src/ros2_orbslam3/src/stereo/stereo-slam-node.cpp:7\x1b[m\x1b[K:\n'}
[5.759326] (ros2_orbslam3) StderrLine: {'line': b'\x1b[01m\x1b[K/opt/ros/humble/include/message_filters/message_filters/signal9.h:280:40:\x1b[m\x1b[K \x1b[01;31m\x1b[Kerror: \x1b[m\x1b[Kwrong number of template arguments (9, should be 7)\n'}
[5.759359] (ros2_orbslam3) StderrLine: {'line': b'  272 |     return \x1b[01;31m\x1b[KaddCallback<const M0ConstPtr&,\x1b[m\x1b[K\n'}
[5.759391] (ros2_orbslam3) StderrLine: {'line': b'      |            \x1b[01;31m\x1b[K~~~~~~~~~~~~~~~~~~~~~~~~~~~~~~\x1b[m\x1b[K\n'}
[5.759423] (ros2_orbslam3) StderrLine: {'line': b'  273 | \x1b[01;31m\x1b[K                     const M1ConstPtr&,\x1b[m\x1b[K\n'}
[5.759455] (ros2_orbslam3) StderrLine: {'line': b'      |                      \x1b[01;31m\x1b[K~~~~~~~~~~~~~~~~~~\x1b[m\x1b[K \n'}
[5.759488] (ros2_orbslam3) StderrLine: {'line': b'  274 | \x1b[01;31m\x1b[K                     const M2ConstPtr&,\x1b[m\x1b[K\n'}
[5.759520] (ros2_orbslam3) StderrLine: {'line': b'      |                      \x1b[01;31m\x1b[K~~~~~~~~~~~~~~~~~~\x1b[m\x1b[K \n'}
[5.759552] (ros2_orbslam3) StderrLine: {'line': b'  275 | \x1b[01;31m\x1b[K                     const M3ConstPtr&,\x1b[m\x1b[K\n'}
[5.759591] (ros2_orbslam3) StderrLine: {'line': b'      |                      \x1b[01;31m\x1b[K~~~~~~~~~~~~~~~~~~\x1b[m\x1b[K \n'}
[5.759624] (ros2_orbslam3) StderrLine: {'line': b'  276 | \x1b[01;31m\x1b[K                     const M4ConstPtr&,\x1b[m\x1b[K\n'}
[5.759660] (ros2_orbslam3) StderrLine: {'line': b'      |                      \x1b[01;31m\x1b[K~~~~~~~~~~~~~~~~~~\x1b[m\x1b[K \n'}
[5.759693] (ros2_orbslam3) StderrLine: {'line': b'  277 | \x1b[01;31m\x1b[K                     const M5ConstPtr&,\x1b[m\x1b[K\n'}
[5.759726] (ros2_orbslam3) StderrLine: {'line': b'      |                      \x1b[01;31m\x1b[K~~~~~~~~~~~~~~~~~~\x1b[m\x1b[K \n'}
[5.759758] (ros2_orbslam3) StderrLine: {'line': b'  278 | \x1b[01;31m\x1b[K                     const M6ConstPtr&,\x1b[m\x1b[K\n'}
[5.759791] (ros2_orbslam3) StderrLine: {'line': b'      |                      \x1b[01;31m\x1b[K~~~~~~~~~~~~~~~~~~\x1b[m\x1b[K \n'}
[5.759823] (ros2_orbslam3) StderrLine: {'line': b'  279 | \x1b[01;31m\x1b[K                     const M7ConstPtr&,\x1b[m\x1b[K\n'}
[5.759855] (ros2_orbslam3) StderrLine: {'line': b'      |                      \x1b[01;31m\x1b[K~~~~~~~~~~~~~~~~~~\x1b[m\x1b[K \n'}
[5.759888] (ros2_orbslam3) StderrLine: {'line': b'  280 | \x1b[01;31m\x1b[K                     const M8ConstPtr&>(std::bind(callback, std::placeholders::_1, std::placeholders::_2, std::placeholders::_3, std::placeholders::_4, std::placeholders::_5, std::placeholders::_6, std::placeholders::_7, std::placeholders::_8, std::placeholders::_9))\x1b[m\x1b[K;\n'}
[5.759925] (ros2_orbslam3) StderrLine: {'line': b'      |                      \x1b[01;31m\x1b[K~~~~~~~~~~~~~~~~~~^~~~~~~~~~~~~~~~~~~~~~~~~~~~~~~~~~~~~~~~~~~~~~~~~~~~~~~~~~~~~~~~~~~~~~~~~~~~~~~~~~~~~~~~~~~~~~~~~~~~~~~~~~~~~~~~~~~~~~~~~~~~~~~~~~~~~~~~~~~~~~~~~~~~~~~~~~~~~~~~~~~~~~~~~~~~~~~~~~~~~~~~~~~~~~~~~~~~~~~~~~~~~~~~~~~~~~~~~~~~~~~~~~~~\x1b[m\x1b[K\n'}
[5.759958] (ros2_orbslam3) StderrLine: {'line': b'In file included from \x1b[01m\x1b[K/opt/ros/humble/include/message_filters/message_filters/synchronizer.h:47\x1b[m\x1b[K,\n'}
[5.759993] (ros2_orbslam3) StderrLine: {'line': b'                 from \x1b[01m\x1b[K/home/henrique/ws_visao/kinect-orbslam-ws/src/ros2_orbslam3/src/stereo/stereo-slam-node.hpp:16\x1b[m\x1b[K,\n'}
[5.760026] (ros2_orbslam3) StderrLine: {'line': b'                 from \x1b[01m\x1b[K/home/henrique/ws_visao/kinect-orbslam-ws/src/ros2_orbslam3/src/stereo/stereo-slam-node.cpp:7\x1b[m\x1b[K:\n'}
[5.760061] (ros2_orbslam3) StderrLine: {'line': b'\x1b[01m\x1b[K/opt/ros/humble/include/message_filters/message_filters/signal9.h:210:14:\x1b[m\x1b[K \x1b[01;36m\x1b[Knote: \x1b[m\x1b[Kprovided for \xe2\x80\x98\x1b[01m\x1b[Ktemplate<class P0, class P1, class P2, class P3, class P4, class P5, class P6> message_filters::Connection message_filters::Signal9<M0, M1, M2, M3, M4, M5, M6, M7, M8>::addCallback(void (*)(P0, P1, P2, P3, P4, P5, P6)) [with P0 = P0; P1 = P1; P2 = P2; P3 = P3; P4 = P4; P5 = P5; P6 = P6; M0 = sensor_msgs::msg::Image_<std::allocator<void> >; M1 = sensor_msgs::msg::Image_<std::allocator<void> >; M2 = message_filters::NullType; M3 = message_filters::NullType; M4 = message_filters::NullType; M5 = message_filters::NullType; M6 = message_filters::NullType; M7 = message_filters::NullType; M8 = message_filters::NullType]\x1b[m\x1b[K\xe2\x80\x99\n'}
[5.760097] (ros2_orbslam3) StderrLine: {'line': b'  210 |   Connection \x1b[01;36m\x1b[KaddCallback\x1b[m\x1b[K(void(*callback)(P0, P1, P2, P3, P4, P5, P6))\n'}
[5.760130] (ros2_orbslam3) StderrLine: {'line': b'      |              \x1b[01;36m\x1b[K^~~~~~~~~~~\x1b[m\x1b[K\n'}
[5.760163] (ros2_orbslam3) StderrLine: {'line': b'In file included from \x1b[01m\x1b[K/opt/ros/humble/include/message_filters/message_filters/synchronizer.h:47\x1b[m\x1b[K,\n'}
[5.760195] (ros2_orbslam3) StderrLine: {'line': b'                 from \x1b[01m\x1b[K/home/henrique/ws_visao/kinect-orbslam-ws/src/ros2_orbslam3/src/stereo/stereo-slam-node.hpp:16\x1b[m\x1b[K,\n'}
[5.760227] (ros2_orbslam3) StderrLine: {'line': b'                 from \x1b[01m\x1b[K/home/henrique/ws_visao/kinect-orbslam-ws/src/ros2_orbslam3/src/stereo/stereo-slam-node.cpp:7\x1b[m\x1b[K:\n'}
[5.760264] (ros2_orbslam3) StderrLine: {'line': b'\x1b[01m\x1b[K/opt/ros/humble/include/message_filters/message_filters/signal9.h:216:14:\x1b[m\x1b[K \x1b[01;36m\x1b[Knote: \x1b[m\x1b[Kcandidate: \xe2\x80\x98\x1b[01m\x1b[Ktemplate<class P0, class P1, class P2, class P3, class P4, class P5, class P6, class P7> message_filters::Connection message_filters::Signal9<M0, M1, M2, M3, M4, M5, M6, M7, M8>::addCallback(void (*)(P0, P1, P2, P3, P4, P5, P6, P7)) [with P0 = P0; P1 = P1; P2 = P2; P3 = P3; P4 = P4; P5 = P5; P6 = P6; P7 = P7; M0 = sensor_msgs::msg::Image_<std::allocator<void> >; M1 = sensor_msgs::msg::Image_<std::allocator<void> >; M2 = message_filters::NullType; M3 = message_filters::NullType; M4 = message_filters::NullType; M5 = message_filters::NullType; M6 = message_filters::NullType; M7 = message_filters::NullType; M8 = message_filters::NullType]\x1b[m\x1b[K\xe2\x80\x99\n'}
[5.760301] (ros2_orbslam3) StderrLine: {'line': b'  216 |   Connection \x1b[01;36m\x1b[KaddCallback\x1b[m\x1b[K(void(*callback)(P0, P1, P2, P3, P4, P5, P6, P7))\n'}
[5.760334] (ros2_orbslam3) StderrLine: {'line': b'      |              \x1b[01;36m\x1b[K^~~~~~~~~~~\x1b[m\x1b[K\n'}
[5.760366] (ros2_orbslam3) StderrLine: {'line': b'\x1b[01m\x1b[K/opt/ros/humble/include/message_filters/message_filters/signal9.h:216:14:\x1b[m\x1b[K \x1b[01;36m\x1b[Knote: \x1b[m\x1b[K  template argument deduction/substitution failed:\n'}
[5.760401] (ros2_orbslam3) StderrLine: {'line': b'\x1b[01m\x1b[K/opt/ros/humble/include/message_filters/message_filters/signal9.h:280:40:\x1b[m\x1b[K \x1b[01;31m\x1b[Kerror: \x1b[m\x1b[Kwrong number of template arguments (9, should be 8)\n'}
[5.760434] (ros2_orbslam3) StderrLine: {'line': b'  272 |     return \x1b[01;31m\x1b[KaddCallback<const M0ConstPtr&,\x1b[m\x1b[K\n'}
[5.760476] (ros2_orbslam3) StderrLine: {'line': b'      |            \x1b[01;31m\x1b[K~~~~~~~~~~~~~~~~~~~~~~~~~~~~~~\x1b[m\x1b[K\n'}
[5.760533] (ros2_orbslam3) StderrLine: {'line': b'  273 | \x1b[01;31m\x1b[K                     const M1ConstPtr&,\x1b[m\x1b[K\n'}
[5.760578] (ros2_orbslam3) StderrLine: {'line': b'      |                      \x1b[01;31m\x1b[K~~~~~~~~~~~~~~~~~~\x1b[m\x1b[K \n'}
[5.760613] (ros2_orbslam3) StderrLine: {'line': b'  274 | \x1b[01;31m\x1b[K                     const M2ConstPtr&,\x1b[m\x1b[K\n'}
[5.760645] (ros2_orbslam3) StderrLine: {'line': b'      |                      \x1b[01;31m\x1b[K~~~~~~~~~~~~~~~~~~\x1b[m\x1b[K \n'}
[5.760678] (ros2_orbslam3) StderrLine: {'line': b'  275 | \x1b[01;31m\x1b[K                     const M3ConstPtr&,\x1b[m\x1b[K\n'}
[5.760710] (ros2_orbslam3) StderrLine: {'line': b'      |                      \x1b[01;31m\x1b[K~~~~~~~~~~~~~~~~~~\x1b[m\x1b[K \n'}
[5.760743] (ros2_orbslam3) StderrLine: {'line': b'  276 | \x1b[01;31m\x1b[K                     const M4ConstPtr&,\x1b[m\x1b[K\n'}
[5.760775] (ros2_orbslam3) StderrLine: {'line': b'      |                      \x1b[01;31m\x1b[K~~~~~~~~~~~~~~~~~~\x1b[m\x1b[K \n'}
[5.760807] (ros2_orbslam3) StderrLine: {'line': b'  277 | \x1b[01;31m\x1b[K                     const M5ConstPtr&,\x1b[m\x1b[K\n'}
[5.760838] (ros2_orbslam3) StderrLine: {'line': b'      |                      \x1b[01;31m\x1b[K~~~~~~~~~~~~~~~~~~\x1b[m\x1b[K \n'}
[5.760871] (ros2_orbslam3) StderrLine: {'line': b'  278 | \x1b[01;31m\x1b[K                     const M6ConstPtr&,\x1b[m\x1b[K\n'}
[5.760903] (ros2_orbslam3) StderrLine: {'line': b'      |                      \x1b[01;31m\x1b[K~~~~~~~~~~~~~~~~~~\x1b[m\x1b[K \n'}
[5.760936] (ros2_orbslam3) StderrLine: {'line': b'  279 | \x1b[01;31m\x1b[K                     const M7ConstPtr&,\x1b[m\x1b[K\n'}
[5.760968] (ros2_orbslam3) StderrLine: {'line': b'      |                      \x1b[01;31m\x1b[K~~~~~~~~~~~~~~~~~~\x1b[m\x1b[K \n'}
[5.760999] (ros2_orbslam3) StderrLine: {'line': b'  280 | \x1b[01;31m\x1b[K                     const M8ConstPtr&>(std::bind(callback, std::placeholders::_1, std::placeholders::_2, std::placeholders::_3, std::placeholders::_4, std::placeholders::_5, std::placeholders::_6, std::placeholders::_7, std::placeholders::_8, std::placeholders::_9))\x1b[m\x1b[K;\n'}
[5.761036] (ros2_orbslam3) StderrLine: {'line': b'      |                      \x1b[01;31m\x1b[K~~~~~~~~~~~~~~~~~~^~~~~~~~~~~~~~~~~~~~~~~~~~~~~~~~~~~~~~~~~~~~~~~~~~~~~~~~~~~~~~~~~~~~~~~~~~~~~~~~~~~~~~~~~~~~~~~~~~~~~~~~~~~~~~~~~~~~~~~~~~~~~~~~~~~~~~~~~~~~~~~~~~~~~~~~~~~~~~~~~~~~~~~~~~~~~~~~~~~~~~~~~~~~~~~~~~~~~~~~~~~~~~~~~~~~~~~~~~~~~~~~~~~~\x1b[m\x1b[K\n'}
[5.761071] (ros2_orbslam3) StderrLine: {'line': b'\x1b[01m\x1b[K/opt/ros/humble/include/message_filters/message_filters/signal9.h:216:14:\x1b[m\x1b[K \x1b[01;36m\x1b[Knote: \x1b[m\x1b[Kprovided for \xe2\x80\x98\x1b[01m\x1b[Ktemplate<class P0, class P1, class P2, class P3, class P4, class P5, class P6, class P7> message_filters::Connection message_filters::Signal9<M0, M1, M2, M3, M4, M5, M6, M7, M8>::addCallback(void (*)(P0, P1, P2, P3, P4, P5, P6, P7)) [with P0 = P0; P1 = P1; P2 = P2; P3 = P3; P4 = P4; P5 = P5; P6 = P6; P7 = P7; M0 = sensor_msgs::msg::Image_<std::allocator<void> >; M1 = sensor_msgs::msg::Image_<std::allocator<void> >; M2 = message_filters::NullType; M3 = message_filters::NullType; M4 = message_filters::NullType; M5 = message_filters::NullType; M6 = message_filters::NullType; M7 = message_filters::NullType; M8 = message_filters::NullType]\x1b[m\x1b[K\xe2\x80\x99\n'}
[5.761107] (ros2_orbslam3) StderrLine: {'line': b'  216 |   Connection \x1b[01;36m\x1b[KaddCallback\x1b[m\x1b[K(void(*callback)(P0, P1, P2, P3, P4, P5, P6, P7))\n'}
[5.761140] (ros2_orbslam3) StderrLine: {'line': b'      |              \x1b[01;36m\x1b[K^~~~~~~~~~~\x1b[m\x1b[K\n'}
[5.761172] (ros2_orbslam3) StderrLine: {'line': b'\x1b[01m\x1b[K/opt/ros/humble/include/message_filters/message_filters/signal9.h:222:14:\x1b[m\x1b[K \x1b[01;36m\x1b[Knote: \x1b[m\x1b[Kcandidate: \xe2\x80\x98\x1b[01m\x1b[Kmessage_filters::Connection message_filters::Signal9<M0, M1, M2, M3, M4, M5, M6, M7, M8>::addCallback(void (*)(P0, P1, P2, P3, P4, P5, P6, P7, P8)) [with P0 = const std::shared_ptr<const sensor_msgs::msg::Image_<std::allocator<void> > >&; P1 = const std::shared_ptr<const sensor_msgs::msg::Image_<std::allocator<void> > >&; P2 = const std::shared_ptr<const message_filters::NullType>&; P3 = const std::shared_ptr<const message_filters::NullType>&; P4 = const std::shared_ptr<const message_filters::NullType>&; P5 = const std::shared_ptr<const message_filters::NullType>&; P6 = const std::shared_ptr<const message_filters::NullType>&; P7 = const std::shared_ptr<const message_filters::NullType>&; P8 = const std::shared_ptr<const message_filters::NullType>&; M0 = sensor_msgs::msg::Image_<std::allocator<void> >; M1 = sensor_msgs::msg::Image_<std::allocator<void> >; M2 = message_filters::NullType; M3 = message_filters::NullType; M4 = message_filters::NullType; M5 = message_filters::NullType; M6 = message_filters::NullType; M7 = message_filters::NullType; M8 = message_filters::NullType]\x1b[m\x1b[K\xe2\x80\x99\n'}
[5.761214] (ros2_orbslam3) StderrLine: {'line': b'  222 |   Connection \x1b[01;36m\x1b[KaddCallback\x1b[m\x1b[K(void(*callback)(P0, P1, P2, P3, P4, P5, P6, P7, P8))\n'}
[5.761248] (ros2_orbslam3) StderrLine: {'line': b'      |              \x1b[01;36m\x1b[K^~~~~~~~~~~\x1b[m\x1b[K\n'}
[5.761282] (ros2_orbslam3) StderrLine: {'line': b'\x1b[01m\x1b[K/opt/ros/humble/include/message_filters/message_filters/signal9.h:222:32:\x1b[m\x1b[K \x1b[01;36m\x1b[Knote: \x1b[m\x1b[K  no known conversion for argument 1 from \xe2\x80\x98\x1b[01m\x1b[Kstd::_Bind_helper<false, const std::_Bind<void (StereoSLAMNode::*(StereoSLAMNode*, std::_Placeholder<1>, std::_Placeholder<2>))(std::shared_ptr<sensor_msgs::msg::Image_<std::allocator<void> > >, std::shared_ptr<sensor_msgs::msg::Image_<std::allocator<void> > >)>&, const std::_Placeholder<1>&, const std::_Placeholder<2>&, const std::_Placeholder<3>&, const std::_Placeholder<4>&, const std::_Placeholder<5>&, const std::_Placeholder<6>&, const std::_Placeholder<7>&, const std::_Placeholder<8>&, const std::_Placeholder<9>&>::type\x1b[m\x1b[K\xe2\x80\x99 to \xe2\x80\x98\x1b[01m\x1b[Kvoid (*)(const std::shared_ptr<const sensor_msgs::msg::Image_<std::allocator<void> > >&, const std::shared_ptr<const sensor_msgs::msg::Image_<std::allocator<void> > >&, const std::shared_ptr<const message_filters::NullType>&, const std::shared_ptr<const message_filters::NullType>&, const std::shared_ptr<const message_filters::NullType>&, const std::shared_ptr<const message_filters::NullType>&, const std::shared_ptr<const message_filters::NullType>&, const std::shared_ptr<const message_filters::NullType>&, const std::shared_ptr<const message_filters::NullType>&)\x1b[m\x1b[K\xe2\x80\x99\n'}
[5.761323] (ros2_orbslam3) StderrLine: {'line': b'  222 |   Connection addCallback(\x1b[01;36m\x1b[Kvoid(*callback)(P0, P1, P2, P3, P4, P5, P6, P7, P8)\x1b[m\x1b[K)\n'}
[5.761361] (ros2_orbslam3) StderrLine: {'line': b'      |                          \x1b[01;36m\x1b[K~~~~~~^~~~~~~~~~~~~~~~~~~~~~~~~~~~~~~~~~~~~~~~~~~~~\x1b[m\x1b[K\n'}
[5.761392] (ros2_orbslam3) StderrLine: {'line': b'\x1b[01m\x1b[K/opt/ros/humble/include/message_filters/message_filters/signal9.h:228:14:\x1b[m\x1b[K \x1b[01;36m\x1b[Knote: \x1b[m\x1b[Kcandidate: \xe2\x80\x98\x1b[01m\x1b[Ktemplate<class T, class P0, class P1> message_filters::Connection message_filters::Signal9<M0, M1, M2, M3, M4, M5, M6, M7, M8>::addCallback(void (T::*)(P0, P1), T*) [with T = T; P0 = P0; P1 = P1; M0 = sensor_msgs::msg::Image_<std::allocator<void> >; M1 = sensor_msgs::msg::Image_<std::allocator<void> >; M2 = message_filters::NullType; M3 = message_filters::NullType; M4 = message_filters::NullType; M5 = message_filters::NullType; M6 = message_filters::NullType; M7 = message_filters::NullType; M8 = message_filters::NullType]\x1b[m\x1b[K\xe2\x80\x99\n'}
[5.761427] (ros2_orbslam3) StderrLine: {'line': b'  228 |   Connection \x1b[01;36m\x1b[KaddCallback\x1b[m\x1b[K(void(T::*callback)(P0, P1), T* t)\n'}
[5.761458] (ros2_orbslam3) StderrLine: {'line': b'      |              \x1b[01;36m\x1b[K^~~~~~~~~~~\x1b[m\x1b[K\n'}
[5.761488] (ros2_orbslam3) StderrLine: {'line': b'\x1b[01m\x1b[K/opt/ros/humble/include/message_filters/message_filters/signal9.h:228:14:\x1b[m\x1b[K \x1b[01;36m\x1b[Knote: \x1b[m\x1b[K  template argument deduction/substitution failed:\n'}
[5.761519] (ros2_orbslam3) StderrLine: {'line': b'\x1b[01m\x1b[K/opt/ros/humble/include/message_filters/message_filters/signal9.h:280:40:\x1b[m\x1b[K \x1b[01;31m\x1b[Kerror: \x1b[m\x1b[Kwrong number of template arguments (9, should be 3)\n'}
[5.761551] (ros2_orbslam3) StderrLine: {'line': b'  272 |     return \x1b[01;31m\x1b[KaddCallback<const M0ConstPtr&,\x1b[m\x1b[K\n'}
[5.761587] (ros2_orbslam3) StderrLine: {'line': b'      |            \x1b[01;31m\x1b[K~~~~~~~~~~~~~~~~~~~~~~~~~~~~~~\x1b[m\x1b[K\n'}
[5.761620] (ros2_orbslam3) StderrLine: {'line': b'  273 | \x1b[01;31m\x1b[K                     const M1ConstPtr&,\x1b[m\x1b[K\n'}
[5.761654] (ros2_orbslam3) StderrLine: {'line': b'      |                      \x1b[01;31m\x1b[K~~~~~~~~~~~~~~~~~~\x1b[m\x1b[K \n'}
[5.761687] (ros2_orbslam3) StderrLine: {'line': b'  274 | \x1b[01;31m\x1b[K                     const M2ConstPtr&,\x1b[m\x1b[K\n'}
[5.761717] (ros2_orbslam3) StderrLine: {'line': b'      |                      \x1b[01;31m\x1b[K~~~~~~~~~~~~~~~~~~\x1b[m\x1b[K \n'}
[5.761747] (ros2_orbslam3) StderrLine: {'line': b'  275 | \x1b[01;31m\x1b[K                     const M3ConstPtr&,\x1b[m\x1b[K\n'}
[5.761776] (ros2_orbslam3) StderrLine: {'line': b'      |                      \x1b[01;31m\x1b[K~~~~~~~~~~~~~~~~~~\x1b[m\x1b[K \n'}
[5.761806] (ros2_orbslam3) StderrLine: {'line': b'  276 | \x1b[01;31m\x1b[K                     const M4ConstPtr&,\x1b[m\x1b[K\n'}
[5.761835] (ros2_orbslam3) StderrLine: {'line': b'      |                      \x1b[01;31m\x1b[K~~~~~~~~~~~~~~~~~~\x1b[m\x1b[K \n'}
[5.761865] (ros2_orbslam3) StderrLine: {'line': b'  277 | \x1b[01;31m\x1b[K                     const M5ConstPtr&,\x1b[m\x1b[K\n'}
[5.761894] (ros2_orbslam3) StderrLine: {'line': b'      |                      \x1b[01;31m\x1b[K~~~~~~~~~~~~~~~~~~\x1b[m\x1b[K \n'}
[5.761924] (ros2_orbslam3) StderrLine: {'line': b'  278 | \x1b[01;31m\x1b[K                     const M6ConstPtr&,\x1b[m\x1b[K\n'}
[5.761953] (ros2_orbslam3) StderrLine: {'line': b'      |                      \x1b[01;31m\x1b[K~~~~~~~~~~~~~~~~~~\x1b[m\x1b[K \n'}
[5.761983] (ros2_orbslam3) StderrLine: {'line': b'  279 | \x1b[01;31m\x1b[K                     const M7ConstPtr&,\x1b[m\x1b[K\n'}
[5.762012] (ros2_orbslam3) StderrLine: {'line': b'      |                      \x1b[01;31m\x1b[K~~~~~~~~~~~~~~~~~~\x1b[m\x1b[K \n'}
[5.762042] (ros2_orbslam3) StderrLine: {'line': b'  280 | \x1b[01;31m\x1b[K                     const M8ConstPtr&>(std::bind(callback, std::placeholders::_1, std::placeholders::_2, std::placeholders::_3, std::placeholders::_4, std::placeholders::_5, std::placeholders::_6, std::placeholders::_7, std::placeholders::_8, std::placeholders::_9))\x1b[m\x1b[K;\n'}
[5.762072] (ros2_orbslam3) StderrLine: {'line': b'      |                      \x1b[01;31m\x1b[K~~~~~~~~~~~~~~~~~~^~~~~~~~~~~~~~~~~~~~~~~~~~~~~~~~~~~~~~~~~~~~~~~~~~~~~~~~~~~~~~~~~~~~~~~~~~~~~~~~~~~~~~~~~~~~~~~~~~~~~~~~~~~~~~~~~~~~~~~~~~~~~~~~~~~~~~~~~~~~~~~~~~~~~~~~~~~~~~~~~~~~~~~~~~~~~~~~~~~~~~~~~~~~~~~~~~~~~~~~~~~~~~~~~~~~~~~~~~~~~~~~~~~~\x1b[m\x1b[K\n'}
[5.762102] (ros2_orbslam3) StderrLine: {'line': b'\x1b[01m\x1b[K/opt/ros/humble/include/message_filters/message_filters/signal9.h:228:14:\x1b[m\x1b[K \x1b[01;36m\x1b[Knote: \x1b[m\x1b[Kprovided for \xe2\x80\x98\x1b[01m\x1b[Ktemplate<class T, class P0, class P1> message_filters::Connection message_filters::Signal9<M0, M1, M2, M3, M4, M5, M6, M7, M8>::addCallback(void (T::*)(P0, P1), T*) [with T = T; P0 = P0; P1 = P1; M0 = sensor_msgs::msg::Image_<std::allocator<void> >; M1 = sensor_msgs::msg::Image_<std::allocator<void> >; M2 = message_filters::NullType; M3 = message_filters::NullType; M4 = message_filters::NullType; M5 = message_filters::NullType; M6 = message_filters::NullType; M7 = message_filters::NullType; M8 = message_filters::NullType]\x1b[m\x1b[K\xe2\x80\x99\n'}
[5.762137] (ros2_orbslam3) StderrLine: {'line': b'  228 |   Connection \x1b[01;36m\x1b[KaddCallback\x1b[m\x1b[K(void(T::*callback)(P0, P1), T* t)\n'}
[5.762167] (ros2_orbslam3) StderrLine: {'line': b'      |              \x1b[01;36m\x1b[K^~~~~~~~~~~\x1b[m\x1b[K\n'}
[5.762196] (ros2_orbslam3) StderrLine: {'line': b'\x1b[01m\x1b[K/opt/ros/humble/include/message_filters/message_filters/signal9.h:234:14:\x1b[m\x1b[K \x1b[01;36m\x1b[Knote: \x1b[m\x1b[Kcandidate: \xe2\x80\x98\x1b[01m\x1b[Ktemplate<class T, class P0, class P1, class P2> message_filters::Connection message_filters::Signal9<M0, M1, M2, M3, M4, M5, M6, M7, M8>::addCallback(void (T::*)(P0, P1, P2), T*) [with T = T; P0 = P0; P1 = P1; P2 = P2; M0 = sensor_msgs::msg::Image_<std::allocator<void> >; M1 = sensor_msgs::msg::Image_<std::allocator<void> >; M2 = message_filters::NullType; M3 = message_filters::NullType; M4 = message_filters::NullType; M5 = message_filters::NullType; M6 = message_filters::NullType; M7 = message_filters::NullType; M8 = message_filters::NullType]\x1b[m\x1b[K\xe2\x80\x99\n'}
[5.762231] (ros2_orbslam3) StderrLine: {'line': b'  234 |   Connection \x1b[01;36m\x1b[KaddCallback\x1b[m\x1b[K(void(T::*callback)(P0, P1, P2), T* t)\n'}
[5.762261] (ros2_orbslam3) StderrLine: {'line': b'      |              \x1b[01;36m\x1b[K^~~~~~~~~~~\x1b[m\x1b[K\n'}
[5.762291] (ros2_orbslam3) StderrLine: {'line': b'\x1b[01m\x1b[K/opt/ros/humble/include/message_filters/message_filters/signal9.h:234:14:\x1b[m\x1b[K \x1b[01;36m\x1b[Knote: \x1b[m\x1b[K  template argument deduction/substitution failed:\n'}
[5.762321] (ros2_orbslam3) StderrLine: {'line': b'\x1b[01m\x1b[K/opt/ros/humble/include/message_filters/message_filters/signal9.h:280:40:\x1b[m\x1b[K \x1b[01;31m\x1b[Kerror: \x1b[m\x1b[Kwrong number of template arguments (9, should be 4)\n'}
[5.762352] (ros2_orbslam3) StderrLine: {'line': b'  272 |     return \x1b[01;31m\x1b[KaddCallback<const M0ConstPtr&,\x1b[m\x1b[K\n'}
[5.762381] (ros2_orbslam3) StderrLine: {'line': b'      |            \x1b[01;31m\x1b[K~~~~~~~~~~~~~~~~~~~~~~~~~~~~~~\x1b[m\x1b[K\n'}
[5.762411] (ros2_orbslam3) StderrLine: {'line': b'  273 | \x1b[01;31m\x1b[K                     const M1ConstPtr&,\x1b[m\x1b[K\n'}
[5.762441] (ros2_orbslam3) StderrLine: {'line': b'      |                      \x1b[01;31m\x1b[K~~~~~~~~~~~~~~~~~~\x1b[m\x1b[K \n'}
[5.762472] (ros2_orbslam3) StderrLine: {'line': b'  274 | \x1b[01;31m\x1b[K                     const M2ConstPtr&,\x1b[m\x1b[K\n'}
[5.762502] (ros2_orbslam3) StderrLine: {'line': b'      |                      \x1b[01;31m\x1b[K~~~~~~~~~~~~~~~~~~\x1b[m\x1b[K \n'}
[5.762532] (ros2_orbslam3) StderrLine: {'line': b'  275 | \x1b[01;31m\x1b[K                     const M3ConstPtr&,\x1b[m\x1b[K\n'}
[5.762568] (ros2_orbslam3) StderrLine: {'line': b'      |                      \x1b[01;31m\x1b[K~~~~~~~~~~~~~~~~~~\x1b[m\x1b[K \n'}
[5.762604] (ros2_orbslam3) StderrLine: {'line': b'  276 | \x1b[01;31m\x1b[K                     const M4ConstPtr&,\x1b[m\x1b[K\n'}
[5.762638] (ros2_orbslam3) StderrLine: {'line': b'      |                      \x1b[01;31m\x1b[K~~~~~~~~~~~~~~~~~~\x1b[m\x1b[K \n'}
[5.762670] (ros2_orbslam3) StderrLine: {'line': b'  277 | \x1b[01;31m\x1b[K                     const M5ConstPtr&,\x1b[m\x1b[K\n'}
[5.762703] (ros2_orbslam3) StderrLine: {'line': b'      |                      \x1b[01;31m\x1b[K~~~~~~~~~~~~~~~~~~\x1b[m\x1b[K \n'}
[5.762734] (ros2_orbslam3) StderrLine: {'line': b'  278 | \x1b[01;31m\x1b[K                     const M6ConstPtr&,\x1b[m\x1b[K\n'}
[5.762765] (ros2_orbslam3) StderrLine: {'line': b'      |                      \x1b[01;31m\x1b[K~~~~~~~~~~~~~~~~~~\x1b[m\x1b[K \n'}
[5.762794] (ros2_orbslam3) StderrLine: {'line': b'  279 | \x1b[01;31m\x1b[K                     const M7ConstPtr&,\x1b[m\x1b[K\n'}
[5.762824] (ros2_orbslam3) StderrLine: {'line': b'      |                      \x1b[01;31m\x1b[K~~~~~~~~~~~~~~~~~~\x1b[m\x1b[K \n'}
[5.762853] (ros2_orbslam3) StderrLine: {'line': b'  280 | \x1b[01;31m\x1b[K                     const M8ConstPtr&>(std::bind(callback, std::placeholders::_1, std::placeholders::_2, std::placeholders::_3, std::placeholders::_4, std::placeholders::_5, std::placeholders::_6, std::placeholders::_7, std::placeholders::_8, std::placeholders::_9))\x1b[m\x1b[K;\n'}
[5.762883] (ros2_orbslam3) StderrLine: {'line': b'      |                      \x1b[01;31m\x1b[K~~~~~~~~~~~~~~~~~~^~~~~~~~~~~~~~~~~~~~~~~~~~~~~~~~~~~~~~~~~~~~~~~~~~~~~~~~~~~~~~~~~~~~~~~~~~~~~~~~~~~~~~~~~~~~~~~~~~~~~~~~~~~~~~~~~~~~~~~~~~~~~~~~~~~~~~~~~~~~~~~~~~~~~~~~~~~~~~~~~~~~~~~~~~~~~~~~~~~~~~~~~~~~~~~~~~~~~~~~~~~~~~~~~~~~~~~~~~~~~~~~~~~~\x1b[m\x1b[K\n'}
[5.762913] (ros2_orbslam3) StderrLine: {'line': b'\x1b[01m\x1b[K/opt/ros/humble/include/message_filters/message_filters/signal9.h:234:14:\x1b[m\x1b[K \x1b[01;36m\x1b[Knote: \x1b[m\x1b[Kprovided for \xe2\x80\x98\x1b[01m\x1b[Ktemplate<class T, class P0, class P1, class P2> message_filters::Connection message_filters::Signal9<M0, M1, M2, M3, M4, M5, M6, M7, M8>::addCallback(void (T::*)(P0, P1, P2), T*) [with T = T; P0 = P0; P1 = P1; P2 = P2; M0 = sensor_msgs::msg::Image_<std::allocator<void> >; M1 = sensor_msgs::msg::Image_<std::allocator<void> >; M2 = message_filters::NullType; M3 = message_filters::NullType; M4 = message_filters::NullType; M5 = message_filters::NullType; M6 = message_filters::NullType; M7 = message_filters::NullType; M8 = message_filters::NullType]\x1b[m\x1b[K\xe2\x80\x99\n'}
[5.762948] (ros2_orbslam3) StderrLine: {'line': b'  234 |   Connection \x1b[01;36m\x1b[KaddCallback\x1b[m\x1b[K(void(T::*callback)(P0, P1, P2), T* t)\n'}
[5.762982] (ros2_orbslam3) StderrLine: {'line': b'      |              \x1b[01;36m\x1b[K^~~~~~~~~~~\x1b[m\x1b[K\n'}
[5.763015] (ros2_orbslam3) StderrLine: {'line': b'\x1b[01m\x1b[K/opt/ros/humble/include/message_filters/message_filters/signal9.h:240:14:\x1b[m\x1b[K \x1b[01;36m\x1b[Knote: \x1b[m\x1b[Kcandidate: \xe2\x80\x98\x1b[01m\x1b[Ktemplate<class T, class P0, class P1, class P2, class P3> message_filters::Connection message_filters::Signal9<M0, M1, M2, M3, M4, M5, M6, M7, M8>::addCallback(void (T::*)(P0, P1, P2, P3), T*) [with T = T; P0 = P0; P1 = P1; P2 = P2; P3 = P3; M0 = sensor_msgs::msg::Image_<std::allocator<void> >; M1 = sensor_msgs::msg::Image_<std::allocator<void> >; M2 = message_filters::NullType; M3 = message_filters::NullType; M4 = message_filters::NullType; M5 = message_filters::NullType; M6 = message_filters::NullType; M7 = message_filters::NullType; M8 = message_filters::NullType]\x1b[m\x1b[K\xe2\x80\x99\n'}
[5.763052] (ros2_orbslam3) StderrLine: {'line': b'  240 |   Connection \x1b[01;36m\x1b[KaddCallback\x1b[m\x1b[K(void(T::*callback)(P0, P1, P2, P3), T* t)\n'}
[5.763085] (ros2_orbslam3) StderrLine: {'line': b'      |              \x1b[01;36m\x1b[K^~~~~~~~~~~\x1b[m\x1b[K\n'}
[5.763118] (ros2_orbslam3) StderrLine: {'line': b'\x1b[01m\x1b[K/opt/ros/humble/include/message_filters/message_filters/signal9.h:240:14:\x1b[m\x1b[K \x1b[01;36m\x1b[Knote: \x1b[m\x1b[K  template argument deduction/substitution failed:\n'}
[5.763154] (ros2_orbslam3) StderrLine: {'line': b'\x1b[01m\x1b[K/opt/ros/humble/include/message_filters/message_filters/signal9.h:280:40:\x1b[m\x1b[K \x1b[01;31m\x1b[Kerror: \x1b[m\x1b[Kwrong number of template arguments (9, should be 5)\n'}
[5.763189] (ros2_orbslam3) StderrLine: {'line': b'  272 |     return \x1b[01;31m\x1b[KaddCallback<const M0ConstPtr&,\x1b[m\x1b[K\n'}
[5.763222] (ros2_orbslam3) StderrLine: {'line': b'      |            \x1b[01;31m\x1b[K~~~~~~~~~~~~~~~~~~~~~~~~~~~~~~\x1b[m\x1b[K\n'}
[5.763258] (ros2_orbslam3) StderrLine: {'line': b'  273 | \x1b[01;31m\x1b[K                     const M1ConstPtr&,\x1b[m\x1b[K\n'}
[5.763291] (ros2_orbslam3) StderrLine: {'line': b'      |                      \x1b[01;31m\x1b[K~~~~~~~~~~~~~~~~~~\x1b[m\x1b[K \n'}
[5.763324] (ros2_orbslam3) StderrLine: {'line': b'  274 | \x1b[01;31m\x1b[K                     const M2ConstPtr&,\x1b[m\x1b[K\n'}
[5.763357] (ros2_orbslam3) StderrLine: {'line': b'      |                      \x1b[01;31m\x1b[K~~~~~~~~~~~~~~~~~~\x1b[m\x1b[K \n'}
[5.763390] (ros2_orbslam3) StderrLine: {'line': b'  275 | \x1b[01;31m\x1b[K                     const M3ConstPtr&,\x1b[m\x1b[K\n'}
[5.763425] (ros2_orbslam3) StderrLine: {'line': b'      |                      \x1b[01;31m\x1b[K~~~~~~~~~~~~~~~~~~\x1b[m\x1b[K \n'}
[5.763457] (ros2_orbslam3) StderrLine: {'line': b'  276 | \x1b[01;31m\x1b[K                     const M4ConstPtr&,\x1b[m\x1b[K\n'}
[5.763490] (ros2_orbslam3) StderrLine: {'line': b'      |                      \x1b[01;31m\x1b[K~~~~~~~~~~~~~~~~~~\x1b[m\x1b[K \n'}
[5.763522] (ros2_orbslam3) StderrLine: {'line': b'  277 | \x1b[01;31m\x1b[K                     const M5ConstPtr&,\x1b[m\x1b[K\n'}
[5.763558] (ros2_orbslam3) StderrLine: {'line': b'      |                      \x1b[01;31m\x1b[K~~~~~~~~~~~~~~~~~~\x1b[m\x1b[K \n'}
[5.763594] (ros2_orbslam3) StderrLine: {'line': b'  278 | \x1b[01;31m\x1b[K                     const M6ConstPtr&,\x1b[m\x1b[K\n'}
[5.763627] (ros2_orbslam3) StderrLine: {'line': b'      |                      \x1b[01;31m\x1b[K~~~~~~~~~~~~~~~~~~\x1b[m\x1b[K \n'}
[5.763658] (ros2_orbslam3) StderrLine: {'line': b'  279 | \x1b[01;31m\x1b[K                     const M7ConstPtr&,\x1b[m\x1b[K\n'}
[5.763690] (ros2_orbslam3) StderrLine: {'line': b'      |                      \x1b[01;31m\x1b[K~~~~~~~~~~~~~~~~~~\x1b[m\x1b[K \n'}
[5.763721] (ros2_orbslam3) StderrLine: {'line': b'  280 | \x1b[01;31m\x1b[K                     const M8ConstPtr&>(std::bind(callback, std::placeholders::_1, std::placeholders::_2, std::placeholders::_3, std::placeholders::_4, std::placeholders::_5, std::placeholders::_6, std::placeholders::_7, std::placeholders::_8, std::placeholders::_9))\x1b[m\x1b[K;\n'}
[5.763754] (ros2_orbslam3) StderrLine: {'line': b'      |                      \x1b[01;31m\x1b[K~~~~~~~~~~~~~~~~~~^~~~~~~~~~~~~~~~~~~~~~~~~~~~~~~~~~~~~~~~~~~~~~~~~~~~~~~~~~~~~~~~~~~~~~~~~~~~~~~~~~~~~~~~~~~~~~~~~~~~~~~~~~~~~~~~~~~~~~~~~~~~~~~~~~~~~~~~~~~~~~~~~~~~~~~~~~~~~~~~~~~~~~~~~~~~~~~~~~~~~~~~~~~~~~~~~~~~~~~~~~~~~~~~~~~~~~~~~~~~~~~~~~~~\x1b[m\x1b[K\n'}
[5.763788] (ros2_orbslam3) StderrLine: {'line': b'\x1b[01m\x1b[K/opt/ros/humble/include/message_filters/message_filters/signal9.h:240:14:\x1b[m\x1b[K \x1b[01;36m\x1b[Knote: \x1b[m\x1b[Kprovided for \xe2\x80\x98\x1b[01m\x1b[Ktemplate<class T, class P0, class P1, class P2, class P3> message_filters::Connection message_filters::Signal9<M0, M1, M2, M3, M4, M5, M6, M7, M8>::addCallback(void (T::*)(P0, P1, P2, P3), T*) [with T = T; P0 = P0; P1 = P1; P2 = P2; P3 = P3; M0 = sensor_msgs::msg::Image_<std::allocator<void> >; M1 = sensor_msgs::msg::Image_<std::allocator<void> >; M2 = message_filters::NullType; M3 = message_filters::NullType; M4 = message_filters::NullType; M5 = message_filters::NullType; M6 = message_filters::NullType; M7 = message_filters::NullType; M8 = message_filters::NullType]\x1b[m\x1b[K\xe2\x80\x99\n'}
[5.763822] (ros2_orbslam3) StderrLine: {'line': b'  240 |   Connection \x1b[01;36m\x1b[KaddCallback\x1b[m\x1b[K(void(T::*callback)(P0, P1, P2, P3), T* t)\n'}
[5.763856] (ros2_orbslam3) StderrLine: {'line': b'      |              \x1b[01;36m\x1b[K^~~~~~~~~~~\x1b[m\x1b[K\n'}
[5.763888] (ros2_orbslam3) StderrLine: {'line': b'\x1b[01m\x1b[K/opt/ros/humble/include/message_filters/message_filters/signal9.h:246:14:\x1b[m\x1b[K \x1b[01;36m\x1b[Knote: \x1b[m\x1b[Kcandidate: \xe2\x80\x98\x1b[01m\x1b[Ktemplate<class T, class P0, class P1, class P2, class P3, class P4> message_filters::Connection message_filters::Signal9<M0, M1, M2, M3, M4, M5, M6, M7, M8>::addCallback(void (T::*)(P0, P1, P2, P3, P4), T*) [with T = T; P0 = P0; P1 = P1; P2 = P2; P3 = P3; P4 = P4; M0 = sensor_msgs::msg::Image_<std::allocator<void> >; M1 = sensor_msgs::msg::Image_<std::allocator<void> >; M2 = message_filters::NullType; M3 = message_filters::NullType; M4 = message_filters::NullType; M5 = message_filters::NullType; M6 = message_filters::NullType; M7 = message_filters::NullType; M8 = message_filters::NullType]\x1b[m\x1b[K\xe2\x80\x99\n'}
[5.763925] (ros2_orbslam3) StderrLine: {'line': b'  246 |   Connection \x1b[01;36m\x1b[KaddCallback\x1b[m\x1b[K(void(T::*callback)(P0, P1, P2, P3, P4), T* t)\n'}
[5.763964] (ros2_orbslam3) StderrLine: {'line': b'      |              \x1b[01;36m\x1b[K^~~~~~~~~~~\x1b[m\x1b[K\n'}
[5.764002] (ros2_orbslam3) StderrLine: {'line': b'\x1b[01m\x1b[K/opt/ros/humble/include/message_filters/message_filters/signal9.h:246:14:\x1b[m\x1b[K \x1b[01;36m\x1b[Knote: \x1b[m\x1b[K  template argument deduction/substitution failed:\n'}
[5.764035] (ros2_orbslam3) StderrLine: {'line': b'\x1b[01m\x1b[K/opt/ros/humble/include/message_filters/message_filters/signal9.h:280:40:\x1b[m\x1b[K \x1b[01;31m\x1b[Kerror: \x1b[m\x1b[Kwrong number of template arguments (9, should be 6)\n'}
[5.764077] (ros2_orbslam3) StderrLine: {'line': b'  272 |     return \x1b[01;31m\x1b[KaddCallback<const M0ConstPtr&,\x1b[m\x1b[K\n'}
[5.764130] (ros2_orbslam3) StderrLine: {'line': b'      |            \x1b[01;31m\x1b[K~~~~~~~~~~~~~~~~~~~~~~~~~~~~~~\x1b[m\x1b[K\n'}
[5.764181] (ros2_orbslam3) StderrLine: {'line': b'  273 | \x1b[01;31m\x1b[K                     const M1ConstPtr&,\x1b[m\x1b[K\n'}
[5.764216] (ros2_orbslam3) StderrLine: {'line': b'      |                      \x1b[01;31m\x1b[K~~~~~~~~~~~~~~~~~~\x1b[m\x1b[K \n'}
[5.764250] (ros2_orbslam3) StderrLine: {'line': b'  274 | \x1b[01;31m\x1b[K                     const M2ConstPtr&,\x1b[m\x1b[K\n'}
[5.764284] (ros2_orbslam3) StderrLine: {'line': b'      |                      \x1b[01;31m\x1b[K~~~~~~~~~~~~~~~~~~\x1b[m\x1b[K \n'}
[5.764317] (ros2_orbslam3) StderrLine: {'line': b'  275 | \x1b[01;31m\x1b[K                     const M3ConstPtr&,\x1b[m\x1b[K\n'}
[5.764349] (ros2_orbslam3) StderrLine: {'line': b'      |                      \x1b[01;31m\x1b[K~~~~~~~~~~~~~~~~~~\x1b[m\x1b[K \n'}
[5.764382] (ros2_orbslam3) StderrLine: {'line': b'  276 | \x1b[01;31m\x1b[K                     const M4ConstPtr&,\x1b[m\x1b[K\n'}
[5.764417] (ros2_orbslam3) StderrLine: {'line': b'      |                      \x1b[01;31m\x1b[K~~~~~~~~~~~~~~~~~~\x1b[m\x1b[K \n'}
[5.764450] (ros2_orbslam3) StderrLine: {'line': b'  277 | \x1b[01;31m\x1b[K                     const M5ConstPtr&,\x1b[m\x1b[K\n'}
[5.764483] (ros2_orbslam3) StderrLine: {'line': b'      |                      \x1b[01;31m\x1b[K~~~~~~~~~~~~~~~~~~\x1b[m\x1b[K \n'}
[5.764516] (ros2_orbslam3) StderrLine: {'line': b'  278 | \x1b[01;31m\x1b[K                     const M6ConstPtr&,\x1b[m\x1b[K\n'}
[5.764549] (ros2_orbslam3) StderrLine: {'line': b'      |                      \x1b[01;31m\x1b[K~~~~~~~~~~~~~~~~~~\x1b[m\x1b[K \n'}
[5.764591] (ros2_orbslam3) StderrLine: {'line': b'  279 | \x1b[01;31m\x1b[K                     const M7ConstPtr&,\x1b[m\x1b[K\n'}
[5.764625] (ros2_orbslam3) StderrLine: {'line': b'      |                      \x1b[01;31m\x1b[K~~~~~~~~~~~~~~~~~~\x1b[m\x1b[K \n'}
[5.764659] (ros2_orbslam3) StderrLine: {'line': b'  280 | \x1b[01;31m\x1b[K                     const M8ConstPtr&>(std::bind(callback, std::placeholders::_1, std::placeholders::_2, std::placeholders::_3, std::placeholders::_4, std::placeholders::_5, std::placeholders::_6, std::placeholders::_7, std::placeholders::_8, std::placeholders::_9))\x1b[m\x1b[K;\n'}
[5.764693] (ros2_orbslam3) StderrLine: {'line': b'      |                      \x1b[01;31m\x1b[K~~~~~~~~~~~~~~~~~~^~~~~~~~~~~~~~~~~~~~~~~~~~~~~~~~~~~~~~~~~~~~~~~~~~~~~~~~~~~~~~~~~~~~~~~~~~~~~~~~~~~~~~~~~~~~~~~~~~~~~~~~~~~~~~~~~~~~~~~~~~~~~~~~~~~~~~~~~~~~~~~~~~~~~~~~~~~~~~~~~~~~~~~~~~~~~~~~~~~~~~~~~~~~~~~~~~~~~~~~~~~~~~~~~~~~~~~~~~~~~~~~~~~~\x1b[m\x1b[K\n'}
[5.764727] (ros2_orbslam3) StderrLine: {'line': b'\x1b[01m\x1b[K/opt/ros/humble/include/message_filters/message_filters/signal9.h:246:14:\x1b[m\x1b[K \x1b[01;36m\x1b[Knote: \x1b[m\x1b[Kprovided for \xe2\x80\x98\x1b[01m\x1b[Ktemplate<class T, class P0, class P1, class P2, class P3, class P4> message_filters::Connection message_filters::Signal9<M0, M1, M2, M3, M4, M5, M6, M7, M8>::addCallback(void (T::*)(P0, P1, P2, P3, P4), T*) [with T = T; P0 = P0; P1 = P1; P2 = P2; P3 = P3; P4 = P4; M0 = sensor_msgs::msg::Image_<std::allocator<void> >; M1 = sensor_msgs::msg::Image_<std::allocator<void> >; M2 = message_filters::NullType; M3 = message_filters::NullType; M4 = message_filters::NullType; M5 = message_filters::NullType; M6 = message_filters::NullType; M7 = message_filters::NullType; M8 = message_filters::NullType]\x1b[m\x1b[K\xe2\x80\x99\n'}
[5.764765] (ros2_orbslam3) StderrLine: {'line': b'  246 |   Connection \x1b[01;36m\x1b[KaddCallback\x1b[m\x1b[K(void(T::*callback)(P0, P1, P2, P3, P4), T* t)\n'}
[5.764798] (ros2_orbslam3) StderrLine: {'line': b'      |              \x1b[01;36m\x1b[K^~~~~~~~~~~\x1b[m\x1b[K\n'}
[5.764830] (ros2_orbslam3) StderrLine: {'line': b'\x1b[01m\x1b[K/opt/ros/humble/include/message_filters/message_filters/signal9.h:252:14:\x1b[m\x1b[K \x1b[01;36m\x1b[Knote: \x1b[m\x1b[Kcandidate: \xe2\x80\x98\x1b[01m\x1b[Ktemplate<class T, class P0, class P1, class P2, class P3, class P4, class P5> message_filters::Connection message_filters::Signal9<M0, M1, M2, M3, M4, M5, M6, M7, M8>::addCallback(void (T::*)(P0, P1, P2, P3, P4, P5), T*) [with T = T; P0 = P0; P1 = P1; P2 = P2; P3 = P3; P4 = P4; P5 = P5; M0 = sensor_msgs::msg::Image_<std::allocator<void> >; M1 = sensor_msgs::msg::Image_<std::allocator<void> >; M2 = message_filters::NullType; M3 = message_filters::NullType; M4 = message_filters::NullType; M5 = message_filters::NullType; M6 = message_filters::NullType; M7 = message_filters::NullType; M8 = message_filters::NullType]\x1b[m\x1b[K\xe2\x80\x99\n'}
[5.764870] (ros2_orbslam3) StderrLine: {'line': b'  252 |   Connection \x1b[01;36m\x1b[KaddCallback\x1b[m\x1b[K(void(T::*callback)(P0, P1, P2, P3, P4, P5), T* t)\n'}
[5.764903] (ros2_orbslam3) StderrLine: {'line': b'      |              \x1b[01;36m\x1b[K^~~~~~~~~~~\x1b[m\x1b[K\n'}
[5.764936] (ros2_orbslam3) StderrLine: {'line': b'\x1b[01m\x1b[K/opt/ros/humble/include/message_filters/message_filters/signal9.h:252:14:\x1b[m\x1b[K \x1b[01;36m\x1b[Knote: \x1b[m\x1b[K  template argument deduction/substitution failed:\n'}
[5.764969] (ros2_orbslam3) StderrLine: {'line': b'\x1b[01m\x1b[K/opt/ros/humble/include/message_filters/message_filters/signal9.h:280:40:\x1b[m\x1b[K \x1b[01;31m\x1b[Kerror: \x1b[m\x1b[Kwrong number of template arguments (9, should be 7)\n'}
[5.765003] (ros2_orbslam3) StderrLine: {'line': b'  272 |     return \x1b[01;31m\x1b[KaddCallback<const M0ConstPtr&,\x1b[m\x1b[K\n'}
[5.765035] (ros2_orbslam3) StderrLine: {'line': b'      |            \x1b[01;31m\x1b[K~~~~~~~~~~~~~~~~~~~~~~~~~~~~~~\x1b[m\x1b[K\n'}
[5.765068] (ros2_orbslam3) StderrLine: {'line': b'  273 | \x1b[01;31m\x1b[K                     const M1ConstPtr&,\x1b[m\x1b[K\n'}
[5.765100] (ros2_orbslam3) StderrLine: {'line': b'      |                      \x1b[01;31m\x1b[K~~~~~~~~~~~~~~~~~~\x1b[m\x1b[K \n'}
[5.765133] (ros2_orbslam3) StderrLine: {'line': b'  274 | \x1b[01;31m\x1b[K                     const M2ConstPtr&,\x1b[m\x1b[K\n'}
[5.765166] (ros2_orbslam3) StderrLine: {'line': b'      |                      \x1b[01;31m\x1b[K~~~~~~~~~~~~~~~~~~\x1b[m\x1b[K \n'}
[5.765198] (ros2_orbslam3) StderrLine: {'line': b'  275 | \x1b[01;31m\x1b[K                     const M3ConstPtr&,\x1b[m\x1b[K\n'}
[5.765233] (ros2_orbslam3) StderrLine: {'line': b'      |                      \x1b[01;31m\x1b[K~~~~~~~~~~~~~~~~~~\x1b[m\x1b[K \n'}
[5.765267] (ros2_orbslam3) StderrLine: {'line': b'  276 | \x1b[01;31m\x1b[K                     const M4ConstPtr&,\x1b[m\x1b[K\n'}
[5.765299] (ros2_orbslam3) StderrLine: {'line': b'      |                      \x1b[01;31m\x1b[K~~~~~~~~~~~~~~~~~~\x1b[m\x1b[K \n'}
[5.765335] (ros2_orbslam3) StderrLine: {'line': b'  277 | \x1b[01;31m\x1b[K                     const M5ConstPtr&,\x1b[m\x1b[K\n'}
[5.765370] (ros2_orbslam3) StderrLine: {'line': b'      |                      \x1b[01;31m\x1b[K~~~~~~~~~~~~~~~~~~\x1b[m\x1b[K \n'}
[5.765403] (ros2_orbslam3) StderrLine: {'line': b'  278 | \x1b[01;31m\x1b[K                     const M6ConstPtr&,\x1b[m\x1b[K\n'}
[5.765435] (ros2_orbslam3) StderrLine: {'line': b'      |                      \x1b[01;31m\x1b[K~~~~~~~~~~~~~~~~~~\x1b[m\x1b[K \n'}
[5.765468] (ros2_orbslam3) StderrLine: {'line': b'  279 | \x1b[01;31m\x1b[K                     const M7ConstPtr&,\x1b[m\x1b[K\n'}
[5.765501] (ros2_orbslam3) StderrLine: {'line': b'      |                      \x1b[01;31m\x1b[K~~~~~~~~~~~~~~~~~~\x1b[m\x1b[K \n'}
[5.765533] (ros2_orbslam3) StderrLine: {'line': b'  280 | \x1b[01;31m\x1b[K                     const M8ConstPtr&>(std::bind(callback, std::placeholders::_1, std::placeholders::_2, std::placeholders::_3, std::placeholders::_4, std::placeholders::_5, std::placeholders::_6, std::placeholders::_7, std::placeholders::_8, std::placeholders::_9))\x1b[m\x1b[K;\n'}
[5.765573] (ros2_orbslam3) StderrLine: {'line': b'      |                      \x1b[01;31m\x1b[K~~~~~~~~~~~~~~~~~~^~~~~~~~~~~~~~~~~~~~~~~~~~~~~~~~~~~~~~~~~~~~~~~~~~~~~~~~~~~~~~~~~~~~~~~~~~~~~~~~~~~~~~~~~~~~~~~~~~~~~~~~~~~~~~~~~~~~~~~~~~~~~~~~~~~~~~~~~~~~~~~~~~~~~~~~~~~~~~~~~~~~~~~~~~~~~~~~~~~~~~~~~~~~~~~~~~~~~~~~~~~~~~~~~~~~~~~~~~~~~~~~~~~~\x1b[m\x1b[K\n'}
[5.765610] (ros2_orbslam3) StderrLine: {'line': b'\x1b[01m\x1b[K/opt/ros/humble/include/message_filters/message_filters/signal9.h:252:14:\x1b[m\x1b[K \x1b[01;36m\x1b[Knote: \x1b[m\x1b[Kprovided for \xe2\x80\x98\x1b[01m\x1b[Ktemplate<class T, class P0, class P1, class P2, class P3, class P4, class P5> message_filters::Connection message_filters::Signal9<M0, M1, M2, M3, M4, M5, M6, M7, M8>::addCallback(void (T::*)(P0, P1, P2, P3, P4, P5), T*) [with T = T; P0 = P0; P1 = P1; P2 = P2; P3 = P3; P4 = P4; P5 = P5; M0 = sensor_msgs::msg::Image_<std::allocator<void> >; M1 = sensor_msgs::msg::Image_<std::allocator<void> >; M2 = message_filters::NullType; M3 = message_filters::NullType; M4 = message_filters::NullType; M5 = message_filters::NullType; M6 = message_filters::NullType; M7 = message_filters::NullType; M8 = message_filters::NullType]\x1b[m\x1b[K\xe2\x80\x99\n'}
[5.765645] (ros2_orbslam3) StderrLine: {'line': b'  252 |   Connection \x1b[01;36m\x1b[KaddCallback\x1b[m\x1b[K(void(T::*callback)(P0, P1, P2, P3, P4, P5), T* t)\n'}
[5.765678] (ros2_orbslam3) StderrLine: {'line': b'      |              \x1b[01;36m\x1b[K^~~~~~~~~~~\x1b[m\x1b[K\n'}
[5.765712] (ros2_orbslam3) StderrLine: {'line': b'\x1b[01m\x1b[K/opt/ros/humble/include/message_filters/message_filters/signal9.h:258:14:\x1b[m\x1b[K \x1b[01;36m\x1b[Knote: \x1b[m\x1b[Kcandidate: \xe2\x80\x98\x1b[01m\x1b[Ktemplate<class T, class P0, class P1, class P2, class P3, class P4, class P5, class P6> message_filters::Connection message_filters::Signal9<M0, M1, M2, M3, M4, M5, M6, M7, M8>::addCallback(void (T::*)(P0, P1, P2, P3, P4, P5, P6), T*) [with T = T; P0 = P0; P1 = P1; P2 = P2; P3 = P3; P4 = P4; P5 = P5; P6 = P6; M0 = sensor_msgs::msg::Image_<std::allocator<void> >; M1 = sensor_msgs::msg::Image_<std::allocator<void> >; M2 = message_filters::NullType; M3 = message_filters::NullType; M4 = message_filters::NullType; M5 = message_filters::NullType; M6 = message_filters::NullType; M7 = message_filters::NullType; M8 = message_filters::NullType]\x1b[m\x1b[K\xe2\x80\x99\n'}
[5.765751] (ros2_orbslam3) StderrLine: {'line': b'  258 |   Connection \x1b[01;36m\x1b[KaddCallback\x1b[m\x1b[K(void(T::*callback)(P0, P1, P2, P3, P4, P5, P6), T* t)\n'}
[5.765784] (ros2_orbslam3) StderrLine: {'line': b'      |              \x1b[01;36m\x1b[K^~~~~~~~~~~\x1b[m\x1b[K\n'}
[5.765830] (ros2_orbslam3) StderrLine: {'line': b'\x1b[01m\x1b[K/opt/ros/humble/include/message_filters/message_filters/signal9.h:258:14:\x1b[m\x1b[K \x1b[01;36m\x1b[Knote: \x1b[m\x1b[K  template argument deduction/substitution failed:\n'}
[5.765874] (ros2_orbslam3) StderrLine: {'line': b'\x1b[01m\x1b[K/opt/ros/humble/include/message_filters/message_filters/signal9.h:280:40:\x1b[m\x1b[K \x1b[01;31m\x1b[Kerror: \x1b[m\x1b[Kwrong number of template arguments (9, should be 8)\n'}
[5.765911] (ros2_orbslam3) StderrLine: {'line': b'  272 |     return \x1b[01;31m\x1b[KaddCallback<const M0ConstPtr&,\x1b[m\x1b[K\n'}
[5.765945] (ros2_orbslam3) StderrLine: {'line': b'      |            \x1b[01;31m\x1b[K~~~~~~~~~~~~~~~~~~~~~~~~~~~~~~\x1b[m\x1b[K\n'}
[5.765978] (ros2_orbslam3) StderrLine: {'line': b'  273 | \x1b[01;31m\x1b[K                     const M1ConstPtr&,\x1b[m\x1b[K\n'}
[5.766025] (ros2_orbslam3) StderrLine: {'line': b'      |                      \x1b[01;31m\x1b[K~~~~~~~~~~~~~~~~~~\x1b[m\x1b[K \n'}
[5.766059] (ros2_orbslam3) StderrLine: {'line': b'  274 | \x1b[01;31m\x1b[K                     const M2ConstPtr&,\x1b[m\x1b[K\n'}
[5.766091] (ros2_orbslam3) StderrLine: {'line': b'      |                      \x1b[01;31m\x1b[K~~~~~~~~~~~~~~~~~~\x1b[m\x1b[K \n'}
[5.766124] (ros2_orbslam3) StderrLine: {'line': b'  275 | \x1b[01;31m\x1b[K                     const M3ConstPtr&,\x1b[m\x1b[K\n'}
[5.766157] (ros2_orbslam3) StderrLine: {'line': b'      |                      \x1b[01;31m\x1b[K~~~~~~~~~~~~~~~~~~\x1b[m\x1b[K \n'}
[5.766190] (ros2_orbslam3) StderrLine: {'line': b'  276 | \x1b[01;31m\x1b[K                     const M4ConstPtr&,\x1b[m\x1b[K\n'}
[5.766223] (ros2_orbslam3) StderrLine: {'line': b'      |                      \x1b[01;31m\x1b[K~~~~~~~~~~~~~~~~~~\x1b[m\x1b[K \n'}
[5.766256] (ros2_orbslam3) StderrLine: {'line': b'  277 | \x1b[01;31m\x1b[K                     const M5ConstPtr&,\x1b[m\x1b[K\n'}
[5.766291] (ros2_orbslam3) StderrLine: {'line': b'      |                      \x1b[01;31m\x1b[K~~~~~~~~~~~~~~~~~~\x1b[m\x1b[K \n'}
[5.766324] (ros2_orbslam3) StderrLine: {'line': b'  278 | \x1b[01;31m\x1b[K                     const M6ConstPtr&,\x1b[m\x1b[K\n'}
[5.766357] (ros2_orbslam3) StderrLine: {'line': b'      |                      \x1b[01;31m\x1b[K~~~~~~~~~~~~~~~~~~\x1b[m\x1b[K \n'}
[5.766392] (ros2_orbslam3) StderrLine: {'line': b'  279 | \x1b[01;31m\x1b[K                     const M7ConstPtr&,\x1b[m\x1b[K\n'}
[5.766424] (ros2_orbslam3) StderrLine: {'line': b'      |                      \x1b[01;31m\x1b[K~~~~~~~~~~~~~~~~~~\x1b[m\x1b[K \n'}
[5.766456] (ros2_orbslam3) StderrLine: {'line': b'  280 | \x1b[01;31m\x1b[K                     const M8ConstPtr&>(std::bind(callback, std::placeholders::_1, std::placeholders::_2, std::placeholders::_3, std::placeholders::_4, std::placeholders::_5, std::placeholders::_6, std::placeholders::_7, std::placeholders::_8, std::placeholders::_9))\x1b[m\x1b[K;\n'}
[5.766490] (ros2_orbslam3) StderrLine: {'line': b'      |                      \x1b[01;31m\x1b[K~~~~~~~~~~~~~~~~~~^~~~~~~~~~~~~~~~~~~~~~~~~~~~~~~~~~~~~~~~~~~~~~~~~~~~~~~~~~~~~~~~~~~~~~~~~~~~~~~~~~~~~~~~~~~~~~~~~~~~~~~~~~~~~~~~~~~~~~~~~~~~~~~~~~~~~~~~~~~~~~~~~~~~~~~~~~~~~~~~~~~~~~~~~~~~~~~~~~~~~~~~~~~~~~~~~~~~~~~~~~~~~~~~~~~~~~~~~~~~~~~~~~~~\x1b[m\x1b[K\n'}
[5.766523] (ros2_orbslam3) StderrLine: {'line': b'\x1b[01m\x1b[K/opt/ros/humble/include/message_filters/message_filters/signal9.h:258:14:\x1b[m\x1b[K \x1b[01;36m\x1b[Knote: \x1b[m\x1b[Kprovided for \xe2\x80\x98\x1b[01m\x1b[Ktemplate<class T, class P0, class P1, class P2, class P3, class P4, class P5, class P6> message_filters::Connection message_filters::Signal9<M0, M1, M2, M3, M4, M5, M6, M7, M8>::addCallback(void (T::*)(P0, P1, P2, P3, P4, P5, P6), T*) [with T = T; P0 = P0; P1 = P1; P2 = P2; P3 = P3; P4 = P4; P5 = P5; P6 = P6; M0 = sensor_msgs::msg::Image_<std::allocator<void> >; M1 = sensor_msgs::msg::Image_<std::allocator<void> >; M2 = message_filters::NullType; M3 = message_filters::NullType; M4 = message_filters::NullType; M5 = message_filters::NullType; M6 = message_filters::NullType; M7 = message_filters::NullType; M8 = message_filters::NullType]\x1b[m\x1b[K\xe2\x80\x99\n'}
[5.766562] (ros2_orbslam3) StderrLine: {'line': b'  258 |   Connection \x1b[01;36m\x1b[KaddCallback\x1b[m\x1b[K(void(T::*callback)(P0, P1, P2, P3, P4, P5, P6), T* t)\n'}
[5.766600] (ros2_orbslam3) StderrLine: {'line': b'      |              \x1b[01;36m\x1b[K^~~~~~~~~~~\x1b[m\x1b[K\n'}
[5.766635] (ros2_orbslam3) StderrLine: {'line': b'\x1b[01m\x1b[K/opt/ros/humble/include/message_filters/message_filters/signal9.h:264:14:\x1b[m\x1b[K \x1b[01;36m\x1b[Knote: \x1b[m\x1b[Kcandidate: \xe2\x80\x98\x1b[01m\x1b[Ktemplate<class T, class P0, class P1, class P2, class P3, class P4, class P5, class P6, class P7> message_filters::Connection message_filters::Signal9<M0, M1, M2, M3, M4, M5, M6, M7, M8>::addCallback(void (T::*)(P0, P1, P2, P3, P4, P5, P6, P7), T*) [with T = T; P0 = P0; P1 = P1; P2 = P2; P3 = P3; P4 = P4; P5 = P5; P6 = P6; P7 = P7; M0 = sensor_msgs::msg::Image_<std::allocator<void> >; M1 = sensor_msgs::msg::Image_<std::allocator<void> >; M2 = message_filters::NullType; M3 = message_filters::NullType; M4 = message_filters::NullType; M5 = message_filters::NullType; M6 = message_filters::NullType; M7 = message_filters::NullType; M8 = message_filters::NullType]\x1b[m\x1b[K\xe2\x80\x99\n'}
[5.766671] (ros2_orbslam3) StderrLine: {'line': b'  264 |   Connection \x1b[01;36m\x1b[KaddCallback\x1b[m\x1b[K(void(T::*callback)(P0, P1, P2, P3, P4, P5, P6, P7), T* t)\n'}
[5.766705] (ros2_orbslam3) StderrLine: {'line': b'      |              \x1b[01;36m\x1b[K^~~~~~~~~~~\x1b[m\x1b[K\n'}
[5.766739] (ros2_orbslam3) StderrLine: {'line': b'\x1b[01m\x1b[K/opt/ros/humble/include/message_filters/message_filters/signal9.h:264:14:\x1b[m\x1b[K \x1b[01;36m\x1b[Knote: \x1b[m\x1b[K  template argument deduction/substitution failed:\n'}
[5.766773] (ros2_orbslam3) StderrLine: {'line': b'/opt/ros/humble/include/message_filters/message_filters/signal9.h: In substitution of \xe2\x80\x98\x1b[01m\x1b[Ktemplate<class T, class P0, class P1, class P2, class P3, class P4, class P5, class P6, class P7> message_filters::Connection message_filters::Signal9<sensor_msgs::msg::Image_<std::allocator<void> >, sensor_msgs::msg::Image_<std::allocator<void> >, message_filters::NullType, message_filters::NullType, message_filters::NullType, message_filters::NullType, message_filters::NullType, message_filters::NullType, message_filters::NullType>::addCallback<T, P0, P1, P2, P3, P4, P5, P6, P7>(void (T::*)(P0, P1, P2, P3, P4, P5, P6, P7), T*) [with T = const std::shared_ptr<const sensor_msgs::msg::Image_<std::allocator<void> > >&; P0 = const std::shared_ptr<const sensor_msgs::msg::Image_<std::allocator<void> > >&; P1 = const std::shared_ptr<const message_filters::NullType>&; P2 = const std::shared_ptr<const message_filters::NullType>&; P3 = const std::shared_ptr<const message_filters::NullType>&; P4 = const std::shared_ptr<const message_filters::NullType>&; P5 = const std::shared_ptr<const message_filters::NullType>&; P6 = const std::shared_ptr<const message_filters::NullType>&; P7 = const std::shared_ptr<const message_filters::NullType>&]\x1b[m\x1b[K\xe2\x80\x99:\n'}
[5.766815] (ros2_orbslam3) StderrLine: {'line': b'\x1b[01m\x1b[K/opt/ros/humble/include/message_filters/message_filters/signal9.h:280:40:\x1b[m\x1b[K   required from \xe2\x80\x98\x1b[01m\x1b[Kmessage_filters::Connection message_filters::Signal9<M0, M1, M2, M3, M4, M5, M6, M7, M8>::addCallback(C&) [with C = const std::_Bind<void (StereoSLAMNode::*(StereoSLAMNode*, std::_Placeholder<1>, std::_Placeholder<2>))(std::shared_ptr<sensor_msgs::msg::Image_<std::allocator<void> > >, std::shared_ptr<sensor_msgs::msg::Image_<std::allocator<void> > >)>; M0 = sensor_msgs::msg::Image_<std::allocator<void> >; M1 = sensor_msgs::msg::Image_<std::allocator<void> >; M2 = message_filters::NullType; M3 = message_filters::NullType; M4 = message_filters::NullType; M5 = message_filters::NullType; M6 = message_filters::NullType; M7 = message_filters::NullType; M8 = message_filters::NullType]\x1b[m\x1b[K\xe2\x80\x99\n'}
[5.766854] (ros2_orbslam3) StderrLine: {'line': b'\x1b[01m\x1b[K/opt/ros/humble/include/message_filters/message_filters/synchronizer.h:298:31:\x1b[m\x1b[K   required from \xe2\x80\x98\x1b[01m\x1b[Kmessage_filters::Connection message_filters::Synchronizer<Policy>::registerCallback(const C&) [with C = std::_Bind<void (StereoSLAMNode::*(StereoSLAMNode*, std::_Placeholder<1>, std::_Placeholder<2>))(std::shared_ptr<sensor_msgs::msg::Image_<std::allocator<void> > >, std::shared_ptr<sensor_msgs::msg::Image_<std::allocator<void> > >)>; Policy = message_filters::sync_policies::ApproximateTime<sensor_msgs::msg::Image_<std::allocator<void> >, sensor_msgs::msg::Image_<std::allocator<void> > >]\x1b[m\x1b[K\xe2\x80\x99\n'}
[5.766892] (ros2_orbslam3) StderrLine: {'line': b'\x1b[01m\x1b[K/home/henrique/ws_visao/kinect-orbslam-ws/src/ros2_orbslam3/src/stereo/stereo-slam-node.cpp:71:38:\x1b[m\x1b[K   required from here\n'}
[5.766925] (ros2_orbslam3) StderrLine: {'line': b'\x1b[01m\x1b[K/opt/ros/humble/include/message_filters/message_filters/signal9.h:264:14:\x1b[m\x1b[K \x1b[01;31m\x1b[Kerror: \x1b[m\x1b[Kforming pointer to reference type \xe2\x80\x98\x1b[01m\x1b[Kconst std::shared_ptr<const sensor_msgs::msg::Image_<std::allocator<void> > >&\x1b[m\x1b[K\xe2\x80\x99\n'}
[5.766959] (ros2_orbslam3) StderrLine: {'line': b'/opt/ros/humble/include/message_filters/message_filters/signal9.h: In instantiation of \xe2\x80\x98\x1b[01m\x1b[Kmessage_filters::Connection message_filters::Signal9<M0, M1, M2, M3, M4, M5, M6, M7, M8>::addCallback(C&) [with C = const std::_Bind<void (StereoSLAMNode::*(StereoSLAMNode*, std::_Placeholder<1>, std::_Placeholder<2>))(std::shared_ptr<sensor_msgs::msg::Image_<std::allocator<void> > >, std::shared_ptr<sensor_msgs::msg::Image_<std::allocator<void> > >)>; M0 = sensor_msgs::msg::Image_<std::allocator<void> >; M1 = sensor_msgs::msg::Image_<std::allocator<void> >; M2 = message_filters::NullType; M3 = message_filters::NullType; M4 = message_filters::NullType; M5 = message_filters::NullType; M6 = message_filters::NullType; M7 = message_filters::NullType; M8 = message_filters::NullType]\x1b[m\x1b[K\xe2\x80\x99:\n'}
[5.766995] (ros2_orbslam3) StderrLine: {'line': b'\x1b[01m\x1b[K/opt/ros/humble/include/message_filters/message_filters/synchronizer.h:298:31:\x1b[m\x1b[K   required from \xe2\x80\x98\x1b[01m\x1b[Kmessage_filters::Connection message_filters::Synchronizer<Policy>::registerCallback(const C&) [with C = std::_Bind<void (StereoSLAMNode::*(StereoSLAMNode*, std::_Placeholder<1>, std::_Placeholder<2>))(std::shared_ptr<sensor_msgs::msg::Image_<std::allocator<void> > >, std::shared_ptr<sensor_msgs::msg::Image_<std::allocator<void> > >)>; Policy = message_filters::sync_policies::ApproximateTime<sensor_msgs::msg::Image_<std::allocator<void> >, sensor_msgs::msg::Image_<std::allocator<void> > >]\x1b[m\x1b[K\xe2\x80\x99\n'}
[5.767030] (ros2_orbslam3) StderrLine: {'line': b'\x1b[01m\x1b[K/home/henrique/ws_visao/kinect-orbslam-ws/src/ros2_orbslam3/src/stereo/stereo-slam-node.cpp:71:38:\x1b[m\x1b[K   required from here\n'}
[5.767064] (ros2_orbslam3) StderrLine: {'line': b'\x1b[01m\x1b[K/opt/ros/humble/include/message_filters/message_filters/signal9.h:270:14:\x1b[m\x1b[K \x1b[01;36m\x1b[Knote: \x1b[m\x1b[Kcandidate: \xe2\x80\x98\x1b[01m\x1b[Ktemplate<class C> message_filters::Connection message_filters::Signal9<M0, M1, M2, M3, M4, M5, M6, M7, M8>::addCallback(C&) [with C = C; M0 = sensor_msgs::msg::Image_<std::allocator<void> >; M1 = sensor_msgs::msg::Image_<std::allocator<void> >; M2 = message_filters::NullType; M3 = message_filters::NullType; M4 = message_filters::NullType; M5 = message_filters::NullType; M6 = message_filters::NullType; M7 = message_filters::NullType; M8 = message_filters::NullType]\x1b[m\x1b[K\xe2\x80\x99\n'}
[5.767102] (ros2_orbslam3) StderrLine: {'line': b'  270 |   Connection \x1b[01;36m\x1b[KaddCallback\x1b[m\x1b[K( C& callback)\n'}
[5.767135] (ros2_orbslam3) StderrLine: {'line': b'      |              \x1b[01;36m\x1b[K^~~~~~~~~~~\x1b[m\x1b[K\n'}
[5.767169] (ros2_orbslam3) StderrLine: {'line': b'\x1b[01m\x1b[K/opt/ros/humble/include/message_filters/message_filters/signal9.h:270:14:\x1b[m\x1b[K \x1b[01;36m\x1b[Knote: \x1b[m\x1b[K  template argument deduction/substitution failed:\n'}
[5.767206] (ros2_orbslam3) StderrLine: {'line': b'\x1b[01m\x1b[K/opt/ros/humble/include/message_filters/message_filters/signal9.h:280:40:\x1b[m\x1b[K \x1b[01;31m\x1b[Kerror: \x1b[m\x1b[Kwrong number of template arguments (9, should be 1)\n'}
[5.767241] (ros2_orbslam3) StderrLine: {'line': b'  272 |     return \x1b[01;31m\x1b[KaddCallback<const M0ConstPtr&,\x1b[m\x1b[K\n'}
[5.767275] (ros2_orbslam3) StderrLine: {'line': b'      |            \x1b[01;31m\x1b[K~~~~~~~~~~~~~~~~~~~~~~~~~~~~~~\x1b[m\x1b[K\n'}
[5.767309] (ros2_orbslam3) StderrLine: {'line': b'  273 | \x1b[01;31m\x1b[K                     const M1ConstPtr&,\x1b[m\x1b[K\n'}
[5.767341] (ros2_orbslam3) StderrLine: {'line': b'      |                      \x1b[01;31m\x1b[K~~~~~~~~~~~~~~~~~~\x1b[m\x1b[K \n'}
[5.767374] (ros2_orbslam3) StderrLine: {'line': b'  274 | \x1b[01;31m\x1b[K                     const M2ConstPtr&,\x1b[m\x1b[K\n'}
[5.767407] (ros2_orbslam3) StderrLine: {'line': b'      |                      \x1b[01;31m\x1b[K~~~~~~~~~~~~~~~~~~\x1b[m\x1b[K \n'}
[5.767440] (ros2_orbslam3) StderrLine: {'line': b'  275 | \x1b[01;31m\x1b[K                     const M3ConstPtr&,\x1b[m\x1b[K\n'}
[5.767474] (ros2_orbslam3) StderrLine: {'line': b'      |                      \x1b[01;31m\x1b[K~~~~~~~~~~~~~~~~~~\x1b[m\x1b[K \n'}
[5.767507] (ros2_orbslam3) StderrLine: {'line': b'  276 | \x1b[01;31m\x1b[K                     const M4ConstPtr&,\x1b[m\x1b[K\n'}
[5.767540] (ros2_orbslam3) StderrLine: {'line': b'      |                      \x1b[01;31m\x1b[K~~~~~~~~~~~~~~~~~~\x1b[m\x1b[K \n'}
[5.767580] (ros2_orbslam3) StderrLine: {'line': b'  277 | \x1b[01;31m\x1b[K                     const M5ConstPtr&,\x1b[m\x1b[K\n'}
[5.767614] (ros2_orbslam3) StderrLine: {'line': b'      |                      \x1b[01;31m\x1b[K~~~~~~~~~~~~~~~~~~\x1b[m\x1b[K \n'}
[5.767647] (ros2_orbslam3) StderrLine: {'line': b'  278 | \x1b[01;31m\x1b[K                     const M6ConstPtr&,\x1b[m\x1b[K\n'}
[5.767680] (ros2_orbslam3) StderrLine: {'line': b'      |                      \x1b[01;31m\x1b[K~~~~~~~~~~~~~~~~~~\x1b[m\x1b[K \n'}
[5.767712] (ros2_orbslam3) StderrLine: {'line': b'  279 | \x1b[01;31m\x1b[K                     const M7ConstPtr&,\x1b[m\x1b[K\n'}
[5.767745] (ros2_orbslam3) StderrLine: {'line': b'      |                      \x1b[01;31m\x1b[K~~~~~~~~~~~~~~~~~~\x1b[m\x1b[K \n'}
[5.767778] (ros2_orbslam3) StderrLine: {'line': b'  280 | \x1b[01;31m\x1b[K                     const M8ConstPtr&>(std::bind(callback, std::placeholders::_1, std::placeholders::_2, std::placeholders::_3, std::placeholders::_4, std::placeholders::_5, std::placeholders::_6, std::placeholders::_7, std::placeholders::_8, std::placeholders::_9))\x1b[m\x1b[K;\n'}
[5.767811] (ros2_orbslam3) StderrLine: {'line': b'      |                      \x1b[01;31m\x1b[K~~~~~~~~~~~~~~~~~~^~~~~~~~~~~~~~~~~~~~~~~~~~~~~~~~~~~~~~~~~~~~~~~~~~~~~~~~~~~~~~~~~~~~~~~~~~~~~~~~~~~~~~~~~~~~~~~~~~~~~~~~~~~~~~~~~~~~~~~~~~~~~~~~~~~~~~~~~~~~~~~~~~~~~~~~~~~~~~~~~~~~~~~~~~~~~~~~~~~~~~~~~~~~~~~~~~~~~~~~~~~~~~~~~~~~~~~~~~~~~~~~~~~~\x1b[m\x1b[K\n'}
[5.767843] (ros2_orbslam3) StderrLine: {'line': b'\x1b[01m\x1b[K/opt/ros/humble/include/message_filters/message_filters/signal9.h:270:14:\x1b[m\x1b[K \x1b[01;36m\x1b[Knote: \x1b[m\x1b[Kprovided for \xe2\x80\x98\x1b[01m\x1b[Ktemplate<class C> message_filters::Connection message_filters::Signal9<M0, M1, M2, M3, M4, M5, M6, M7, M8>::addCallback(C&) [with C = C; M0 = sensor_msgs::msg::Image_<std::allocator<void> >; M1 = sensor_msgs::msg::Image_<std::allocator<void> >; M2 = message_filters::NullType; M3 = message_filters::NullType; M4 = message_filters::NullType; M5 = message_filters::NullType; M6 = message_filters::NullType; M7 = message_filters::NullType; M8 = message_filters::NullType]\x1b[m\x1b[K\xe2\x80\x99\n'}
[5.767878] (ros2_orbslam3) StderrLine: {'line': b'  270 |   Connection \x1b[01;36m\x1b[KaddCallback\x1b[m\x1b[K( C& callback)\n'}
[5.767911] (ros2_orbslam3) StderrLine: {'line': b'      |              \x1b[01;36m\x1b[K^~~~~~~~~~~\x1b[m\x1b[K\n'}
[5.816649] (-) TimerEvent: {}
[5.916986] (-) TimerEvent: {}
[6.017331] (-) TimerEvent: {}
[6.117671] (-) TimerEvent: {}
[6.218001] (-) TimerEvent: {}
[6.318269] (-) TimerEvent: {}
[6.418621] (-) TimerEvent: {}
[6.518968] (-) TimerEvent: {}
[6.619313] (-) TimerEvent: {}
[6.719654] (-) TimerEvent: {}
[6.819886] (-) TimerEvent: {}
[6.920175] (-) TimerEvent: {}
[7.020519] (-) TimerEvent: {}
[7.120882] (-) TimerEvent: {}
[7.221224] (-) TimerEvent: {}
[7.321486] (-) TimerEvent: {}
[7.421840] (-) TimerEvent: {}
[7.522177] (-) TimerEvent: {}
[7.622512] (-) TimerEvent: {}
[7.722876] (-) TimerEvent: {}
[7.823206] (-) TimerEvent: {}
[7.923530] (-) TimerEvent: {}
[8.023900] (-) TimerEvent: {}
[8.124162] (-) TimerEvent: {}
[8.224512] (-) TimerEvent: {}
[8.324862] (-) TimerEvent: {}
[8.425207] (-) TimerEvent: {}
[8.525528] (-) TimerEvent: {}
[8.625786] (-) TimerEvent: {}
[8.726058] (-) TimerEvent: {}
[8.826333] (-) TimerEvent: {}
[8.926689] (-) TimerEvent: {}
[9.027028] (-) TimerEvent: {}
[9.127295] (-) TimerEvent: {}
[9.227679] (-) TimerEvent: {}
[9.328030] (-) TimerEvent: {}
[9.428368] (-) TimerEvent: {}
[9.528734] (-) TimerEvent: {}
[9.629103] (-) TimerEvent: {}
[9.729459] (-) TimerEvent: {}
[9.829835] (-) TimerEvent: {}
[9.930165] (-) TimerEvent: {}
[10.030509] (-) TimerEvent: {}
[10.130867] (-) TimerEvent: {}
[10.231209] (-) TimerEvent: {}
[10.331597] (-) TimerEvent: {}
[10.431945] (-) TimerEvent: {}
[10.532292] (-) TimerEvent: {}
[10.632646] (-) TimerEvent: {}
[10.732992] (-) TimerEvent: {}
[10.833351] (-) TimerEvent: {}
[10.933693] (-) TimerEvent: {}
[11.034038] (-) TimerEvent: {}
[11.134381] (-) TimerEvent: {}
[11.234726] (-) TimerEvent: {}
[11.335003] (-) TimerEvent: {}
[11.435340] (-) TimerEvent: {}
[11.535662] (-) TimerEvent: {}
[11.636011] (-) TimerEvent: {}
[11.736285] (-) TimerEvent: {}
[11.836550] (-) TimerEvent: {}
[11.936812] (-) TimerEvent: {}
[11.963470] (ros2_orbslam3) StderrLine: {'line': b'gmake[2]: *** [CMakeFiles/stereo.dir/build.make:90: CMakeFiles/stereo.dir/src/stereo/stereo-slam-node.cpp.o] Error 1\n'}
[11.963631] (ros2_orbslam3) StderrLine: {'line': b'gmake[1]: *** [CMakeFiles/Makefile2:193: CMakeFiles/stereo.dir/all] Error 2\n'}
[11.963819] (ros2_orbslam3) StderrLine: {'line': b'gmake: *** [Makefile:146: all] Error 2\n'}
[11.965453] (ros2_orbslam3) CommandEnded: {'returncode': 2}
[11.974316] (ros2_orbslam3) JobEnded: {'identifier': 'ros2_orbslam3', 'rc': 2}
[11.996886] (-) EventReactorShutdown: {}
